row_id,word,orig_CEFR,new_CEFR,orig_JP,new_JP,orig_IPA,new_IPA,orig_Ex,new_Ex,orig_Ex_JP,new_Ex_JP,reasons
2,can,A1,A1,缶,〜できる、缶,/ˈkænz/,/kæn/,Please recycle the empty cans.,I can speak English and Japanese.,空き缶をリサイクルしてください。,私は英語と日本語を話すことができます。,精査マスター辞書による完全整合化
3,will,A1,A1,意志力・遺言書 [名],〜だろう、意志,/wɪl/,/wɪl/,Strong will is key to overcoming difficulties.,I will call you tomorrow morning.,強い意志が困難を克服する鍵となります。,明日の朝あなたに電話します。,精査マスター辞書による完全整合化
4,like,A1,A1,好き,好き、〜のような,/ˈlaɪks/,/laɪk/,She likes to read books.,I like listening to classical music.,彼女は本を読むのが好きです。,私はクラシック音楽を聴くのが好きです。,精査マスター辞書による完全整合化
5,out,A1,A1,アウト,外へ、外に、外出して,/ˈaʊts/,/aʊt/,He got three outs in a row.,Let us go out for lunch together.,彼は３連続でアウトを取りました。,一緒にお昼ご飯を食べに外へ行きましょう。,精査マスター辞書による完全整合化
6,more,A1,A1,慣習、社会規範,もっと、より多くの,/ˈmɔˌreɪz/,/mɔːr/,They discussed the cultural mores of the region.,I need more time to finish the work.,彼らはその地域の文化的慣習について議論した。,仕事を終わらせるためにもっと時間が必要です。,精査マスター辞書による完全整合化
14,see,A1,A1,見る,見る、会う、わかる,/ˈsiːz/,/siː/,She sees the moon at night.,I can see the ocean from my window.,彼女は夜に月を見ます。,窓から海が見えます。,精査マスター辞書による完全整合化
16,make,A1,A1,作る,作る、〜にする,/ˈmeɪks/,/meɪk/,She makes the best cookies.,She wants to make a fresh salad.,彼女は最高のクッキーを作ります。,彼女は新鮮なサラダを作りたいと思っています。,精査マスター辞書による完全整合化
19,us,A1,A1,使用する,私たちを、私たちに,/ˈjuːsəz/,/ʌs/,The company uses advanced technology.,She gave us a warm welcome.,その会社は高度な技術を使用しています。,彼女は私たちを温かく歓迎してくれた。,精査マスター辞書による完全整合化
21,go,A1,A1,行く,行く、進む,/ˈɡoʊz/,/ɡoʊ/,He goes to school every day.,I go to school by bicycle every day.,彼は毎日学校へ行く。,私は毎日自転車で学校へ行きます。,精査マスター辞書による完全整合化
29,year,A1,A1,年,年、1年,/ˈjɪr/,/jɪr/,I was born in 1990.,We traveled abroad twice this year.,私は1990年に生まれた。,私たちは今年2回海外旅行をしました。,精査マスター辞書による完全整合化
38,life,A1,A1,生きる,人生、生活、命,/ˈlɪvz/,/laɪf/,She lives in London.,He enjoys a healthy and active life.,彼女はロンドンに住んでいます。,彼は健康的で活動的な生活を楽しんでいます。,精査マスター辞書による完全整合化
39,say,A1,A1,言う,言う、述べる,/ˈsɛz/,/seɪ/,She says she is happy.,What did you say to the teacher?,彼女は幸せだと言っている。,先生に何と言ったのですか？,精査マスター辞書による完全整合化
41,down,A1,A1,ダウンする、落ち込む,下へ、下に、落ちて,/ˈdaʊnz/,/daʊn/,He has been feeling downs recently.,Please sit down on this comfortable sofa.,彼は最近落ち込んでいる。,この心地よいソファにお座りください。,精査マスター辞書による完全整合化
49,use,A1,A1,使う,使う、使用する,/ˈjuːs/,/jˈuːs/,I use a computer for work.,You can use my laptop whenever you want.,私は仕事でコンピュータを使う。,いつでも好きな時に私のノートパソコンを使っていいですよ。,精査マスター辞書による完全整合化 / 屈折IPAの原形化
64,house,A1,A1,家,家、住宅,/ˈhaʊs/,/hˈaʊs/,They live in a small house.,They bought a beautiful house near the park.,彼らは小さな家に住んでいる。,彼らは公園の近くに美しい家を買いました。,精査マスター辞書による完全整合化 / 屈折IPAの原形化
76,put,A1,A1,置く,置く、入れる,/ˈpʊts/,/pʊt/,She puts the book on the table.,Please put the keys on the counter.,彼女は本をテーブルに置く。,鍵をカウンターの上に置いてください。,精査マスター辞書による完全整合化
83,lot,A1,A1,たくさん,たくさん、多くのこと,/ˈlɑts/,/lɑːt/,There are lots of apples in the basket.,Thank you a lot for your kind help.,バスケットにたくさんのリンゴがあります。,ご親切に手伝っていただき、本当にありがとうございます。,精査マスター辞書による完全整合化
85,night,A1,A1,夜,夜、晩,/ˈnaɪts/,/naɪt/,We spent many nights camping in the forest.,The stars look so beautiful tonight.,私たちは森で何度もキャンプをしました。,今夜は星がとても美しく見えます。,精査マスター辞書による完全整合化
88,let,A1,A1,～しよう,〜させる、〜しよう,/ˈlɛts/,/let/,Let's go to the park.,Please let me know your final decision.,公園に行きましょう。,あなたの最終的な決定を私に教えてください。,精査マスター辞書による完全整合化
125,white,A1,A1,白,白い、白色,/ˈwaɪts/,/waɪt/,She wore a white dress.,She wore a lovely white dress to the party.,彼女は白いドレスを着ていました。,彼女はパーティーに素敵な白いドレスを着ていきました。,精査マスター辞書による完全整合化
134,order,A1,A1,注文,注文、順番、命令,/ˈɔrdərz/,/ˈɔːrdɚ/,We have to process the orders today.,Are you ready to order your food?,今日、私たちは注文を処理しなければなりません。,お料理のご注文はお決まりですか？,精査マスター辞書による完全整合化
146,car,A1,A1,車,車,/ˈkɑrz/,/kˈɑːr/,The cars are driving on the road.,The car are driving on the road.,車が道路を走っています。,車が道路を走っています。,屈折IPAの原形化 / 例文の原形主語整合化
151,course,A1,A1,コース,コース,/ˈkɔrs/,/kˈɔːrs/,Which course are you taking?,Which course are you taking?,どのコースを受講していますか？,どのコースを受講していますか？,屈折IPAの原形化
169,body,A1,A1,体,体,/ˈbɑdiz/,/bˈɑːdiː/,Our bodies need exercise and healthy food.,Our bodies need exercise and healthy food.,私たちの体には運動と健康的な食べ物が必要です。,私たちの体には運動と健康的な食べ物が必要です。,屈折IPAの原形化
171,food,A1,A1,食べ物,食べ物,/ˈfuːdz/,/fˈuːd/,There are many different foods at the market.,There are many different food at the market.,市場にはたくさんのさまざまな食べ物があります。,市場にはたくさんのさまざまな食べ物があります。,屈折IPAの原形化 / 例文の原形主語整合化
172,office,A1,A1,オフィス,オフィス,/ˈɔfəs/,/ˈɔːfəs/,She works at the office.,She works at the office.,彼女はオフィスで働いています。,彼女はオフィスで働いています。,屈折IPAの原形化
179,room,A1,A1,部屋,部屋,/ˈruːmz/,/rˈuːm/,The hotel has many rooms for guests.,The hotel has many room for guests.,そのホテルには宿泊客のための部屋がたくさんある。,そのホテルには宿泊客のための部屋がたくさんある。,屈折IPAの原形化 / 例文の原形主語整合化
182,university,A1,A1,大学,大学,/ˌjuːnəˈvɜːrsətiz/,/jˌuːnəvˈɜːrsətiː/,There are many universities in the city.,There are many universities in the city.,その都市にはたくさんの大学がある。,その都市にはたくさんの大学がある。,屈折IPAの原形化
183,win,A1,A1,勝利,勝利,/ˈwɪnz/,/wˈɪn/,The team wins the championship.,The team win the championship.,そのチームは選手権に勝利する。,そのチームは選手権に勝利する。,屈折IPAの原形化 / 例文の原形主語整合化
185,else,A1,A1,他に,他に,/ˈɛls/,/ˈels/,What else can I do?,What else can I do?,他に何ができる？,他に何ができる？,屈折IPAの原形化
186,girl,A1,A1,女の子たち,女の子たち,/ˈɡɜːrlz/,/ɡˈɜːrl/,The girls were laughing and chatting.,The girl were laughing and chatting.,女の子たちは笑ったりおしゃべりしたりしていました。,女の子たちは笑ったりおしゃべりしたりしていました。,屈折IPAの原形化 / 例文の原形主語整合化
191,nice,A1,A1,良い,良い,/ˈnaɪs/,/nˈaɪs/,It's a very nice day.,It's a very nice day.,今日はとても良い日です。,今日はとても良い日です。,屈折IPAの原形化
197,close,A1,A1,閉じる,閉じる,/ˈkloʊzɪz/,/klˈoʊs/,The store closes at 9 PM.,The store close at 9 PM.,その店は午後9時に閉店します。,その店は午後9時に閉店します。,屈折IPAの原形化 / 例文の原形主語整合化
198,idea,A1,A1,アイデア,アイデア,/aɪˈdiːəz/,/aɪdˈiːə/,We need some new ideas for the project.,We need some new idea for the project.,私たちはプロジェクトのためのいくつかの新しいアイデアが必要です。,私たちはプロジェクトのためのいくつかの新しいアイデアが必要です。,屈折IPAの原形化 / 例文の原形主語整合化
215,million,A1,A1,数百万,数百万,/ˈmɪljənz/,/mˈɪljən/,There are millions of stars in the sky.,There are million of stars in the sky.,空には数百万の星があります。,空には数百万の星があります。,屈折IPAの原形化 / 例文の原形主語整合化
217,police,A1,A1,警察,警察,/pəˈliːs/,/pəlˈiːs/,The police arrived at the scene.,The police arrived at the scene.,警察が現場に到着した。,警察が現場に到着した。,屈折IPAの原形化
222,reason,A1,A1,理由,理由,/ˈriːzənz/,/rˈiːzən/,There are many reasons to be happy.,There are many reason to be happy.,幸せになる理由はたくさんあります。,幸せになる理由はたくさんあります。,屈折IPAの原形化 / 例文の原形主語整合化
226,turn,A1,A1,曲がる,曲がる,/ˈtɜːrnz/,/tˈɜːrn/,Turn left at the corner.,Turn left at the corner.,角を左に曲がってください。,角を左に曲がってください。,屈折IPAの原形化
227,check,A1,A1,チェック,チェック,/ˈtʃɛks/,/tʃˈek/,He always checks his email in the morning.,He always check his email in the morning.,彼はいつも朝にメールをチェックします。,私はいつも朝にメールをチェックします。,屈折IPAの原形化 / 例文の原形主語整合化
234,art,A1,A1,芸術,芸術,/ˈɑrts/,/ˈɑːrt/,The arts are important to society.,The art are important to society.,芸術は社会にとって重要だ。,芸術は社会にとって重要だ。,屈折IPAの原形化 / 例文の原形主語整合化
247,son,A1,A1,息子たち,息子たち,/ˈsʌnz/,/sˈʌn/,She has two sons.,She has two son.,彼女には2人の息子がいます。,彼女には2人の息子がいます。,屈折IPAの原形化 / 例文の原形主語整合化
250,college,A1,A1,大学,大学,/ˈkɑlɪdʒɪz/,/kˈɑːlɪdʒ/,She applied to several colleges in the state.,She applied to several college in the state.,彼女は州内のいくつかの大学に応募した。,私は州内のいくつかの大学に応募した。,屈折IPAの原形化 / 例文の原形主語整合化
257,word,A1,A1,単語,単語,/ˈwɜːrdz/,/wˈɜːrd/,Learn new words every day.,Learn new word every day.,毎日新しい単語を学びましょう。,毎日新しい単語を学びましょう。,屈折IPAの原形化 / 例文の原形主語整合化
260,month,A1,A1,数ヶ月,数ヶ月,/ˈmʌnθs/,/mˈʌnθ/,We haven't seen each other for months.,We haven't seen each other for month.,私たちは数ヶ月会っていません。,私たちは数ヶ月会っていません。,屈折IPAの原形化 / 例文の原形主語整合化
265,mother,A1,A1,母親たち,母親たち,/ˈmʌðərz/,/mˈʌðɚ/,The mothers were chatting at the park.,The mother were chatting at the park.,母親たちは公園でおしゃべりをしていました。,母親たちは公園でおしゃべりをしていました。,屈折IPAの原形化 / 例文の原形主語整合化
270,space,A1,A1,空間,空間,/ˈspeɪsəz/,/spˈeɪs/,There are many parking spaces available in the lot.,There are many parking space available in the lot.,その駐車場には多くの駐車スペースがある。,その駐車場には多くの駐車スペースがある。,屈折IPAの原形化 / 例文の原形主語整合化
272,wife,A1,A1,妻たち,妻たち,/ˈwaɪvz/,/wˈaɪf/,The men are talking about their wives.,The men are talking about their wives.,男たちは妻たちのことを話しています。,男たちは妻たちのことを話しています。,屈折IPAの原形化
280,club,A1,A1,クラブ,クラブ,/ˈklʌbz/,/klˈʌb/,He plays for one of the local football clubs.,He plays for one of the local football club.,彼は地元のフットボールクラブの1つでプレーしています。,私は地元のフットボールクラブの1つでプレーしています。,屈折IPAの原形化 / 例文の原形主語整合化
289,test,A1,A1,テスト,テスト,/ˈtɛsts/,/tˈest/,I have several tests next week.,I have several test next week.,来週、いくつかのテストがあります。,来週、いくつかのテストがあります。,屈折IPAの原形化 / 例文の原形主語整合化
297,design,A1,A1,デザイン,デザイン,/dɪˈzaɪnz/,/dɪzˈaɪn/,The architect presented several different designs for the new building.,The architect presented several different design for the new building.,建築家は新しい建物のためにいくつかの異なるデザインを提示しました。,建築家は新しい建物のためにいくつかの異なるデザインを提示しました。,屈折IPAの原形化 / 例文の原形主語整合化
306,meeting,A1,A1,会議,会議,/ˈmiːtɪŋz/,/mˈiːtɪŋ/,I have a lot of meetings today.,I have a lot of meeting today.,今日はたくさんの会議がある。,今日はたくさんの会議がある。,屈折IPAの原形化 / 例文の原形主語整合化
314,drive,A1,A1,運転する,運転する,/ˈdraɪvz/,/drˈaɪv/,She drives to work every morning.,I drive to work every morning.,彼女は毎朝車で仕事に行く。,私は毎朝車で仕事に行く。,屈折IPAの原形化 / 例文の原形主語整合化
323,science,A1,A1,科学,科学,/ˈsaɪənsəz/,/sˈaɪəns/,She is studying the natural sciences.,She is studying the natural science.,彼女は自然科学を学んでいる。,私は自然科学を学んでいる。,屈折IPAの原形化 / 例文の原形主語整合化
327,hate,A1,A1,嫌っている,嫌っている,/ˈheɪts/,/hˈeɪt/,She hates being late.,I hate being late.,彼女は遅れるのが嫌いだ。,私は遅れるのが嫌いだ。,屈折IPAの原形化 / 例文の原形主語整合化
329,send,A1,A1,送る,送る,/ˈsɛndz/,/sˈend/,She sends a letter to her friend.,I send a letter to her friend.,彼女は友達に手紙を送る。,私は友達に手紙を送る。,屈折IPAの原形化 / 例文の原形主語整合化
330,style,A1,A1,スタイル,スタイル,/ˈstaɪlz/,/stˈaɪl/,Everyone has their own unique styles.,Everyone has their own unique style.,誰もが独自のスタイルを持っている。,誰もが独自のスタイルを持っている。,屈折IPAの原形化 / 例文の原形主語整合化
332,complete,A1,A1,完了する,完了する,/kəˈmpliːts/,/kəmplˈiːt/,He completes his homework quickly.,I complete his homework quickly.,彼は宿題をすぐに完了する。,私は宿題をすぐに完了する。,屈折IPAの原形化 / 例文の原形主語整合化
334,language,A1,A1,言語,言語,/ˈlæŋɡwədʒəz/,/lˈæŋɡwədʒ/,How many languages do you speak?,How many language do you speak?,あなたはいくつ言語を話せますか？,あなたはいくつ言語を話せますか？,屈折IPAの原形化 / 例文の原形主語整合化
336,article,A1,A1,記事,記事,/ˈɑrtəkəlz/,/ˈɑːrtəkəl/,She writes articles for a magazine.,She writes article for a magazine.,彼女は雑誌に記事を書いている。,私は雑誌に記事を書いている。,屈折IPAの原形化 / 例文の原形主語整合化
338,enjoy,A1,A1,楽しむ,楽しむ,/ɛˈndʒɔɪz/,/endʒˈɔɪ/,He enjoys playing the piano.,I enjoy playing the piano.,彼はピアノを弾くのを楽しむ。,私はピアノを弾くのを楽しむ。,屈折IPAの原形化 / 例文の原形主語整合化
340,situation,A1,A1,状況,状況,/ˌsɪtʃuˈeɪʃənz/,/sˌɪtʃuːˈeɪʃən/,They have to deal with many difficult situations in their job.,They have to deal with many difficult situation in their job.,彼らは仕事で多くの難しい状況に対処しなければならない。,彼らは仕事で多くの難しい状況に対処しなければならない。,屈折IPAの原形化 / 例文の原形主語整合化
344,lose,A1,A1,失う,失う,/ˈluːz/,/lˈuːz/,I don't want to lose my keys.,I don't want to lose my keys.,私は鍵を失くしたくない。,私は鍵を失くしたくない。,屈折IPAの原形化
349,daughter,A1,A1,娘たち,娘たち,/ˈdɔtərz/,/dˈɔːtɚ/,They have two beautiful daughters.,They have two beautiful daughter.,彼らには2人の美しい娘がいます。,彼らには2人の美しい娘がいます。,屈折IPAの原形化 / 例文の原形主語整合化
361,practice,A1,A1,練習,練習,/ˈpræktəs/,/prˈæktəs/,Practice makes perfect.,Practice makes perfect.,練習すれば完璧になる。,練習すれば完璧になる。,屈折IPAの原形化
362,sea,A1,A1,海,海,/ˈsiːz/,/sˈiː/,The ship sailed across the seas.,The ship sailed across the sea.,船は海を渡って航海した。,船は海を渡って航海した。,屈折IPAの原形化 / 例文の原形主語整合化
365,table,A1,A1,テーブル,テーブル,/ˈteɪbəlz/,/tˈeɪbəl/,We need more tables for the party.,We need more table for the party.,パーティーのためにもっとテーブルが必要です。,パーティーのためにもっとテーブルが必要です。,屈折IPAの原形化 / 例文の原形主語整合化
367,ball,A1,A1,ボール,ボール,/ˈbɔlz/,/bˈɔːl/,The children are playing with balls.,The children are playing with ball.,子供たちはボールで遊んでいます。,子供たちはボールで遊んでいます。,屈折IPAの原形化 / 例文の原形主語整合化
369,build,A1,A1,建設する,建設する,/ˈbɪldz/,/bˈɪld/,The company builds houses and apartments.,The company build houses and apartments.,その会社は家やアパートを建設している。,その会社は家やアパートを建設している。,屈折IPAの原形化 / 例文の原形主語整合化
371,piece,A1,A1,かけら,かけら,/ˈpiːsəz/,/pˈiːs/,We found some broken pieces of glass.,We found some broken piece of glass.,私たちはいくつかの壊れたガラスのかけらを見つけました。,私たちはいくつかの壊れたガラスのかけらを見つけました。,屈折IPAの原形化 / 例文の原形主語整合化
376,river,A1,A1,川,川,/ˈrɪvərz/,/rˈɪvɚ/,The city has several beautiful rivers running through it.,The city has several beautiful river running through it.,その都市にはいくつかの美しい川が流れている。,その都市にはいくつかの美しい川が流れている。,屈折IPAの原形化 / 例文の原形主語整合化
380,century,A1,A1,世紀,世紀,/ˈsɛntʃəriz/,/sˈentʃɚiː/,It has been here for centuries.,It has been here for centuries.,それは何世紀にもわたってここにある。,それは何世紀にもわたってここにある。,屈折IPAの原形化
382,create,A1,A1,創造する,創造する,/kriˈeɪts/,/kriːˈeɪt/,The artist creates beautiful sculptures.,The artist create beautiful sculptures.,その芸術家は美しい彫刻を創造する。,その芸術家は美しい彫刻を創造する。,屈折IPAの原形化 / 例文の原形主語整合化
384,eye,A1,A1,目,目,/ˈaɪz/,/ˈaɪ/,She has beautiful blue eyes.,She has beautiful blue eye.,彼女は美しい青い目をしています。,私は美しい青い目をしています。,屈折IPAの原形化 / 例文の原形主語整合化
390,difference,A1,A1,違い,違い,/ˈdɪfərəns/,/dˈɪfɚəns/,There is a big difference between the two.,There is a big difference between the two.,その二つの間には大きな違いがある。,その二つの間には大きな違いがある。,屈折IPAの原形化
391,island,A1,A1,島々,島々,/ˈaɪləndz/,/ˈaɪlənd/,There are many beautiful islands.,There are many beautiful island.,美しい島々がたくさんあります。,美しい島々がたくさんあります。,屈折IPAの原形化 / 例文の原形主語整合化
393,station,A1,A1,駅,駅,/ˈsteɪʃənz/,/stˈeɪʃən/,The train stops at several stations.,The train stops at several station.,列車はいくつかの駅に停車します。,列車はいくつかの駅に停車します。,屈折IPAの原形化 / 例文の原形主語整合化
394,beginning,A1,A1,始まり,始まり,/bɪˈɡɪnɪŋz/,/bɪɡˈɪnɪŋ/,The book describes the beginnings of the city.,The book describes the beginning of the city.,その本は都市の始まりを描いています。,その本は都市の始まりを描いています。,屈折IPAの原形化 / 例文の原形主語整合化
399,join,A1,A1,加わる,加わる,/ˈdʒɔɪnz/,/dʒˈɔɪn/,He joins our club next month.,I join our club next month.,彼は来月私たちのクラブに加わる。,私は来月私たちのクラブに加わる。,屈折IPAの原形化 / 例文の原形主語整合化
400,message,A1,A1,メッセージ,メッセージ,/ˈmɛsədʒəz/,/mˈesədʒ/,I received many messages on my birthday.,I received many message on my birthday.,私は誕生日にたくさんのメッセージを受け取りました。,私は誕生日にたくさんのメッセージを受け取りました。,屈折IPAの原形化 / 例文の原形主語整合化
407,sell,A1,A1,売っている,売っている,/ˈsɛlz/,/sˈel/,The store sells a variety of items.,The store sell a variety of items.,その店は様々な商品を売っている。,その店は様々な商品を売っている。,屈折IPAの原形化 / 例文の原形主語整合化
408,agree,A1,A1,同意する,同意する,/əˈɡriːz/,/əɡrˈiː/,He agrees with my opinion.,I agree with my opinion.,彼は私の意見に同意する。,私は私の意見に同意する。,屈折IPAの原形化 / 例文の原形主語整合化
410,computer,A1,A1,コンピューター,コンピューター,/kəˈmpjuːtərz/,/kəmpjˈuːtɚ/,We use computers for our work.,We use computer for our work.,私たちは仕事でコンピューターを使います。,私たちは仕事でコンピューターを使います。,屈折IPAの原形化 / 例文の原形主語整合化
412,spend,A1,A1,費やす,費やす,/ˈspɛndz/,/spˈend/,She spends a lot of time reading.,I spend a lot of time reading.,彼女は読書に多くの時間を費やします。,私は読書に多くの時間を費やします。,屈折IPAの原形化 / 例文の原形主語整合化
413,statement,A1,A1,声明,声明,/ˈsteɪtmənts/,/stˈeɪtmənt/,The politician made several statements.,The politician made several statement.,その政治家はいくつかの声明を発表した。,その政治家はいくつかの声明を発表した。,屈折IPAの原形化 / 例文の原形主語整合化
416,train,A1,A1,電車,電車,/ˈtreɪnz/,/trˈeɪn/,The trains are very crowded during rush hour.,The train are very crowded during rush hour.,電車はラッシュアワーの間、非常に混雑しています。,電車はラッシュアワーの間、非常に混雑しています。,屈折IPAの原形化 / 例文の原形主語整合化
417,dad,A1,A1,お父さんたち,お父さんたち,/ˈdædz/,/dˈæd/,All the dads cheered for their kids.,All the dad cheered for their kids.,すべてのお父さんたちは子供たちを応援しました。,すべてのお父さんたちは子供たちを応援しました。,屈折IPAの原形化 / 例文の原形主語整合化
424,floor,A1,A1,階,階,/ˈflɔrz/,/flˈɔːr/,Their office is on the third floors.,Their office is on the third floor.,彼らのオフィスは3階にあります。,彼らのオフィスは3階にあります。,屈折IPAの原形化 / 例文の原形主語整合化
426,dance,A1,A1,ダンス,ダンス,/ˈdæns/,/dˈæns/,They like to dance to the music.,They like to dance to the music.,彼らは音楽に合わせて踊るのが好きです。,彼らは音楽に合わせて踊るのが好きです。,屈折IPAの原形化
432,choose,A1,A1,選ぶ,選ぶ,/ˈtʃuːz/,/tʃˈuːz/,You can choose any item you like.,You can choose any item you like.,好きな品物を選んでいいですよ。,好きな品物を選んでいいですよ。,屈折IPAの原形化
438,drink,A1,A1,飲む・飲み物,飲む、飲み物,/drɪŋk/,/drɪŋk/,I drink plenty of water every morning.,I always drink a glass of water after waking up.,私は毎朝たくさんの水を飲みます。,私は起きた後にいつもコップ1杯の水を飲みます。,精査マスター辞書による完全整合化
441,machine,A1,A1,機械,機械,/məˈʃiːnz/,/məʃˈiːn/,The factory has many machines.,The factory has many machine.,その工場には多くの機械があります。,その工場には多くの機械があります。,屈折IPAの原形化 / 例文の原形主語整合化
445,plant,A1,A1,植物・草木,植物・草木,/plænt/,/plænt/,Remember to water the house plants regularly.,Remember to water the house plant regularly.,観葉植物に定期的に水をあげるのを忘れないでください。,観葉植物に定期的に水をあげるのを忘れないでください。,例文の原形主語整合化
447,advice,A1,A1,アドバイス,アドバイス,/æˈdvaɪs/,/ædvˈaɪs/,I need some advice on how to fix my car.,I need some advice on how to fix my car.,車の修理方法についてアドバイスが必要です。,車の修理方法についてアドバイスが必要です。,屈折IPAの原形化
448,shop,A1,A1,お店,お店,/ˈʃɑps/,/ʃˈɑːp/,There are many shops on this street.,There are many shop on this street.,この通りにはたくさんのお店があります。,この通りにはたくさんのお店があります。,屈折IPAの原形化 / 例文の原形主語整合化
456,activity,A1,A1,活動,活動,/æˈktɪvətiz/,/æktˈɪvətiː/,The park offers many outdoor activities.,The park offers many outdoor activities.,その公園ではたくさんのアウトドア活動を提供しています。,その公園ではたくさんのアウトドア活動を提供しています。,屈折IPAの原形化
459,flight,A1,A1,フライト,フライト,/ˈflaɪts/,/flˈaɪt/,Our flights were delayed due to the storm.,Our flight were delayed due to the storm.,私たちのフライトは嵐のために遅延しました。,私たちのフライトは嵐のために遅延しました。,屈折IPAの原形化 / 例文の原形主語整合化
460,interview,A1,A1,インタビュー,インタビュー,/ˈɪntərˌvjuːz/,/ˈɪntɚvjˌuː/,They are conducting interviews for the new job.,They are conducting interview for the new job.,彼らは新しい仕事のためにインタビューを実施しています。,彼らは新しい仕事のためにインタビューを実施しています。,屈折IPAの原形化 / 例文の原形主語整合化
467,airport,A1,A1,空港,空港,/ˈɛˌrpɔrts/,/ˈerpˌɔːrt/,The airports were very crowded today.,The airport were very crowded today.,今日は空港が非常に混雑していた。,今日は空港が非常に混雑していた。,屈折IPAの原形化 / 例文の原形主語整合化
473,twice,A1,A1,2回,2回,/ˈtwaɪs/,/twˈaɪs/,I go to the gym twice a week.,I go to the gym twice a week.,私は週に2回ジムに行きます。,私は週に2回ジムに行きます。,屈折IPAの原形化
475,cent,A1,A1,セント,セント,/ˈsɛnts/,/sˈent/,The candy costs 50 cents.,The candy costs 50 cent.,そのキャンディーは50セントです。,そのキャンディーは50セントです。,屈折IPAの原形化 / 例文の原形主語整合化
478,village,A1,A1,村,村,/ˈvɪlədʒəz/,/vˈɪlədʒ/,They visited many villages during their trip.,They visited many village during their trip.,彼らは旅行中に多くの村を訪れました。,彼らは旅行中に多くの村を訪れました。,屈折IPAの原形化 / 例文の原形主語整合化
481,adult,A1,A1,大人,大人,/əˈdʌlt/,/əˈdʌlt/,Adults need to take responsibility.,adult need to take responsibility.,大人は責任を負う必要がある。,大人は責任を負う必要がある。,例文の原形主語整合化
485,window,A1,A1,窓,窓,/ˈwɪndoʊz/,/wˈɪndoʊ/,The windows are closed.,The window are closed.,窓は閉まっています。,窓は閉まっています。,屈折IPAの原形化 / 例文の原形主語整合化
489,improve,A1,A1,改善する,改善する,/ɪˈmpruːvz/,/ɪmprˈuːv/,Regular exercise improves your health.,Regular exercise improve your health.,定期的な運動はあなたの健康を改善します。,定期的な運動はあなたの健康を改善します。,屈折IPAの原形化 / 例文の原形主語整合化
492,decide,A1,A1,決める,決める,/dɪˈsaɪdz/,/dɪsˈaɪd/,He decides what to eat.,I decide what to eat.,彼は何を食べかを決める。,私は何を食べかを決める。,屈折IPAの原形化 / 例文の原形主語整合化
497,birthday,A1,A1,誕生日,誕生日,/ˈbɜːrˌθdeɪz/,/bˈɜːrθdˌeɪ/,We celebrate our birthdays with cake and presents.,We celebrate our birthday with cake and presents.,私たちはケーキとプレゼントで誕生日を祝います。,私たちはケーキとプレゼントで誕生日を祝います。,屈折IPAの原形化 / 例文の原形主語整合化
499,horse,A1,A1,馬,馬,/ˈhɔrs/,/hˈɔːrs/,The horse ran very fast.,The horse ran very fast.,その馬はとても速く走りました。,その馬はとても速く走りました。,屈折IPAの原形化
503,driver,A1,A1,運転手,運転手,/ˈdraɪvərz/,/drˈaɪvɚ/,The drivers were on strike for better pay.,The driver were on strike for better pay.,運転手たちはより良い賃金のためにストライキを行った。,運転手たちはより良い賃金のためにストライキを行った。,屈折IPAの原形化 / 例文の原形主語整合化
510,sport,A1,A1,スポーツ,スポーツ,/ˈspɔrts/,/spˈɔːrt/,He loves playing all kinds of sports.,He loves playing all kinds of sport.,彼はあらゆる種類のスポーツをするのが大好きだ。,私はあらゆる種類のスポーツをするのが大好きだ。,屈折IPAの原形化 / 例文の原形主語整合化
515,flat,A1,A1,フラットシューズ,フラットシューズ,/ˈflæts/,/flˈæt/,She is wearing flats.,She is wearing flat.,彼女はフラットシューズを履いている。,私はフラットシューズを履いている。,屈折IPAの原形化 / 例文の原形主語整合化
519,quarter,A1,A1,4分の1,4分の1,/ˈkwɔrtər/,/ˈkwɔrtər/,The pizza was cut into quarters.,The pizza was cut into quarter.,ピザは4分の1にカットされました。,ピザは4分の1にカットされました。,例文の原形主語整合化
530,jump,A1,A1,ジャンプする,ジャンプする,/ˈdʒʌmps/,/dʒˈʌmp/,The dog jumps over the fence.,The dog jump over the fence.,犬がフェンスを飛び越えます。,犬がフェンスを飛び越えます。,屈折IPAの原形化 / 例文の原形主語整合化
534,exercise,A1,A1,運動,運動,/ˈɛksərˌsaɪzəz/,/ˈeksɚsˌaɪz/,She does exercises every morning.,She does exercise every morning.,彼女は毎朝運動をします。,私は毎朝運動をします。,屈折IPAの原形化 / 例文の原形主語整合化
536,restaurant,A1,A1,レストラン,レストラン,/ˈrɛstərˌɑnts/,/rˈestɚˌɑːnt/,There are many restaurants in this city.,There are many restaurant in this city.,この都市にはたくさんのレストランがあります。,この都市にはたくさんのレストランがあります。,屈折IPAの原形化 / 例文の原形主語整合化
549,apartment,A1,A1,アパート,アパート,/əˈpɑrtmənts/,/əpˈɑːrtmənt/,They live in one of the new apartments downtown.,They live in one of the new apartment downtown.,彼らはダウンタウンの新しいアパートの一つに住んでいる。,彼らはダウンタウンの新しいアパートの一つに住んでいる。,屈折IPAの原形化 / 例文の原形主語整合化
554,fill,A1,A1,満たす,満たす,/ˈfɪlz/,/fˈɪl/,The sound fills the room.,The sound fill the room.,その音が部屋を満たす。,その音が部屋を満たす。,屈折IPAの原形化 / 例文の原形主語整合化
559,false,A1,A1,"嘘の,間違った","嘘の,間違った",/ˈfɔls/,/fˈɔːls/,The information he gave was false.,The information he gave was false.,彼が与えた情報は嘘だった。,彼が与えた情報は嘘だった。,屈折IPAの原形化
561,shirt,A1,A1,シャツ,シャツ,/ˈʃɜːrts/,/ʃˈɜːrt/,He has a collection of colorful shirts.,He has a collection of colorful shirt.,彼はカラフルなシャツのコレクションを持っている。,私はカラフルなシャツのコレクションを持っている。,屈折IPAの原形化 / 例文の原形主語整合化
563,opposite,A1,A1,反対のもの,反対のもの,/ˈɑpəzəts/,/ˈɑːpəzət/,Hot and cold are opposites.,Hot and cold are opposite.,熱いと冷たいは反対のものだ。,熱いと冷たいは反対のものだ。,屈折IPAの原形化 / 例文の原形主語整合化
572,boyfriend,A1,A1,ボーイフレンド,ボーイフレンド,/ˈbɔɪˌfrɛndz/,/bˈɔɪfrˌend/,She has introduced us to her new boyfriends.,She has introduced us to her new boyfriend.,彼女は新しいボーイフレンドを私たちに紹介しました。,私は新しいボーイフレンドを私たちに紹介しました。,屈折IPAの原形化 / 例文の原形主語整合化
573,dollar,A1,A1,ドル,ドル,/ˈdɑlər/,/ˈdɑlər/,The book costs ten dollars.,The book costs ten dollar.,その本は10ドルです。,その本は10ドルです。,例文の原形主語整合化
575,bottle,A1,A1,ボトル,ボトル,/ˈbɑtəlz/,/bˈɑːtəl/,We need to buy some bottles of water.,We need to buy some bottle of water.,私たちはいくつかのボトルの水を買う必要があります。,私たちはいくつかのボトルの水を買う必要があります。,屈折IPAの原形化 / 例文の原形主語整合化
576,cheese,A1,A1,チーズ,チーズ,/ˈtʃiːz/,/tʃˈiːz/,I love to eat cheese.,I love to eat cheese.,私はチーズを食べるのが大好きです。,私はチーズを食べるのが大好きです。,屈折IPAの原形化
579,fruit,A1,A1,果物,果物,/ˈfruːts/,/frˈuːt/,I like a variety of fruits.,I like a variety of fruit.,私は様々な果物が好きです。,私は様々な果物が好きです。,屈折IPAの原形化 / 例文の原形主語整合化
580,parent,A1,A1,親,親,/ˈpɛrənt/,/ˈpɛrənt/,My parents are very supportive.,My parent are very supportive.,私の両親はとても協力的です。,私の両親はとても協力的です。,例文の原形主語整合化
583,button,A1,A1,ボタン,ボタン,/ˈbʌtənz/,/bˈʌtən/,The shirt has three buttons on the front.,The shirt has three button on the front.,そのシャツには前面に３つのボタンがあります。,そのシャツには前面に３つのボタンがあります。,屈折IPAの原形化 / 例文の原形主語整合化
584,describe,A1,A1,説明する,説明する,/dɪˈskraɪbz/,/dɪskrˈaɪb/,The article describes the history of the town.,The article describe the history of the town.,この記事はその町の歴史を説明している。,この記事はその町の歴史を説明している。,屈折IPAの原形化 / 例文の原形主語整合化
585,turkey,A1,A1,七面鳥,七面鳥,/ˈtɜːrkiz/,/tˈɜːrkiː/,We had turkeys for Thanksgiving.,We had turkey for Thanksgiving.,私たちは感謝祭に七面鳥を食べた。,私たちは感謝祭に七面鳥を食べた。,屈折IPAの原形化 / 例文の原形主語整合化
588,prepare,A1,A1,準備する,準備する,/priˈpɛrz/,/priːpˈer/,He prepares a delicious meal for his family.,I prepare a delicious meal for his family.,彼は家族のために美味しい食事を準備する。,私は家族のために美味しい食事を準備する。,屈折IPAの原形化 / 例文の原形主語整合化
589,rice,A1,A1,米,米,/ˈraɪs/,/rˈaɪs/,We eat rice with every meal.,We eat rice with every meal.,私たちは毎食ご飯を食べます。,私たちは毎食ご飯を食べます。,屈折IPAの原形化
593,cake,A1,A1,ケーキ,ケーキ,/ˈkeɪks/,/kˈeɪk/,We have birthday cakes.,We have birthday cake.,私たちは誕生日ケーキがあります。,私たちは誕生日ケーキがあります。,屈折IPAの原形化 / 例文の原形主語整合化
599,theatre,A1,A1,劇場,劇場,/ˈθiːətərz/,/θˈiːətɚ/,There are several theatres in the city center.,There are several theatre in the city center.,市内中心部にはいくつかの劇場があります。,市内中心部にはいくつかの劇場があります。,屈折IPAの原形化 / 例文の原形主語整合化
600,nose,A1,A1,鼻,鼻,/ˈnoʊz/,/nˈoʊz/,He has a big nose.,He has a big nose.,彼は大きな鼻をしています。,彼は大きな鼻をしています。,屈折IPAの原形化
606,topic,A1,A1,話題,話題,/ˈtɑpɪks/,/tˈɑːpɪk/,We discussed several topics.,We discussed several topic.,私たちはいくつかの話題について話し合った。,私たちはいくつかの話題について話し合った。,屈折IPAの原形化 / 例文の原形主語整合化
608,guitar,A1,A1,ギター,ギター,/ɡɪˈtɑrz/,/ɡɪtˈɑːr/,He plays guitars in a band.,He plays guitar in a band.,彼はバンドでギターを弾いている。,私はバンドでギターを弾いている。,屈折IPAの原形化 / 例文の原形主語整合化
609,meal,A1,A1,食事,食事,/ˈmiːlz/,/mˈiːl/,We eat three meals a day.,We eat three meal a day.,私たちは1日に3食食事をします。,私たちは1日に3食食事をします。,屈折IPAの原形化 / 例文の原形主語整合化
611,egg,A1,A1,卵,卵,/ˈɛɡz/,/ˈeɡ/,We had eggs for breakfast.,We had egg for breakfast.,私たちは朝食に卵を食べました。,私たちは朝食に卵を食べました。,屈折IPAの原形化 / 例文の原形主語整合化
617,uncle,A1,A1,おじ,おじ,/ˈʌŋkəlz/,/ˈʌŋkəl/,My uncles came to visit.,My uncle came to visit.,私のおじたちが訪ねてきました。,私のおじたちが訪ねてきました。,屈折IPAの原形化 / 例文の原形主語整合化
622,ear,A1,A1,耳,耳,/ˈɪrz/,/ˈiːr/,She has small ears.,She has small ear.,彼女は小さな耳をしています。,私は小さな耳をしています。,屈折IPAの原形化 / 例文の原形主語整合化
623,gym,A1,A1,ジム,ジム,/ˈdʒɪmz/,/dʒˈɪm/,There are many gyms in the city.,There are many gym in the city.,街にはたくさんのジムがあります。,街にはたくさんのジムがあります。,屈折IPAの原形化 / 例文の原形主語整合化
626,worker,A1,A1,労働者,労働者,/ˈwɜːrkər/,/ˈwɜːrkər/,The factory has many workers.,The factory has many worker.,その工場には多くの労働者がいます。,その工場には多くの労働者がいます。,例文の原形主語整合化
627,flower,A1,A1,花,花,/ˈflaʊərz/,/flˈaʊɚ/,The flowers in the garden are beautiful.,The flower in the garden are beautiful.,庭の花は美しい。,庭の花は美しい。,屈折IPAの原形化 / 例文の原形主語整合化
633,nurse,A1,A1,看護師,看護師,/ˈnɜːrsəz/,/nˈɜːrs/,The nurses work hard in the hospital.,The nurse work hard in the hospital.,看護師たちは病院で懸命に働いている。,看護師たちは病院で懸命に働いている。,屈折IPAの原形化 / 例文の原形主語整合化
634,vacation,A1,A1,休暇,休暇,/veɪˈkeɪʃənz/,/veɪkˈeɪʃən/,We're planning our summer vacations.,We're planning our summer vacation.,私たちは夏の休暇を計画している。,私たちは夏の休暇を計画している。,屈折IPAの原形化 / 例文の原形主語整合化
639,introduce,A1,A1,紹介する,紹介する,/ˌɪntrəˈduːs/,/ˌɪntrədˈuːs/,Let me introduce you to my friend.,Let me introduce you to my friend.,私の友達を紹介させてください。,私の友達を紹介させてください。,屈折IPAの原形化
640,routine,A1,A1,ルーティン,ルーティン,/ruˈtiːnz/,/ruːtˈiːn/,She has a daily exercise routine.,She has a daily exercise routine.,彼女には毎日の運動ルーティンがある。,彼女には毎日の運動ルーティンがある。,屈折IPAの原形化
644,juice,A1,A1,ジュース,ジュース,/ˈdʒuːs/,/dʒˈuːs/,I would like some orange juice.,I would like some orange juice.,オレンジジュースが欲しいです。,オレンジジュースが欲しいです。,屈折IPAの原形化
654,mouse,A1,A1,ネズミ,ネズミ,/ˈmaʊs/,/mˈaʊs/,I saw a mouse in the kitchen.,I saw a mouse in the kitchen.,私は台所でネズミを見ました。,私は台所でネズミを見ました。,屈折IPAの原形化
656,toilet,A1,A1,トイレ,トイレ,/ˈtɔɪləts/,/tˈɔɪlət/,Where are the toilets?,Where are the toilet?,トイレはどこですか？,トイレはどこですか？,屈折IPAの原形化 / 例文の原形主語整合化
658,phrase,A1,A1,フレーズ,フレーズ,/ˈfreɪzəz/,/frˈeɪz/,He uses many common phrases.,He uses many common phrase.,彼はよく使われるフレーズをたくさん使う。,私はよく使われるフレーズをたくさん使う。,屈折IPAの原形化 / 例文の原形主語整合化
665,exam,A1,A1,試験,試験,/ɪˈɡzæmz/,/ɪɡzˈæm/,I have exams next week.,I have exam next week.,来週試験があります。,来週試験があります。,屈折IPAの原形化 / 例文の原形主語整合化
669,shoe,A1,A1,靴,靴,/ˈʃuːz/,/ʃˈuː/,He put on his new shoes.,He put on his new shoe.,彼は新しい靴を履きました。,私は新しい靴を履きました。,屈折IPAの原形化 / 例文の原形主語整合化
674,scientist,A1,A1,科学者,科学者,/ˈsaɪəntɪsts/,/sˈaɪəntɪst/,The scientists are conducting research.,The scientist are conducting research.,科学者たちは研究を行っている。,科学者たちは研究を行っている。,屈折IPAの原形化 / 例文の原形主語整合化
678,tourist,A1,A1,観光客,観光客,/ˈtʊrəsts/,/tˈʊrəst/,Many tourists visit this city every year.,Many tourist visit this city every year.,毎年、多くの観光客がこの都市を訪れる。,毎年、多くの観光客がこの都市を訪れる。,屈折IPAの原形化 / 例文の原形主語整合化
679,boot,A1,A1,ブーツ,ブーツ,/ˈbuːt/,/ˈbuːt/,I wear boots in the winter.,I wear boot in the winter.,私は冬にブーツを履きます。,私は冬にブーツを履きます。,例文の原形主語整合化
690,farmer,A1,A1,農家,農家,/ˈfɑrmərz/,/fˈɑːrmɚ/,The farmers are planting crops.,The farmer are planting crops.,農家は作物を植えています。,農家は作物を植えています。,屈折IPAの原形化 / 例文の原形主語整合化
694,cow,A1,A1,牛,牛,/ˈkaʊz/,/kˈaʊ/,The cows are in the pasture.,The cow are in the pasture.,牛は牧草地にいます。,牛は牧草地にいます。,屈折IPAの原形化 / 例文の原形主語整合化
696,grandmother,A1,A1,おばあさんたち,おばあさんたち,/ˈɡræˌndmʌðərz/,/ɡrˈændmˌʌðɚ/,My grandmothers are very kind.,My grandmother are very kind.,私のおばあさんたちはとても親切だ。,私のおばあさんたちはとても親切だ。,屈折IPAの原形化 / 例文の原形主語整合化
708,fairy,A1,A1,妖精,妖精,/ˈfɛriz/,/fˈeriː/,The children believe in fairies.,The children believe in fairies.,子供たちは妖精を信じています。,子供たちは妖精を信じています。,屈折IPAの原形化
725,dancer,A1,A1,ダンサー,ダンサー,/ˈdænsərz/,/dˈænsɚ/,The dancers put on an amazing show.,The dancer put on an amazing show.,ダンサーたちは素晴らしいショーを披露した。,ダンサーたちは素晴らしいショーを披露した。,屈折IPAの原形化 / 例文の原形主語整合化
730,pencil,A1,A1,鉛筆,鉛筆,/ˈpɛnsəlz/,/pˈensəl/,I need some pencils.,I need some pencil.,私は鉛筆が必要です。,私は鉛筆が必要です。,屈折IPAの原形化 / 例文の原形主語整合化
733,vegetable,A1,A1,野菜,野菜,/ˈvɛdʒtəbəl/,/ˈvɛdʒtəbəl/,I love eating fresh vegetables.,I love eating fresh vegetable.,私は新鮮な野菜を食べるのが大好きです。,私は新鮮な野菜を食べるのが大好きです。,例文の原形主語整合化
737,onion,A1,A1,玉ねぎ,玉ねぎ,/ˈʌnjənz/,/ˈʌnjən/,I need some onions for the soup.,I need some onion for the soup.,スープに玉ねぎが必要です。,スープに玉ねぎが必要です。,屈折IPAの原形化 / 例文の原形主語整合化
740,bunny,A1,A1,ウサギ,ウサギ,/ˈbʌniz/,/bˈʌniː/,The children were watching the bunnies.,The children were watching the bunnies.,子供たちはウサギを見ていました。,子供たちはウサギを見ていました。,屈折IPAの原形化
756,supermarket,A1,A1,スーパーマーケット,スーパーマーケット,/ˈsuːpərˌmɑrkɪts/,/sˈuːpɚmˌɑːrkɪt/,We usually shop for groceries at supermarkets.,We usually shop for groceries at supermarket.,私たちはたいていスーパーマーケットで食料品を買う。,私たちはたいていスーパーマーケットで食料品を買う。,屈折IPAの原形化 / 例文の原形主語整合化
764,ninety,A1,A1,90年代,90年代,/ˈnaɪntiz/,/nˈaɪntiː/,The nineties were a decade of change.,The nineties were a decade of change.,90年代は変化の10年だった。,90年代は変化の10年だった。,屈折IPAの原形化
765,grape,A1,A1,ぶどう,ぶどう,/ˈɡreɪp/,/ˈɡreɪp/,I like to eat grapes as a snack.,I like to eat grape as a snack.,私はおやつとしてブドウを食べるのが好きだ。,私はおやつとしてブドウを食べるのが好きだ。,例文の原形主語整合化
769,carrot,A1,A1,人参,人参,/ˈkærət/,/ˈkærət/,I like to eat carrots with dip.,I like to eat carrot with dip.,私はディップにつけて人参を食べるのが好きです。,私はディップにつけて人参を食べるのが好きです。,例文の原形主語整合化
774,vase,A1,A1,花瓶,花瓶,/ˈveɪs/,/vˈeɪs/,She put the flowers in a vase.,She put the flowers in a vase.,彼女は花を花瓶に入れた。,彼女は花を花瓶に入れた。,屈折IPAの原形化
776,interviewer,A1,A1,面接官,面接官,/ˈɪntərˌvjuːərz/,/ˈɪntɚvjˌuːɚ/,The interviewers asked many challenging questions.,The interviewer asked many challenging questions.,面接官は多くの難しい質問をした。,面接官は多くの難しい質問をした。,屈折IPAの原形化 / 例文の原形主語整合化
778,hamburger,A1,A1,ハンバーガー,ハンバーガー,/ˈhæmbərɡərz/,/hˈæmbɚɡɚ/,I love to eat hamburgers.,I love to eat hamburger.,私はハンバーガーを食べるのが大好きです。,私はハンバーガーを食べるのが大好きです。,屈折IPAの原形化 / 例文の原形主語整合化
781,classmate,A1,A1,クラスメイト,クラスメイト,/ˈklæˌsmeɪts/,/klˈæsmˌeɪt/,He is my classmate from middle school.,He is my classmate from middle school.,彼は私の中学校のクラスメイトです。,彼は私の中学校のクラスメイトです。,屈折IPAの原形化
785,have,A2,A2,持っている,持っている,/ˈhævz/,/hˈæv/,She has many books in her room.,She has many books in her room.,彼女は部屋にたくさんの本を持っています。,彼女は部屋にたくさんの本を持っています。,屈折IPAの原形化
790,since,A2,A2,～以来,～以来,/ˈsɪns/,/sˈɪns/,I haven't seen her since last year.,I haven't seen her since last year.,私は去年から彼女に会っていない。,私は去年から彼女に会っていない。,屈折IPAの原形化
791,own,A2,A2,所有する,所有する,/ˈoʊnz/,/ˈoʊn/,She owns a small business.,I own a small business.,彼女は小さなビジネスを所有している。,私は小さなビジネスを所有している。,屈折IPAの原形化 / 例文の原形主語整合化
794,please,A2,A2,お願いします,お願いします,/ˈpliːz/,/plˈiːz/,"Can you pass the salt, please?","Can you pass the salt, please?",塩を渡してくれませんか？,塩を渡してくれませんか？,屈折IPAの原形化
795,number,A2,A2,数字,数字,/ˈnʌmbərz/,/nˈʌmbɚ/,I am learning about numbers in school.,I am learning about number in school.,私は学校で数字について学んでいます。,私は学校で数字について学んでいます。,屈折IPAの原形化 / 例文の原形主語整合化
799,government,A2,A2,政府,政府,/ˈɡʌvərmənts/,/ɡˈʌvɚmənt/,The governments are working together.,The government are working together.,政府は協力している。,政府は協力している。,屈折IPAの原形化 / 例文の原形主語整合化
804,case,A2,A2,事例,事例,/ˈkeɪsəz/,/kˈeɪs/,These are special cases.,These are special case.,これらは特別な事例です。,これらは特別な事例です。,屈折IPAの原形化 / 例文の原形主語整合化
811,service,A2,A2,サービス,サービス,/ˈsɜːrvəs/,/sˈɜːrvəs/,The restaurant provides excellent service.,The restaurant provides excellent service.,そのレストランは素晴らしいサービスを提供している。,そのレストランは素晴らしいサービスを提供している。,屈折IPAの原形化
812,season,A2,A2,季節,季節,/ˈsiːzənz/,/sˈiːzən/,There are four seasons in a year.,There are four season in a year.,1年には4つの季節がある。,1年には4つの季節がある。,屈折IPAの原形化 / 例文の原形主語整合化
816,war,A2,A2,戦争,戦争,/ˈwɔrz/,/wˈɔːr/,The country has been involved in several wars.,The country has been involved in several war.,その国はいくつかの戦争に関わってきました。,その国はいくつかの戦争に関わってきました。,屈折IPAの原形化 / 例文の原形主語整合化
818,president,A2,A2,大統領,大統領,/ˈprɛzəˌdɛnts/,/prˈezədˌent/,The presidents met to discuss the issue.,The president met to discuss the issue.,大統領たちはその問題について話し合うために会った。,大統領たちはその問題について話し合うために会った。,屈折IPAの原形化 / 例文の原形主語整合化
825,single,A2,A2,シングルス,シングルス,/ˈsɪŋɡəlz/,/sˈɪŋɡəl/,He won the singles match.,He won the single match.,彼はシングルスの試合に勝ちました。,私はシングルスの試合に勝ちました。,屈折IPAの原形化 / 例文の原形主語整合化
828,guy,A2,A2,皆さん,皆さん,/ˈɡaɪz/,/ɡˈaɪ/,"Hey guys, how's it going?","Hey guy, how's it going?",皆さん、元気ですか？,皆さん、元気ですか？,屈折IPAの原形化 / 例文の原形主語整合化
838,cause,A2,A2,原因,原因,/ˈkɑzəz/,/kˈɑːz/,Smoking causes many health problems.,Smoking cause many health problems.,喫煙は多くの健康問題の原因となる。,喫煙は多くの健康問題の原因となる。,屈折IPAの原形化 / 例文の原形主語整合化
839,human,A2,A2,人間,人間,/ˈhjuːmənz/,/hjˈuːmən/,Humans are complex creatures.,human are complex creatures.,人間は複雑な生き物です。,人間は複雑な生き物です。,屈折IPAの原形化 / 例文の原形主語整合化
842,community,A2,A2,コミュニティ,コミュニティ,/kəˈmjuːnətiz/,/kəmjˈuːnətiː/,The communities worked together.,The communities worked together.,コミュニティは協力し合った。,コミュニティは協力し合った。,屈折IPAの原形化
851,act,A2,A2,行為,行為,/ˈækts/,/ˈækt/,The company's acts were unethical.,The company's act were unethical.,その会社の行為は非倫理的だった。,その会社の行為は非倫理的だった。,屈折IPAの原形化 / 例文の原形主語整合化
859,education,A2,A2,教育,教育,/ˌɛdʒəˈkeɪʃənz/,/ˌedʒəkˈeɪʃən/,The importance of educations cannot be overstated.,The importance of education cannot be overstated.,教育の重要性はいくら強調してもしすぎることはありません。,教育の重要性はいくら強調してもしすぎることはありません。,屈折IPAの原形化 / 例文の原形主語整合化
862,chance,A2,A2,チャンス,チャンス,/ˈtʃænsəz/,/tʃˈæns/,Everyone deserves a second chance.,Everyone deserves a second chance.,誰もが再チャレンジするチャンスに値する。,誰もが再チャレンジするチャンスに値する。,屈折IPAの原形化
869,department,A2,A2,部門,部門,/dɪˈpɑrtmənts/,/dɪpˈɑːrtmənt/,He works in the marketing department.,He works in the marketing department.,彼はマーケティング部門で働いている。,彼はマーケティング部門で働いている。,屈折IPAの原形化
871,fight,A2,A2,喧嘩,喧嘩,/ˈfaɪts/,/fˈaɪt/,They often have fights.,They often have fight.,彼らはしばしば喧嘩をします。,彼らはしばしば喧嘩をします。,屈折IPAの原形化 / 例文の原形主語整合化
873,rest,A2,A2,休息する,休息する,/ˈrɛsts/,/rˈest/,The cat rests peacefully in the sun.,The cat rest peacefully in the sun.,猫は日なたで安らかに休んでいる。,猫は日なたで安らかに休んでいる。,屈折IPAの原形化 / 例文の原形主語整合化
886,center,A2,A2,中心,中心,/ˈsɛntərz/,/sˈentɚ/,There are many shopping centers.,There are many shopping center.,たくさんのショッピングセンターがあります。,たくさんのショッピングセンターがあります。,屈折IPAの原形化 / 例文の原形主語整合化
887,couple,A2,A2,カップル,カップル,/ˈkʌpəlz/,/kˈʌpəl/,There were several couples dancing at the party.,There were several couple dancing at the party.,パーティーではいくつかのカップルが踊っていた。,パーティーではいくつかのカップルが踊っていた。,屈折IPAの原形化 / 例文の原形主語整合化
891,industry,A2,A2,産業,産業,/ˈɪndəstriz/,/ˈɪndəstriː/,The region has many different industries.,The region has many different industries.,その地域には多くの異なる産業がある。,その地域には多くの異なる産業がある。,屈折IPAの原形化
892,inside,A2,A2,内部,内部,/ɪˈnsaɪdz/,/ɪnsˈaɪd/,The insides of the cake were filled with cream.,The inside of the cake were filled with cream.,ケーキの内部はクリームで満たされていた。,ケーキの内部はクリームで満たされていた。,屈折IPAの原形化 / 例文の原形主語整合化
898,present,A2,A2,プレゼント,プレゼント,/ˈprɛzənts/,/prˈezənt/,They gave him many presents for his birthday.,They gave him many present for his birthday.,彼らは彼の誕生日にたくさんのプレゼントを贈った。,彼らは彼の誕生日にたくさんのプレゼントを贈った。,屈折IPAの原形化 / 例文の原形主語整合化
899,training,A2,A2,トレーニング,トレーニング,/ˈtreɪnɪŋz/,/trˈeɪnɪŋ/,He is doing trainings for the race.,He is doing training for the race.,彼はレースに向けてトレーニングをしている。,私はレースに向けてトレーニングをしている。,屈折IPAの原形化 / 例文の原形主語整合化
905,society,A2,A2,社会,社会,/səˈsaɪətiz/,/səsˈaɪətiː/,The book explores different societies.,The book explores different societies.,その本は異なる社会を探求している。,その本は異なる社会を探求している。,屈折IPAの原形化
918,director,A2,A2,監督,監督,/dərˈɛktərz/,/dɚˈektɚ/,The board of directors will make the decision.,The board of director will make the decision.,取締役会が決定を下すだろう。,取締役会が決定を下すだろう。,屈折IPAの原形化 / 例文の原形主語整合化
924,source,A2,A2,源,源,/ˈsɔrs/,/sˈɔːrs/,The river is the source of the water.,The river is the source of the water.,その川は水の源です。,その川は水の源です。,屈折IPAの原形化
925,evidence,A2,A2,証拠,証拠,/ˈɛvədəns/,/ˈevədəns/,The police found no evidence of a crime.,The police found no evidence of a crime.,警察は犯罪の証拠を見つけられなかった。,警察は犯罪の証拠を見つけられなかった。,屈折IPAの原形化
929,size,A2,A2,サイズ,サイズ,/ˈsaɪz/,/sˈaɪz/,What size shoes do you wear?,What size shoes do you wear?,あなたは靴のサイズは何ですか？,あなたは靴のサイズは何ですか？,屈折IPAの原形化
930,forward,A2,A2,前方に,前方に,/ˈfɔrwərdz/,/fˈɔːrwɚd/,He moved forwards in the queue.,He moved forward in the queue.,彼は列の中で前方に移動しました。,私は列の中で前方に移動しました。,屈折IPAの原形化 / 例文の原形主語整合化
931,review,A2,A2,"レビュー,批評","レビュー,批評",/riˈvjuːz/,/rˌiːvjˈuː/,The book received positive reviews.,The book received positive review.,その本は好意的なレビューを受けた。,その本は好意的なレビューを受けた。,屈折IPAの原形化 / 例文の原形主語整合化
932,attention,A2,A2,注意、注目,注意、注目,/əˈtɛnʃənz/,/ətˈenʃən/,She received a lot of attentions for her new hairstyle.,She received a lot of attention for her new hairstyle.,彼女は新しいヘアスタイルで多くの注目を集めた。,私は新しいヘアスタイルで多くの注目を集めた。,屈折IPAの原形化 / 例文の原形主語整合化
933,character,A2,A2,登場人物,登場人物,/ˈkærɪktərz/,/kˈerɪktɚ/,The characters in the story were very interesting.,The character in the story were very interesting.,物語の登場人物はとても面白かった。,物語の登場人物はとても面白かった。,屈折IPAの原形化 / 例文の原形主語整合化
936,quality,A2,A2,資質,資質,/ˈkwɑlətiz/,/kwˈɑːlətiː/,He has many good qualities.,He has many good qualities.,彼にはたくさんの良い資質がある。,彼にはたくさんの良い資質がある。,屈折IPAの原形化
938,oil,A2,A2,油,油,/ˈɔɪlz/,/ˈɔɪl/,The chef used various oils in his dishes.,The chef used various oil in his dishes.,シェフは料理に様々な油を使った。,シェフは料理に様々な油を使った。,屈折IPAの原形化 / 例文の原形主語整合化
940,attack,A2,A2,攻撃,攻撃,/əˈtæks/,/ətˈæk/,The country suffered several terrorist attacks.,The country suffered several terrorist attack.,その国はいくつかのテロ攻撃に見舞われた。,その国はいくつかのテロ攻撃に見舞われた。,屈折IPAの原形化 / 例文の原形主語整合化
942,decision,A2,A2,決定,決定,/dɪˈsɪʒənz/,/dɪsˈɪʒən/,He made several important decisions.,He made several important decision.,彼はいくつかの重要な決定を下した。,私はいくつかの重要な決定を下した。,屈折IPAの原形化 / 例文の原形主語整合化
943,kill,A2,A2,殺す,殺す,/ˈkɪlz/,/kˈɪl/,The disease kills many people.,The disease kill many people.,その病気は多くの人を殺します。,その病気は多くの人を殺します。,屈折IPAの原形化 / 例文の原形主語整合化
948,choice,A2,A2,選択,選択,/ˈtʃɔɪs/,/tʃˈɔɪs/,You have a choice between two options.,You have a choice between two options.,二つの選択肢から選ぶことができます。,二つの選択肢から選ぶことができます。,屈折IPAの原形化
954,increase,A2,A2,増加する,増加する,/ɪˈnkriːsəz/,/ɪnkrˈiːs/,The price increases every year.,The price increase every year.,価格は毎年増加する。,価格は毎年増加する。,屈折IPAの原形化 / 例文の原形主語整合化
955,pick,A2,A2,選ぶ,選ぶ,/ˈpɪks/,/pˈɪk/,She picks the best pieces of fruit.,I pick the best pieces of fruit.,彼女は一番良い果物を選びます。,私は一番良い果物を選びます。,屈折IPAの原形化 / 例文の原形主語整合化
956,race,A2,A2,レース,レース,/ˈreɪsəz/,/rˈeɪs/,The car races were held on the weekend.,The car race were held on the weekend.,週末にはカーレースが開催された。,週末にはカーレースが開催された。,屈折IPAの原形化 / 例文の原形主語整合化
957,seem,A2,A2,〜のように見える,〜のように見える,/ˈsiːmz/,/sˈiːm/,It seems like it's going to rain.,It seem like it's going to rain.,雨が降りそうに見える。,雨が降りそうに見える。,屈折IPAの原形化 / 例文の原形主語整合化
967,voice,A2,A2,声,声,/ˈvɔɪsəz/,/vˈɔɪs/,I heard the voices of my friends.,I heard the voice of my friends.,私は友達の声を聞いた。,私は友達の声を聞いた。,屈折IPAの原形化 / 例文の原形主語整合化
968,whose,A2,A2,～の,～の,/ˈhuːz/,/hˈuːz/,"The man, whose car was damaged, called the insurance company.","The man, whose car was damaged, called the insurance company.",車の損傷した男は、保険会社に電話しました。,車の損傷した男は、保険会社に電話しました。,屈折IPAの原形化
969,army,A2,A2,軍隊,軍隊,/ˈɑrmiz/,/ˈɑːrmiː/,The two armies faced each other.,The two armies faced each other.,2つの軍隊はお互いに対峙した。,2つの軍隊はお互いに対峙した。,屈折IPAの原形化
992,officer,A2,A2,警官,警官,/ˈɔfəsərz/,/ˈɔːfəsɚ/,The police officers arrived at the scene.,The police officer arrived at the scene.,警察官が現場に到着した。,警察官が現場に到着した。,屈折IPAの原形化 / 例文の原形主語整合化
994,response,A2,A2,反応,反応,/rɪˈspɑns/,/rɪspˈɑːns/,Her response was very positive.,Her response was very positive.,彼女の反応は非常に好意的でした。,彼女の反応は非常に好意的でした。,屈折IPAの原形化
999,network,A2,A2,ネットワーク,ネットワーク,/ˈnɛˌtwɜːrks/,/nˈetwˌɜːrk/,The company has a large network of offices.,The company has a large network of offices.,その会社はオフィスの大きなネットワークを持っている。,その会社はオフィスの大きなネットワークを持っている。,屈折IPAの原形化
1000,peace,A2,A2,平和,平和,/ˈpiːs/,/pˈiːs/,We all hope for world peace.,We all hope for world peace.,私たちは皆、世界の平和を願っている。,私たちは皆、世界の平和を願っている。,屈折IPAの原形化
1007,beat,A2,A2,打つ,打つ,/ˈbiːts/,/bˈiːt/,The heart beats steadily in the chest.,The heart beat steadily in the chest.,心臓は胸の中で規則正しく打っている。,心臓は胸の中で規則正しく打っている。,屈折IPAの原形化 / 例文の原形主語整合化
1008,conference,A2,A2,会議,会議,/ˈkɑnfərəns/,/kˈɑːnfɚəns/,The conference will be held in Tokyo.,The conference will be held in Tokyo.,会議は東京で開催されるだろう。,会議は東京で開催されるだろう。,屈折IPAの原形化
1009,double,A2,A2,2倍にする,2倍にする,/ˈdʌbəlz/,/dˈʌbəl/,This recipe doubles the amount of ingredients.,This recipe double the amount of ingredients.,このレシピは材料の量を2倍にします。,このレシピは材料の量を2倍にします。,屈折IPAの原形化 / 例文の原形主語整合化
1027,region,A2,A2,地域,地域,/ˈriːdʒənz/,/rˈiːdʒən/,The country is divided into several regions.,The country is divided into several region.,その国はいくつかの地域に分けられている。,その国はいくつかの地域に分けられている。,屈折IPAの原形化 / 例文の原形主語整合化
1030,drop,A2,A2,滴,滴,/ˈdrɑps/,/drˈɑːp/,Raindrops were falling on the window.,Raindrops were falling on the window.,雨の滴が窓に落ちていた。,雨の滴が窓に落ちていた。,屈折IPAの原形化
1031,fair,A2,A2,お祭り、見本市,お祭り、見本市,/ˈfɛrz/,/fˈer/,The fairs are usually held in the summer.,The fair are usually held in the summer.,お祭りは通常夏に開催される。,お祭りは通常夏に開催される。,屈折IPAの原形化 / 例文の原形主語整合化
1044,movement,A2,A2,運動,運動,/ˈmuːvmənts/,/mˈuːvmənt/,He studies the movements of the planets.,He studies the movement of the planets.,彼は惑星の運動を研究している。,私は惑星の運動を研究している。,屈折IPAの原形化 / 例文の原形主語整合化
1048,ability,A2,A2,能力,能力,/əˈbɪlətiz/,/əbˈɪlətiː/,Her athletic abilities are quite impressive.,Her athletic abilities are quite impressive.,彼女の運動能力は非常に印象的です。,彼女の運動能力は非常に印象的です。,屈折IPAの原形化
1060,wow,A2,A2,うわー,うわー,/ˈwaʊz/,/wˈaʊ/,The special effect wows the audience.,The special effect wow the audience.,特殊効果が観客をうならせる。,特殊効果が観客をうならせる。,屈折IPAの原形化 / 例文の原形主語整合化
1064,lady,A2,A2,女性たち,女性たち,/ˈleɪdiz/,/lˈeɪdiː/,The ladies are chatting in the park.,The ladies are chatting in the park.,女性たちは公園でおしゃべりをしている。,女性たちは公園でおしゃべりをしている。,屈折IPAの原形化
1066,material,A2,A2,材料,材料,/məˈtɪriəlz/,/mətˈɪriːəl/,We need materials for the project.,We need material for the project.,プロジェクトのために材料が必要です。,プロジェクトのために材料が必要です。,屈折IPAの原形化 / 例文の原形主語整合化
1068,opportunity,A2,A2,機会,機会,/ˌɑpərˈtuːnətiz/,/ˌɑːpɚtˈuːnətiː/,There are many opportunities for growth in this company.,There are many opportunities for growth in this company.,この会社には成長の機会がたくさんある。,この会社には成長の機会がたくさんある。,屈折IPAの原形化
1069,regular,A2,A2,常連客,常連客,/ˈrɛɡjələrz/,/rˈeɡjəlɚ/,The cafe is popular with the regulars.,The cafe is popular with the regular.,そのカフェは常連客に人気がある。,そのカフェは常連客に人気がある。,屈折IPAの原形化 / 例文の原形主語整合化
1071,unit,A2,A2,単位,単位,/ˈjuːnəts/,/jˈuːnət/,The warehouse stores a large number of product units.,The warehouse stores a large number of product unit.,倉庫には大量の製品単位が保管されている。,倉庫には大量の製品単位が保管されている。,屈折IPAの原形化 / 例文の原形主語整合化
1074,degree,A2,A2,度,度,/dɪˈɡriːz/,/dɪɡrˈiː/,The temperature rose several degrees yesterday.,The temperature rose several degree yesterday.,昨日、気温は数度上昇した。,昨日、気温は数度上昇した。,屈折IPAの原形化 / 例文の原形主語整合化
1076,hurt,A2,A2,痛む,痛む,/ˈhɜːrts/,/hˈɜːrt/,My back hurts after lifting those boxes.,My back hurt after lifting those boxes.,それらの箱を持ち上げた後、背中が痛む。,それらの箱を持ち上げた後、背中が痛む。,屈折IPAの原形化 / 例文の原形主語整合化
1077,image,A2,A2,画像,画像,/ˈɪmədʒəz/,/ˈɪmədʒ/,The book had many beautiful images.,The book had many beautiful image.,その本にはたくさんの美しい画像があった。,その本にはたくさんの美しい画像があった。,屈折IPAの原形化 / 例文の原形主語整合化
1080,pro,A2,A2,長所,長所,/ˈproʊz/,/prˈoʊ/,Let's consider the pros and cons before making a decision.,Let's consider the pro and cons before making a decision.,決定を下す前に、長所と短所を検討しましょう。,決定を下す前に、長所と短所を検討しましょう。,屈折IPAの原形化 / 例文の原形主語整合化
1086,defense,A2,A2,防御,防御,/dɪˈfɛns/,/dɪfˈens/,They built a strong defense against attack.,They built a strong defense against attack.,彼らは攻撃に対する強力な防御を築いた。,彼らは攻撃に対する強力な防御を築いた。,屈折IPAの原形化
1087,direction,A2,A2,道順,道順,/dərˈɛkʃənz/,/dɚˈekʃən/,Could you give me directions to the station?,Could you give me direction to the station?,駅までの道順を教えていただけますか？,駅までの道順を教えていただけますか？,屈折IPAの原形化 / 例文の原形主語整合化
1088,independent,A2,A2,独立系,独立系,/ˌɪndɪˈpɛndənts/,/ˌɪndɪpˈendənt/,The independents were successful in the local elections.,The independent were successful in the local elections.,独立系の人々は地方選挙で成功した。,独立系の人々は地方選挙で成功した。,屈折IPAの原形化 / 例文の原形主語整合化
1099,protect,A2,A2,保護する,保護する,/prəˈtɛkts/,/prətˈekt/,Sunscreen protects your skin from the sun.,Sunscreen protect your skin from the sun.,日焼け止めは太陽からあなたの肌を保護します。,日焼け止めは太陽からあなたの肌を保護します。,屈折IPAの原形化 / 例文の原形主語整合化
1100,secret,A2,A2,秘密,秘密,/ˈsiːkrəts/,/sˈiːkrət/,They are keeping many secrets.,They are keeping many secret.,彼らは多くの秘密を抱えています。,彼らは多くの秘密を抱えています。,屈折IPAの原形化 / 例文の原形主語整合化
1105,competition,A2,A2,競技会,競技会,/ˌkɑmpəˈtɪʃənz/,/kˌɑːmpətˈɪʃən/,The school held several sports competitions.,The school held several sports competition.,その学校はいくつかのスポーツ競技会を開催した。,その学校はいくつかのスポーツ競技会を開催した。,屈折IPAの原形化 / 例文の原形主語整合化
1117,disease,A2,A2,病気,病気,/dɪˈziːz/,/dɪzˈiːz/,He is suffering from a serious disease.,He is suffering from a serious disease.,彼は深刻な病気に苦しんでいます。,彼は深刻な病気に苦しんでいます。,屈折IPAの原形化
1122,notice,A2,A2,通知,通知,/ˈnoʊtəs/,/nˈoʊtəs/,I didn't notice the change.,I didn't notice the change.,私はその変化に気づかなかった。,私はその変化に気づかなかった。,屈折IPAの原形化
1126,holding,A2,A2,所有物、保有資産,所有物、保有資産,/ˈhoʊldɪŋz/,/hˈoʊldɪŋ/,The company has significant real estate holdings.,The company has significant real estate holding.,その会社はかなりの不動産を保有している。,その会社はかなりの不動産を保有している。,屈折IPAの原形化 / 例文の原形主語整合化
1131,purpose,A2,A2,目的,目的,/ˈpɜːrpəsəz/,/pˈɜːrpəs/,The room was used for different purposes.,The room was used for different purpose.,その部屋は異なる目的で使用された。,その部屋は異なる目的で使用された。,屈折IPAの原形化 / 例文の原形主語整合化
1135,coast,A2,A2,海岸,海岸,/ˈkoʊsts/,/kˈoʊst/,We walked along the coasts.,We walked along the coast.,私たちは海岸に沿って歩きました。,私たちは海岸に沿って歩きました。,屈折IPAの原形化 / 例文の原形主語整合化
1137,environment,A2,A2,環境,環境,/ɪˈnvaɪrənmənts/,/ɪnvˈaɪrənmənt/,We need to protect our natural environments.,We need to protect our natural environment.,私たちは自然環境を保護する必要がある。,私たちは自然環境を保護する必要がある。,屈折IPAの原形化 / 例文の原形主語整合化
1138,hall,A2,A2,ホール,ホール,/ˈhɔlz/,/hˈɔːl/,The halls of the school were very noisy.,The hall of the school were very noisy.,学校のホールはとても騒がしかった。,学校のホールはとても騒がしかった。,屈折IPAの原形化 / 例文の原形主語整合化
1152,accept,A2,A2,受け入れる,受け入れる,/æˈksɛpts/,/æksˈept/,She accepts the challenge.,I accept the challenge.,彼女は挑戦を受け入れる。,私は挑戦を受け入れる。,屈折IPAの原形化 / 例文の原形主語整合化
1155,distance,A2,A2,距離,距離,/ˈdɪstəns/,/dˈɪstəns/,The distance between the two cities is large.,The distance between the two cities is large.,二つの都市間の距離は大きいです。,二つの都市間の距離は大きいです。,屈折IPAの原形化
1157,fat,A2,A2,脂肪,脂肪,/ˈfæts/,/fˈæt/,We should reduce our intake of saturated fats.,We should reduce our intake of saturated fat.,私たちは飽和脂肪の摂取を減らすべきです。,私たちは飽和脂肪の摂取を減らすべきです。,屈折IPAの原形化 / 例文の原形主語整合化
1166,serve,A2,A2,仕える、提供する,仕える、提供する,/ˈsɜːrv/,/ˈsɜːrv/,The restaurant serves delicious Italian food.,The restaurant serve delicious Italian food.,そのレストランは美味しいイタリア料理を提供しています。,そのレストランは美味しいイタリア料理を提供しています。,例文の原形主語整合化
1171,bottom,A2,A2,お尻、底,お尻、底,/ˈbɑtəmz/,/bˈɑːtəm/,The bottoms of the shoes are worn out.,The bottom of the shoes are worn out.,靴の底はすり減っている。,靴の底はすり減っている。,屈折IPAの原形化 / 例文の原形主語整合化
1175,solution,A2,A2,解決策,解決策,/səˈluːʃənz/,/səlˈuːʃən/,We are looking for solutions to this problem.,We are looking for solution to this problem.,私たちはこの問題に対する解決策を探しています。,私たちはこの問題に対する解決策を探しています。,屈折IPAの原形化 / 例文の原形主語整合化
1176,square,A2,A2,正方形,正方形,/ˈskwɛrz/,/skwˈer/,The tiles were squares.,The tiles were square.,タイルは正方形だった。,タイルは正方形だった。,屈折IPAの原形化 / 例文の原形主語整合化
1180,worry,A2,A2,心配,心配,/ˈwɜːriz/,/wˈɜːriː/,Don't let your worries control you.,Don't let your worries control you.,あなたの心配にコントロールされないように。,あなたの心配にコントロールされないように。,屈折IPAの原形化
1182,count,A2,A2,数える,数える,/ˈkaʊnts/,/kˈaʊnt/,Every vote counts.,Every vote count.,すべての投票が重要です。,すべての投票が重要です。,屈折IPAの原形化 / 例文の原形主語整合化
1191,realize,A2,A2,気づく,気づく,/ˈriːəˌlaɪzɪz/,/rˈiːlˌaɪz/,He realizes his mistake.,I realize his mistake.,彼は自分の過ちに気づく。,私は自分の過ちに気づく。,屈折IPAの原形化 / 例文の原形主語整合化
1192,score,A2,A2,得点,得点,/ˈskɔrz/,/skˈɔːr/,The team scored two goals in the first half.,The team scored two goals in the first half.,チームは前半に2得点した。,チームは前半に2得点した。,屈折IPAの原形化
1199,jack,A2,A2,ジャッキ,ジャッキ,/ˈdʒæks/,/dʒˈæk/,We need jacks to lift the car.,We need jack to lift the car.,私たちは車を持ち上げるためにジャッキが必要です。,私たちは車を持ち上げるためにジャッキが必要です。,屈折IPAの原形化 / 例文の原形主語整合化
1201,metal,A2,A2,金属,金属,/ˈmɛtəlz/,/mˈetəl/,They found various metals in the mine.,They found various metal in the mine.,彼らは鉱山で様々な金属を発見しました。,彼らは鉱山で様々な金属を発見しました。,屈折IPAの原形化 / 例文の原形主語整合化
1203,profile,A2,A2,プロフィール,プロフィール,/ˈproʊˌfaɪlz/,/prˈoʊfˌaɪl/,He has profiles on several social media sites.,He has profile on several social media sites.,彼はいくつかのソーシャルメディアサイトにプロフィールを持っている。,私はいくつかのソーシャルメディアサイトにプロフィールを持っている。,屈折IPAの原形化 / 例文の原形主語整合化
1204,pull,A2,A2,引く,引く,/ˈpʊlz/,/pˈʊl/,He pulls the door open.,I pull the door open.,彼はドアを引いて開ける。,私はドアを引いて開ける。,屈折IPAの原形化 / 例文の原形主語整合化
1208,understanding,A2,A2,理解,理解,/əndərˈstændɪŋz/,/ˌʌndɚstˈændɪŋ/,Their understandings of the agreement differed.,Their understanding of the agreement differed.,彼らの契約に対する理解は異なっていた。,彼らの契約に対する理解は異なっていた。,屈折IPAの原形化 / 例文の原形主語整合化
1214,rise,A2,A2,上昇する,上昇する,/ˈraɪzəz/,/rˈaɪz/,The sun rises in the east.,The sun rise in the east.,太陽は東から昇る。,太陽は東から昇る。,屈折IPAの原形化 / 例文の原形主語整合化
1219,method,A2,A2,方法,方法,/ˈmɛθədz/,/mˈeθəd/,We need to find better methods for solving this problem.,We need to find better method for solving this problem.,この問題を解決するためにより良い方法を見つける必要があります。,この問題を解決するためにより良い方法を見つける必要があります。,屈折IPAの原形化 / 例文の原形主語整合化
1220,option,A2,A2,選択肢,選択肢,/ˈɑpʃən/,/ˈɑpʃən/,We have several options available.,We have several option available.,利用可能な選択肢がいくつかあります。,利用可能な選択肢がいくつかあります。,例文の原形主語整合化
1223,stone,A2,A2,石,石,/ˈstoʊnz/,/stˈoʊn/,The garden was decorated with different sizes of stones.,The garden was decorated with different sizes of stone.,庭は様々なサイズの石で飾られていた。,庭は様々なサイズの石で飾られていた。,屈折IPAの原形化 / 例文の原形主語整合化
1230,prevent,A2,A2,防ぐ,防ぐ,/prɪˈvɛnts/,/prɪvˈent/,This medicine prevents infection.,This medicine prevent infection.,この薬は感染を防ぐ。,この薬は感染を防ぐ。,屈折IPAの原形化 / 例文の原形主語整合化
1235,produce,A2,A2,生産する,生産する,/prəˈduːsəz/,/prədˈuːs/,This factory produces a wide range of goods.,This factory produce a wide range of goods.,この工場は幅広い商品を生産している。,この工場は幅広い商品を生産している。,屈折IPAの原形化 / 例文の原形主語整合化
1239,background,A2,A2,背景,背景,/ˈbæˌkɡraʊndz/,/bˈækɡrˌaʊnd/,The backgrounds in the painting were very detailed.,The background in the painting were very detailed.,絵画の背景は非常に詳細だった。,絵画の背景は非常に詳細だった。,屈折IPAの原形化 / 例文の原形主語整合化
1241,bridge,A2,A2,橋,橋,/ˈbrɪdʒəz/,/brˈɪdʒ/,The city has many beautiful bridges across the river.,The city has many beautiful bridge across the river.,その都市には川を渡る美しい橋がたくさんある。,その都市には川を渡る美しい橋がたくさんある。,屈折IPAの原形化 / 例文の原形主語整合化
1259,vehicle,A2,A2,車両,車両,/ˈviːhɪkəlz/,/vˈiːhɪkəl/,There are many vehicles on the road.,There are many vehicle on the road.,道路にはたくさんの車両があります。,道路にはたくさんの車両があります。,屈折IPAの原形化 / 例文の原形主語整合化
1265,develop,A2,A2,発展する,発展する,/dɪˈvɛləps/,/dɪvˈeləp/,The city develops rapidly.,The city develop rapidly.,その都市は急速に発展している。,その都市は急速に発展している。,屈折IPAの原形化 / 例文の原形主語整合化
1273,raise,A2,A2,上げる,上げる,/ˈreɪz/,/rˈeɪz/,She raised her hand to ask a question.,She raised her hand to ask a question.,彼女は質問をするために手を上げた。,彼女は質問をするために手を上げた。,屈折IPAの原形化
1275,surprise,A2,A2,驚き,驚き,/sərˈpraɪzɪz/,/sɚprˈaɪz/,The birthday party was full of surprises.,The birthday party was full of surprise.,誕生日パーティーは驚きに満ちていました。,誕生日パーティーは驚きに満ちていました。,屈折IPAの原形化 / 例文の原形主語整合化
1276,variety,A2,A2,品種,品種,/vərˈaɪətiz/,/vɚˈaɪətiː/,The store sells a wide variety of cheeses.,The store sells a wide variety of cheeses.,その店は幅広い種類のチーズを販売している。,その店は幅広い種類のチーズを販売している。,屈折IPAの原形化
1280,dry,A2,A2,乾かす,乾かす,/ˈdraɪz/,/drˈaɪ/,The sun dries the clothes quickly.,The sun dries the clothes quickly.,太陽はすぐに服を乾かす。,太陽はすぐに服を乾かす。,屈折IPAの原形化
1286,strategy,A2,A2,戦略,戦略,/ˈstrætədʒiz/,/strˈætədʒiː/,The company needs to develop effective marketing strategies.,The company needs to develop effective marketing strategies.,会社は効果的なマーケティング戦略を開発する必要がある。,会社は効果的なマーケティング戦略を開発する必要がある。,屈折IPAの原形化
1287,web,A2,A2,ウェブ,ウェブ,/ˈwɛbz/,/wˈeb/,Spiders create webs to catch insects.,Spiders create web to catch insects.,クモは昆虫を捕まえるためにウェブを作ります。,クモは昆虫を捕まえるためにウェブを作ります。,屈折IPAの原形化 / 例文の原形主語整合化
1288,audience,A2,A2,観客,観客,/ˈɑdiəns/,/ˈɑːdiːəns/,The audience cheered after the performance.,The audience cheered after the performance.,観客はパフォーマンスの後で歓声を上げた。,観客はパフォーマンスの後で歓声を上げた。,屈折IPAの原形化
1292,exist,A2,A2,存在する,存在する,/ɪˈɡzɪsts/,/ɪɡzˈɪst/,The legend says a monster exists in the lake.,The legend says a monster exist in the lake.,その伝説によれば、湖には怪物が存在するという。,その伝説によれば、湖には怪物が存在するという。,屈折IPAの原形化 / 例文の原形主語整合化
1297,reduce,A2,A2,減らす,減らす,/rəˈduːsəz/,/rədˈuːs/,This medicine reduces the pain.,This medicine reduce the pain.,この薬は痛みを軽減します。,この薬は痛みを軽減します。,屈折IPAの原形化 / 例文の原形主語整合化
1300,assistant,A2,A2,アシスタント,アシスタント,/əˈsɪstənts/,/əsˈɪstənt/,The assistants were very helpful.,The assistant were very helpful.,アシスタントたちはとても役に立った。,アシスタントたちはとても役に立った。,屈折IPAの原形化 / 例文の原形主語整合化
1311,valley,A2,A2,谷,谷,/ˈvæliz/,/vˈæliː/,The valleys were covered in wildflowers.,The valley were covered in wildflowers.,谷は野の花で覆われていた。,谷は野の花で覆われていた。,屈折IPAの原形化 / 例文の原形主語整合化
1313,accident,A2,A2,事故,事故,/ˈæksədənts/,/ˈæksədənt/,Car accidents are common in this area.,Car accident are common in this area.,この地域では自動車事故がよくある。,この地域では自動車事故がよくある。,屈折IPAの原形化 / 例文の原形主語整合化
1316,bear,A2,A2,クマ,クマ,/ˈbɛrz/,/bˈer/,We saw bears at the zoo.,We saw bear at the zoo.,私たちは動物園でクマを見ました。,私たちは動物園でクマを見ました。,屈折IPAの原形化 / 例文の原形主語整合化
1318,climate,A2,A2,気候,気候,/ˈklaɪməts/,/klˈaɪmət/,Different regions have different climates.,Different regions have different climate.,地域によって気候が異なる。,地域によって気候が異なる。,屈折IPAの原形化 / 例文の原形主語整合化
1322,promise,A2,A2,約束,約束,/ˈprɑməs/,/prˈɑːməs/,I promise I will be there on time.,I promise I will be there on time.,時間通りにそこにいることを約束します。,時間通りにそこにいることを約束します。,屈折IPAの原形化
1327,crowd,A2,A2,群衆,群衆,/ˈkraʊdz/,/krˈaʊd/,The crowds gathered to watch the parade.,The crowd gathered to watch the parade.,群衆はパレードを見るために集まった。,群衆はパレードを見るために集まった。,屈折IPAの原形化 / 例文の原形主語整合化
1331,ocean,A2,A2,海,海,/ˈoʊʃənz/,/ˈoʊʃən/,The oceans are full of life.,The ocean are full of life.,海は生命に満ちている。,海は生命に満ちている。,屈折IPAの原形化 / 例文の原形主語整合化
1332,appearance,A2,A2,外見,外見,/əˈpɪrənsəz/,/əpˈɪrəns/,Appearances can be deceiving.,appearance can be deceiving.,外見は当てにならないことがある。,外見は当てにならないことがある。,屈折IPAの原形化 / 例文の原形主語整合化
1334,behavior,A2,A2,行動,行動,/bɪˈheɪvjərz/,/bɪhˈeɪvjɚ/,We are studying the behaviors of the animals in the wild.,We are studying the behavior of the animals in the wild.,私たちは野生動物の行動を研究している。,私たちは野生動物の行動を研究している。,屈折IPAの原形化 / 例文の原形主語整合化
1368,device,A2,A2,装置,装置,/dɪˈvaɪs/,/dɪvˈaɪs/,This is a useful electronic device.,This is a useful electronic device.,これは便利な電子機器です。,これは便利な電子機器です。,屈折IPAの原形化
1369,drama,A2,A2,ドラマ,ドラマ,/ˈdrɑməz/,/drˈɑːmə/,I enjoy watching historical dramas.,I enjoy watching historical drama.,私は歴史ドラマを見るのが好きだ。,私は歴史ドラマを見るのが好きだ。,屈折IPAの原形化 / 例文の原形主語整合化
1370,factor,A2,A2,要因,要因,/ˈfæktərz/,/fˈæktɚ/,Several factors contributed to the company's success.,Several factor contributed to the company's success.,いくつかの要因が会社の成功に貢献した。,いくつかの要因が会社の成功に貢献した。,屈折IPAの原形化 / 例文の原形主語整合化
1371,feed,A2,A2,餌をやる,餌をやる,/ˈfiːdz/,/fˈiːd/,She feeds the cat every morning.,I feed the cat every morning.,彼女は毎朝猫に餌をやる。,私は毎朝猫に餌をやる。,屈折IPAの原形化 / 例文の原形主語整合化
1376,platform,A2,A2,プラットフォーム,プラットフォーム,/ˈplæˌtfɔrmz/,/plˈætfˌɔːrm/,There are many social media platforms.,There are many social media platform.,多くのソーシャルメディアプラットフォームがある。,多くのソーシャルメディアプラットフォームがある。,屈折IPAの原形化 / 例文の原形主語整合化
1392,snow,A2,A2,雪が降る,雪が降る,/ˈsnoʊz/,/snˈoʊ/,It snows a lot during winter here.,It snow a lot during winter here.,ここでは冬の間によく雪が降る。,ここでは冬の間によく雪が降る。,屈折IPAの原形化 / 例文の原形主語整合化
1398,kitchen,A2,A2,キッチン,キッチン,/ˈkɪtʃənz/,/kˈɪtʃən/,The kitchens were busy during dinner service.,The kitchen were busy during dinner service.,ディナーサービスの間、キッチンは忙しかった。,ディナーサービスの間、キッチンは忙しかった。,屈折IPAの原形化 / 例文の原形主語整合化
1412,temperature,A2,A2,温度,温度,/ˈtɛmprətʃərz/,/tˈemprətʃɚ/,The temperatures were very high yesterday.,The temperature were very high yesterday.,昨日の気温は非常に高かったです。,昨日の気温は非常に高かったです。,屈折IPAの原形化 / 例文の原形主語整合化
1414,truck,A2,A2,トラック,トラック,/ˈtrʌks/,/trˈʌk/,The trucks were transporting goods to the warehouse.,The truck were transporting goods to the warehouse.,トラックは倉庫に商品を輸送していた。,トラックは倉庫に商品を輸送していた。,屈折IPAの原形化 / 例文の原形主語整合化
1415,bob,A2,A2,上下に動く,上下に動く,/ˈbɑbz/,/bˈɑːb/,The buoy bobs on the water.,The buoy bob on the water.,ブイは水面で上下に動く。,ブイは水面で上下に動く。,屈折IPAの原形化 / 例文の原形主語整合化
1427,neck,A2,A2,首,首,/ˈnɛks/,/nˈek/,The giraffe has a long neck.,The giraffe has a long neck.,キリンは首が長いです。,キリンは首が長いです。,屈折IPAの原形化
1449,recommend,A2,A2,勧める,勧める,/ˌrɛkəˈmɛndz/,/rˌekəmˈend/,The doctor recommends rest and plenty of fluids.,The doctor recommend rest and plenty of fluids.,医師は休息と十分な水分補給を勧めている。,医師は休息と十分な水分補給を勧めている。,屈折IPAの原形化 / 例文の原形主語整合化
1454,cycle,A2,A2,周期,周期,/ˈsaɪkəlz/,/sˈaɪkəl/,The moon goes through different cycles every month.,The moon goes through different cycle every month.,月は毎月異なる周期を経る。,月は毎月異なる周期を経る。,屈折IPAの原形化 / 例文の原形主語整合化
1455,dealing,A2,A2,取引,取引,/ˈdiːlɪŋz/,/dˈiːlɪŋ/,The company is being investigated for its financial dealings.,The company is being investigated for its financial dealing.,会社は財務取引について調査されています。,会社は財務取引について調査されています。,屈折IPAの原形化 / 例文の原形主語整合化
1458,affect,A2,A2,影響する,影響する,/əˈfɛkts/,/əfˈekt/,The weather affects my mood.,The weather affect my mood.,天候は私の気分に影響する。,天候は私の気分に影響する。,屈折IPAの原形化 / 例文の原形主語整合化
1460,blow,A2,A2,打撃,打撃,/ˈbloʊz/,/blˈoʊ/,He received several blows to the head.,He received several blow to the head.,彼は頭に数回の打撃を受けた。,私は頭に数回の打撃を受けた。,屈折IPAの原形化 / 例文の原形主語整合化
1464,danger,A2,A2,危険,危険,/ˈdeɪndʒərz/,/dˈeɪndʒɚ/,They warned of the dangers of swimming in the lake.,They warned of the danger of swimming in the lake.,彼らは湖で泳ぐ危険性を警告した。,彼らは湖で泳ぐ危険性を警告した。,屈折IPAの原形化 / 例文の原形主語整合化
1468,prize,A2,A2,賞品,賞品,/ˈpraɪzəz/,/prˈaɪz/,They won many prizes at the fair.,They won many prize at the fair.,彼らは祭りでたくさんの賞品を獲得しました。,彼らは祭りでたくさんの賞品を獲得しました。,屈折IPAの原形化 / 例文の原形主語整合化
1477,possibility,A2,A2,可能性,可能性,/ˌpɑsəˈbɪlətiz/,/pˌɑːsəbˈɪlətiː/,They explored all the possibilities.,They explored all the possibilities.,彼らはすべての可能性を探った。,彼らはすべての可能性を探った。,屈折IPAの原形化
1478,replace,A2,A2,置き換える,置き換える,/rɪˈpleɪsɪz/,/rˌiːplˈeɪs/,The new software replaces the old one.,The new software replace the old one.,新しいソフトウェアは古いものを置き換えます。,新しいソフトウェアは古いものを置き換えます。,屈折IPAの原形化 / 例文の原形主語整合化
1484,chat,A2,A2,おしゃべり,おしゃべり,/ˈtʃæts/,/tʃˈæt/,We had some nice chats.,We had some nice chat.,私たちは楽しいおしゃべりをしました。,私たちは楽しいおしゃべりをしました。,屈折IPAの原形化 / 例文の原形主語整合化
1495,expert,A2,A2,専門家,専門家,/ˈɛkspərts/,/ˈekspɚt/,The experts provided valuable insights into the problem.,The expert provided valuable insights into the problem.,専門家はその問題について貴重な洞察を提供した。,専門家はその問題について貴重な洞察を提供した。,屈折IPAの原形化 / 例文の原形主語整合化
1499,pattern,A2,A2,パターン,パターン,/ˈpætərnz/,/pˈætɚn/,The designer created unique patterns for the new collection.,The designer created unique pattern for the new collection.,デザイナーは新しいコレクションのためにユニークなパターンを作成した。,デザイナーは新しいコレクションのためにユニークなパターンを作成した。,屈折IPAの原形化 / 例文の原形主語整合化
1502,suppose,A2,A2,思う,思う,/səˈpoʊz/,/səpˈoʊz/,I suppose it's going to rain.,I suppose it's going to rain.,雨が降ると思う。,雨が降ると思う。,屈折IPAの原形化
1503,tool,A2,A2,道具,道具,/ˈtuːlz/,/tˈuːl/,He needs some tools to fix the bike.,He needs some tool to fix the bike.,彼は自転車を修理するためにいくつかの道具が必要です。,私は自転車を修理するためにいくつかの道具が必要です。,屈折IPAの原形化 / 例文の原形主語整合化
1507,chose,A2,A2,選んだ,選んだ,/ˈtʃoʊz/,/tʃˈoʊz/,She chose to study medicine.,She chose to study medicine.,彼女は医学を学ぶことを選んだ。,彼女は医学を学ぶことを選んだ。,屈折IPAの原形化
1513,expression,A2,A2,表情,表情,/ɪˈksprɛʃənz/,/ɪksprˈeʃən/,His expressions showed his excitement.,His expression showed his excitement.,彼の表情は彼の興奮を表していた。,彼の表情は彼の興奮を表していた。,屈折IPAの原形化 / 例文の原形主語整合化
1518,noise,A2,A2,騒音,騒音,/ˈnɔɪz/,/nˈɔɪz/,The noise outside was very loud.,The noise outside was very loud.,外の騒音がとても大きかったです。,外の騒音がとても大きかったです。,屈折IPAの原形化
1520,plate,A2,A2,お皿,お皿,/ˈpleɪts/,/plˈeɪt/,Put the plates on the table.,Put the plate on the table.,お皿をテーブルに置いてください。,お皿をテーブルに置いてください。,屈折IPAの原形化 / 例文の原形主語整合化
1522,roof,A2,A2,屋根,屋根,/ˈruːfs/,/rˈuːf/,The roofs of the houses were covered in snow.,The roof of the houses were covered in snow.,家の屋根は雪で覆われていた。,家の屋根は雪で覆われていた。,屈折IPAの原形化 / 例文の原形主語整合化
1529,bible,A2,A2,聖書,聖書,/ˈbaɪbəlz/,/bˈaɪbəl/,They read passages from the Bibles.,They read passages from the bible.,彼らは聖書の一節を読んだ。,彼らは聖書の一節を読んだ。,屈折IPAの原形化 / 例文の原形主語整合化
1535,print,A2,A2,プリント,プリント,/ˈprɪnts/,/prˈɪnt/,I like the prints on this T-shirt.,I like the print on this T-shirt.,私はこのTシャツのプリントが好きです。,私はこのTシャツのプリントが好きです。,屈折IPAの原形化 / 例文の原形主語整合化
1542,height,A2,A2,高さ、標高,高さ、標高,/ˈhaɪts/,/hˈaɪt/,She is afraid of heights.,She is afraid of height.,彼女は高いところが苦手だ。,私は高いところが苦手だ。,屈折IPAの原形化 / 例文の原形主語整合化
1551,destroy,A2,A2,破壊する,破壊する,/dɪˈstrɔɪz/,/dɪstrˈɔɪ/,The fire destroys the forest.,The fire destroy the forest.,火事が森林を破壊する。,火事が森林を破壊する。,屈折IPAの原形化 / 例文の原形主語整合化
1553,introduction,A2,A2,紹介,紹介,/ˌɪntrəˈdʌkʃənz/,/ˌɪntrədˈʌkʃən/,Let's do some introductions before we start.,Let's do some introduction before we start.,始める前に自己紹介をしましょう。,始める前に自己紹介をしましょう。,屈折IPAの原形化 / 例文の原形主語整合化
1555,recognize,A2,A2,認識する,認識する,/ˈrɛkəˌɡnaɪz/,/rˈekəɡnˌaɪz/,I didn't recognize him at first.,I didn't recognize him at first.,私は最初彼を認識できなかった。,私は最初彼を認識できなかった。,屈折IPAの原形化
1561,comedy,A2,A2,喜劇,喜劇,/ˈkɑmədiz/,/kˈɑːmədiː/,They watched several comedies during the film festival.,They watched several comedies during the film festival.,彼らは映画祭でいくつかの喜劇を見た。,彼らは映画祭でいくつかの喜劇を見た。,屈折IPAの原形化
1569,recording,A2,A2,録音,録音,/rɪˈkɔrdɪŋz/,/rəkˈɔːrdɪŋ/,We listened to the recordings from the meeting.,We listened to the recording from the meeting.,私たちは会議の録音を聞いた。,私たちは会議の録音を聞いた。,屈折IPAの原形化 / 例文の原形主語整合化
1572,contain,A2,A2,含む,含む,/kəˈnteɪnz/,/kəntˈeɪn/,This box contains books.,This box contain books.,この箱には本が入っています。,この箱には本が入っています。,屈折IPAの原形化 / 例文の原形主語整合化
1576,ford,A2,A2,浅瀬,浅瀬,/ˈfɔrdz/,/fˈɔːrd/,The car crossed the river at a ford.,The car crossed the river at a ford.,車は浅瀬で川を渡った。,車は浅瀬で川を渡った。,屈折IPAの原形化
1580,neighborhood,A2,A2,近所,近所,/ˈneɪbərˌhʊdz/,/nˈeɪbɚhˌʊd/,They live in quiet neighborhoods.,They live in quiet neighborhood.,彼らは静かな近所に住んでいます。,彼らは静かな近所に住んでいます。,屈折IPAの原形化 / 例文の原形主語整合化
1586,shower,A2,A2,シャワー,シャワー,/ˈʃaʊərz/,/ʃˈaʊɚ/,The showers in the locker room were hot.,The shower in the locker room were hot.,ロッカールームのシャワーは熱かった。,ロッカールームのシャワーは熱かった。,屈折IPAの原形化 / 例文の原形主語整合化
1587,tower,A2,A2,塔,塔,/ˈtaʊərz/,/tˈaʊɚ/,They built tall towers in the city.,They built tall tower in the city.,彼らは都市に高い塔を建てた。,彼らは都市に高い塔を建てた。,屈折IPAの原形化 / 例文の原形主語整合化
1593,smell,A2,A2,匂い,匂い,/ˈsmɛlz/,/smˈel/,The flower smells sweet.,The flower smell sweet.,その花は甘い香りがします。,その花は甘い香りがします。,屈折IPAの原形化 / 例文の原形主語整合化
1596,finger,A2,A2,指,指,/ˈfɪŋɡərz/,/fˈɪŋɡɚ/,Count the number of fingers on your hand.,Count the number of finger on your hand.,手の指の数を数えてください。,手の指の数を数えてください。,屈折IPAの原形化 / 例文の原形主語整合化
1606,killer,A2,A2,殺人者,殺人者,/ˈkɪlərz/,/kˈɪlɚ/,The police are looking for the killers.,The police are looking for the killer.,警察は殺人犯を探しています。,警察は殺人犯を探しています。,屈折IPAの原形化 / 例文の原形主語整合化
1615,cloud,A2,A2,雲,雲,/ˈklaʊd/,/ˈklaʊd/,There are many clouds in the sky.,There are many cloud in the sky.,空にはたくさんの雲があります。,空にはたくさんの雲があります。,例文の原形主語整合化
1619,castle,A2,A2,城,城,/ˈkæsəlz/,/kˈæsəl/,The castles in Europe are very old.,The castle in Europe are very old.,ヨーロッパの城はとても古い。,ヨーロッパの城はとても古い。,屈折IPAの原形化 / 例文の原形主語整合化
1620,charity,A2,A2,慈善団体,慈善団体,/ˈtʃɛrətiz/,/tʃˈerɪtiː/,Many charities help those in need.,Many charities help those in need.,多くの慈善団体が困っている人々を助けている。,多くの慈善団体が困っている人々を助けている。,屈折IPAの原形化
1623,palace,A2,A2,宮殿,宮殿,/ˈpæləs/,/pˈæləs/,The royal family resides in the palace.,The royal family resides in the palace.,王室はその宮殿に住んでいる。,王室はその宮殿に住んでいる。,屈折IPAの原形化
1642,solve,A2,A2,解決する,解決する,/ˈsɑlvz/,/sˈɑːlv/,He solves problems quickly.,I solve problems quickly.,彼は問題を迅速に解決する。,私は問題を迅速に解決する。,屈折IPAの原形化 / 例文の原形主語整合化
1648,steal,A2,A2,盗む,盗む,/ˈstiːlz/,/stˈiːl/,Someone steals bikes from this street quite often.,Someone steal bikes from this street quite often.,この通りでは誰かが頻繁に自転車を盗みます。,この通りでは誰かが頻繁に自転車を盗みます。,屈折IPAの原形化 / 例文の原形主語整合化
1653,compete,A2,A2,競う,競う,/kəˈmpiːts/,/kəmpˈiːt/,The companies compete for market share.,The companies compete for market share.,企業は市場シェアを競う。,企業は市場シェアを競う。,屈折IPAの原形化
1654,cricket,A2,A2,コオロギ,コオロギ,/ˈkrɪkəts/,/krˈɪkət/,The crickets were chirping in the garden.,The cricket were chirping in the garden.,庭ではコオロギが鳴いていた。,庭ではコオロギが鳴いていた。,屈折IPAの原形化 / 例文の原形主語整合化
1655,disaster,A2,A2,災害,災害,/dɪˈzæstərz/,/dɪzˈæstɚ/,Natural disasters can cause widespread damage.,Natural disaster can cause widespread damage.,自然災害は広範囲にわたる被害を引き起こす可能性がある。,自然災害は広範囲にわたる被害を引き起こす可能性がある。,屈折IPAの原形化 / 例文の原形主語整合化
1656,discover,A2,A2,発見する,発見する,/dɪˈskʌvərz/,/dɪskˈʌvɚ/,He discovers new facts every day.,I discover new facts every day.,彼は毎日新しい事実を発見します。,私は毎日新しい事実を発見します。,屈折IPAの原形化 / 例文の原形主語整合化
1658,refuse,A2,A2,拒否する,拒否する,/rəˈfjuːz/,/rəfjˈuːz/,I refuse to accept your offer.,I refuse to accept your offer.,あなたの申し出を拒否します。,あなたの申し出を拒否します。,屈折IPAの原形化
1659,belong,A2,A2,所属する,所属する,/bɪˈlɔŋ/,/bɪˈlɔŋ/,This book belongs to me.,This book belong to me.,この本は私のものです。,この本は私のものです。,例文の原形主語整合化
1663,possession,A2,A2,所有物,所有物,/pəˈzɛʃənz/,/pəzˈeʃən/,He packed his possessions in boxes.,He packed his possession in boxes.,彼は自分の所有物を箱に詰めた。,私は自分の所有物を箱に詰めた。,屈折IPAの原形化 / 例文の原形主語整合化
1669,behaviour,A2,A2,行動,行動,/bɪˈheɪvjərz/,/bɪˈheɪvjərz/,The child's behaviours were inappropriate.,The child's behaviour were inappropriate.,その子供の行動は不適切だった。,その子供の行動は不適切だった。,例文の原形主語整合化
1670,salary,A2,A2,給料,給料,/ˈsæləriz/,/sˈælɚiː/,The company offers competitive salaries.,The company offers competitive salaries.,その会社は競争力のある給料を提供している。,その会社は競争力のある給料を提供している。,屈折IPAの原形化
1676,column,A2,A2,列,列,/ˈkɑləmz/,/kˈɑːləm/,The newspaper has several columns written by different authors.,The newspaper has several column written by different authors.,その新聞には、異なる著者によって書かれたいくつかのコラムがある。,その新聞には、異なる著者によって書かれたいくつかのコラムがある。,屈折IPAの原形化 / 例文の原形主語整合化
1682,fighter,A2,A2,戦闘機,戦闘機,/ˈfaɪtərz/,/fˈaɪtɚ/,The fighters were preparing for the match.,The fighter were preparing for the match.,戦闘機たちは試合の準備をしていた。,戦闘機たちは試合の準備をしていた。,屈折IPAの原形化 / 例文の原形主語整合化
1684,chip,A2,A2,チップス,チップス,/ˈtʃɪps/,/tʃˈɪp/,I like to eat chips with salsa.,I like to eat chip with salsa.,私はサルサと一緒にチップスを食べるのが好きです。,私はサルサと一緒にチップスを食べるのが好きです。,屈折IPAの原形化 / 例文の原形主語整合化
1685,jazz,A2,A2,ジャズ,ジャズ,/ˈdʒæz/,/dʒˈæz/,I love listening to jazz music.,I love listening to jazz music.,私はジャズ音楽を聴くのが好きです。,私はジャズ音楽を聴くのが好きです。,屈折IPAの原形化
1690,sauce,A2,A2,ソース,ソース,/ˈsɔs/,/sˈɔːs/,Do you want extra sauce on your pasta?,Do you want extra sauce on your pasta?,パスタに余分なソースをかけますか？,パスタに余分なソースをかけますか？,屈折IPAの原形化
1691,toy,A2,A2,おもちゃ,おもちゃ,/ˈtɔɪz/,/tˈɔɪ/,The child has many toys.,The child has many toy.,子供はたくさんのおもちゃを持っています。,子供はたくさんのおもちゃを持っています。,屈折IPAの原形化 / 例文の原形主語整合化
1696,lifestyle,A2,A2,ライフスタイル,ライフスタイル,/ˈlaɪˌfstaɪlz/,/lˈaɪfstˌaɪl/,Healthy lifestyles are important for well-being.,Healthy lifestyle are important for well-being.,健康的なライフスタイルは健康にとって重要です。,健康的なライフスタイルは健康にとって重要です。,屈折IPAの原形化 / 例文の原形主語整合化
1698,involve,A2,A2,関与する,関与する,/ɪˈnvɑlv/,/ɪˈnvɑlv/,The job involves a lot of travel.,The job involve a lot of travel.,その仕事は多くの出張を伴う。,その仕事は多くの出張を伴う。,例文の原形主語整合化
1702,instrument,A2,A2,楽器,楽器,/ˈɪnstrəmənts/,/ˈɪnstrəmənt/,He plays several musical instruments.,He plays several musical instrument.,彼はいくつかの楽器を演奏します。,私はいくつかの楽器を演奏します。,屈折IPAの原形化 / 例文の原形主語整合化
1703,lover,A2,A2,恋人,恋人,/ˈlʌvər/,/ˈlʌvər/,They are lovers and friends.,They are lover and friends.,彼らは恋人であり友達でもある。,彼らは恋人であり友達でもある。,例文の原形主語整合化
1704,arrangement,A2,A2,手配,手配,/ərˈeɪndʒmənts/,/ɚˈeɪndʒmənt/,They made all the necessary arrangements for the trip.,They made all the necessary arrangement for the trip.,彼らは旅行に必要なすべての手配をした。,彼らは旅行に必要なすべての手配をした。,屈折IPAの原形化 / 例文の原形主語整合化
1711,chef,A2,A2,シェフ,シェフ,/ˈʃɛfs/,/ʃˈef/,The restaurant is known for its talented chefs.,The restaurant is known for its talented chef.,そのレストランは才能あるシェフで知られている。,そのレストランは才能あるシェフで知られている。,屈折IPAの原形化 / 例文の原形主語整合化
1712,complain,A2,A2,不満を言う,不満を言う,/kəˈmpleɪnz/,/kəmplˈeɪn/,He often complains about the food.,He often complain about the food.,彼はよく食べ物について不満を言う。,私はよく食べ物について不満を言う。,屈折IPAの原形化 / 例文の原形主語整合化
1715,laptop,A2,A2,ノートパソコン,ノートパソコン,/ˈlæˌptɑps/,/lˈæptˌɑːp/,He prefers to use his laptops for work.,He prefers to use his laptop for work.,彼は仕事でノートパソコンを使うのを好む。,私は仕事でノートパソコンを使うのを好む。,屈折IPAの原形化 / 例文の原形主語整合化
1716,maker,A2,A2,メーカー,メーカー,/ˈmeɪkərz/,/mˈeɪkɚ/,The product is made by a famous makers.,The product is made by a famous maker.,その製品は有名なメーカーによって作られている。,その製品は有名なメーカーによって作られている。,屈折IPAの原形化 / 例文の原形主語整合化
1719,reception,A2,A2,歓迎会,歓迎会,/rɪˈsɛpʃənz/,/rɪsˈepʃən/,The hotel hosted several receptions that week.,The hotel hosted several reception that week.,ホテルはその週にいくつかの歓迎会を開催した。,ホテルはその週にいくつかの歓迎会を開催した。,屈折IPAの原形化 / 例文の原形主語整合化
1720,suggestion,A2,A2,提案,提案,/səˈɡdʒɛstʃənz/,/səɡdʒˈestʃən/,They made some suggestions for improvement.,They made some suggestion for improvement.,彼らは改善のためのいくつかの提案をした。,彼らは改善のためのいくつかの提案をした。,屈折IPAの原形化 / 例文の原形主語整合化
1721,bin,A2,A2,ゴミ箱,ゴミ箱,/ˈbɪnz/,/bˈɪn/,We have separate bins for recycling.,We have separate bin for recycling.,私たちはリサイクルのために別々のゴミ箱を持っている。,私たちはリサイクルのために別々のゴミ箱を持っている。,屈折IPAの原形化 / 例文の原形主語整合化
1723,employer,A2,A2,雇用主,雇用主,/ɛˈmplɔɪərz/,/emplˈɔɪɚ/,The employers held a meeting to discuss the new policies.,The employer held a meeting to discuss the new policies.,雇用主たちは新しい方針について話し合うために会議を開きました。,雇用主たちは新しい方針について話し合うために会議を開きました。,屈折IPAの原形化 / 例文の原形主語整合化
1726,detective,A2,A2,探偵,探偵,/dɪˈtɛktɪvz/,/dɪtˈektɪv/,The detectives investigated the crime.,The detective investigated the crime.,探偵たちはその犯罪を捜査した。,探偵たちはその犯罪を捜査した。,屈折IPAの原形化 / 例文の原形主語整合化
1727,duck,A2,A2,アヒル,アヒル,/ˈdʌks/,/dˈʌk/,The ducks are swimming in the pond.,The duck are swimming in the pond.,アヒルが池で泳いでいます。,アヒルが池で泳いでいます。,屈折IPAの原形化 / 例文の原形主語整合化
1732,poster,A2,A2,ポスター,ポスター,/ˈpoʊstərz/,/pˈoʊstɚ/,He has many posters on his wall.,He has many poster on his wall.,彼は壁にたくさんのポスターを貼っている。,私は壁にたくさんのポスターを貼っている。,屈折IPAの原形化 / 例文の原形主語整合化
1735,runner,A2,A2,ランナー,ランナー,/ˈrʌnərz/,/rˈʌnɚ/,The runners started the race.,The runner started the race.,ランナーたちはレースを始めた。,ランナーたちはレースを始めた。,屈折IPAの原形化 / 例文の原形主語整合化
1737,soap,A2,A2,石鹸,石鹸,/ˈsoʊps/,/sˈoʊp/,We have many soaps in the bathroom.,We have many soap in the bathroom.,お風呂場にはたくさんの石鹸があります。,お風呂場にはたくさんの石鹸があります。,屈折IPAの原形化 / 例文の原形主語整合化
1739,react,A2,A2,反応する,反応する,/riˈækts/,/riːˈækt/,The chemical reacts with the acid.,The chemical react with the acid.,その化学物質は酸と反応する。,その化学物質は酸と反応する。,屈折IPAの原形化 / 例文の原形主語整合化
1743,blank,A2,A2,空白,空白,/ˈblæŋks/,/blˈæŋk/,Please fill in the blanks on the form.,Please fill in the blank on the form.,用紙の空白を埋めてください。,用紙の空白を埋めてください。,屈折IPAの原形化 / 例文の原形主語整合化
1753,athlete,A2,A2,運動選手,運動選手,/ˈæˌθliːts/,/ˈæθlˌiːt/,The Olympic Games bring together athletes from around the world.,The Olympic Games bring together athlete from around the world.,オリンピックは世界中の運動選手を集めます。,オリンピックは世界中の運動選手を集めます。,屈折IPAの原形化 / 例文の原形主語整合化
1755,stamp,A2,A2,切手,切手,/ˈstæmps/,/stˈæmp/,I collect stamps from all over the world.,I collect stamp from all over the world.,私は世界中の切手を集めています。,私は世界中の切手を集めています。,屈折IPAの原形化 / 例文の原形主語整合化
1756,belly,A2,A2,お腹,お腹,/ˈbɛliz/,/bˈeliː/,The cat loves having its bellies rubbed.,The cat loves having its bellies rubbed.,その猫はお腹をなでられるのが大好きだ。,その猫はお腹をなでられるのが大好きだ。,屈折IPAの原形化
1759,lemon,A2,A2,レモン,レモン,/ˈlɛmənz/,/lˈemən/,Lemons are very sour.,lemon are very sour.,レモンはとても酸っぱいです。,レモンはとても酸っぱいです。,屈折IPAの原形化 / 例文の原形主語整合化
1764,drill,A2,A2,ドリル,ドリル,/ˈdrɪlz/,/drˈɪl/,He used a drill to make a hole in the wall.,He used a drill to make a hole in the wall.,彼はドリルを使って壁に穴を開けた。,彼はドリルを使って壁に穴を開けた。,屈折IPAの原形化
1766,architect,A2,A2,建築家,建築家,/ˈɑrkəˌtɛkts/,/ˈɑːrkətˌekt/,The architects designed a beautiful building.,The architect designed a beautiful building.,建築家たちは美しい建物を設計しました。,建築家たちは美しい建物を設計しました。,屈折IPAの原形化 / 例文の原形主語整合化
1768,predict,A2,A2,予測する、予言する,予測する、予言する,/prɪˈdɪkts/,/prɪdˈɪkt/,The weather forecast predicts heavy rain for tomorrow.,The weather forecast predict heavy rain for tomorrow.,天気予報は、明日は大雨になると予測している。,天気予報は、明日は大雨になると予測している。,屈折IPAの原形化 / 例文の原形主語整合化
1769,trainer,A2,A2,トレーナー,トレーナー,/ˈtreɪnərz/,/trˈeɪnɚ/,He wore new trainers for his run.,He wore new trainer for his run.,彼はランニングのために新しいトレーナーを履いた。,私はランニングのために新しいトレーナーを履いた。,屈折IPAの原形化 / 例文の原形主語整合化
1770,continent,A2,A2,大陸,大陸,/ˈkɑntənənts/,/kˈɑːntənənt/,There are seven continents in the world.,There are seven continent in the world.,世界には7つの大陸がある。,世界には7つの大陸がある。,屈折IPAの原形化 / 例文の原形主語整合化
1771,curse,A2,A2,呪い,呪い,/ˈkɜːrsɪz/,/kˈɜːrs/,The witch cast curses on her enemies.,The witch cast curse on her enemies.,魔女は敵に呪いをかけた。,魔女は敵に呪いをかけた。,屈折IPAの原形化 / 例文の原形主語整合化
1773,motorcycle,A2,A2,オートバイ,オートバイ,/ˈmoʊtərˌsaɪkəlz/,/mˈoʊtɚsˌaɪkəl/,He loves to ride motorcycles.,He loves to ride motorcycle.,彼はオートバイに乗るのが大好きだ。,私はオートバイに乗るのが大好きだ。,屈折IPAの原形化 / 例文の原形主語整合化
1774,penny,A2,A2,ペニー,ペニー,/ˈpɛniz/,/pˈeniː/,He found some pennies on the ground.,He found some pennies on the ground.,彼は地面にいくつかのペニーを見つけました。,彼は地面にいくつかのペニーを見つけました。,屈折IPAの原形化
1787,invention,A2,A2,発明,発明,/ɪˈnvɛnʃənz/,/ɪnvˈenʃən/,The exhibition featured many new inventions.,The exhibition featured many new invention.,その展示会では多くの新しい発明が紹介された。,その展示会では多くの新しい発明が紹介された。,屈折IPAの原形化 / 例文の原形主語整合化
1788,nut,A2,A2,ナッツ,ナッツ,/ˈnʌt/,/ˈnʌt/,She is allergic to nuts.,She is allergic to nut.,彼女はナッツアレルギーです。,私はナッツアレルギーです。,例文の原形主語整合化
1790,fork,A2,A2,フォーク,フォーク,/ˈfɔrks/,/fˈɔːrk/,We use forks to eat pasta.,We use fork to eat pasta.,私たちはパスタを食べるのにフォークを使います。,私たちはパスタを食べるのにフォークを使います。,屈折IPAの原形化 / 例文の原形主語整合化
1794,instructor,A2,A2,インストラクター,インストラクター,/ɪˈnstrʌktərz/,/ɪnstrˈʌktɚ/,The instructors were very helpful.,The instructor were very helpful.,インストラクターたちはとても親切だった。,インストラクターたちはとても親切だった。,屈折IPAの原形化 / 例文の原形主語整合化
1798,behave,A2,A2,振る舞う,振る舞う,/bɪˈheɪvz/,/bɪhˈeɪv/,She behaves very professionally.,I behave very professionally.,彼女は非常にプロフェッショナルに振る舞う。,私は非常にプロフェッショナルに振る舞う。,屈折IPAの原形化 / 例文の原形主語整合化
1809,organize,A2,A2,組織する,組織する,/ˈɔrɡəˌnaɪzɪz/,/ˈɔːrɡənˌaɪz/,She organizes the annual charity event.,I organize the annual charity event.,彼女は年次慈善イベントを組織している。,私は年次慈善イベントを組織している。,屈折IPAの原形化 / 例文の原形主語整合化
1816,employ,A2,A2,雇用する,雇用する,/ɛˈmplɔɪ/,/ɛˈmplɔɪ/,The company employs over 200 people.,The company employ over 200 people.,その会社は200人以上を雇用している。,その会社は200人以上を雇用している。,例文の原形主語整合化
1819,brake,A2,A2,ブレーキ,ブレーキ,/ˈbreɪks/,/brˈeɪk/,He slammed on the brakes to avoid the car accident.,He slammed on the brake to avoid the car accident.,彼は交通事故を避けるためにブレーキを強く踏んだ。,私は交通事故を避けるためにブレーキを強く踏んだ。,屈折IPAの原形化 / 例文の原形主語整合化
1822,elevator,A2,A2,エレベーター,エレベーター,/ˈɛləˌveɪtərz/,/ˈeləvˌeɪtɚ/,The elevators in the building were very fast.,The elevator in the building were very fast.,その建物のエレベーターは非常に速かった。,その建物のエレベーターは非常に速かった。,屈折IPAの原形化 / 例文の原形主語整合化
1825,towel,A2,A2,タオル,タオル,/ˈtaʊəlz/,/tˈaʊəl/,Please hang the wet towels to dry.,Please hang the wet towel to dry.,濡れたタオルを乾かすために掛けてください。,濡れたタオルを乾かすために掛けてください。,屈折IPAの原形化 / 例文の原形主語整合化
1826,bloom,A2,A2,花が咲く,花が咲く,/ˈbluːmz/,/blˈuːm/,The cherry trees are now in full blooms.,The cherry trees are now in full bloom.,桜の木は今満開だ。,桜の木は今満開だ。,屈折IPAの原形化 / 例文の原形主語整合化
1827,clown,A2,A2,道化師,道化師,/ˈklaʊnz/,/klˈaʊn/,The clowns were very funny.,The clown were very funny.,道化師たちはとても面白かった。,道化師たちはとても面白かった。,屈折IPAの原形化 / 例文の原形主語整合化
1829,printer,A2,A2,プリンター,プリンター,/ˈprɪntərz/,/prˈɪntɚ/,We need to buy new printers for the office.,We need to buy new printer for the office.,私たちはオフィス用の新しいプリンターを買う必要がある。,私たちはオフィス用の新しいプリンターを買う必要がある。,屈折IPAの原形化 / 例文の原形主語整合化
1836,researcher,A2,A2,研究者,研究者,/ˈriːsərtʃərz/,/rˈiːsɚtʃɚ/,Researchers are working to find a cure for the disease.,researcher are working to find a cure for the disease.,研究者たちはその病気の治療法を見つけるために働いている。,研究者たちはその病気の治療法を見つけるために働いている。,屈折IPAの原形化 / 例文の原形主語整合化
1843,frog,A2,A2,カエル,カエル,/ˈfrɑɡz/,/frˈɑːɡ/,The frogs are jumping in the pond.,The frog are jumping in the pond.,カエルが池で飛び跳ねています。,カエルが池で飛び跳ねています。,屈折IPAの原形化 / 例文の原形主語整合化
1844,fry,A2,A2,フライドポテト,フライドポテト,/ˈfraɪz/,/frˈaɪ/,I love to eat fries with ketchup.,I love to eat fries with ketchup.,私はケチャップをつけたフライドポテトを食べるのが好きです。,私はケチャップをつけたフライドポテトを食べるのが好きです。,屈折IPAの原形化
1850,breeze,A2,A2,そよ風,そよ風,/ˈbriːz/,/brˈiːz/,A gentle breeze was blowing.,A gentle breeze was blowing.,穏やかなそよ風が吹いていた。,穏やかなそよ風が吹いていた。,屈折IPAの原形化
1854,wheelchair,A2,A2,車椅子,車椅子,/ˈwiːˌltʃɛrz/,/wˈiːltʃˌer/,They provide wheelchairs for disabled people.,They provide wheelchair for disabled people.,彼らは障害者のために車椅子を提供しています。,彼らは障害者のために車椅子を提供しています。,屈折IPAの原形化 / 例文の原形主語整合化
1858,advertisement,A2,A2,広告,広告,/ˈædvərˌtaɪzmənts/,/ədvˈɜːrtəzmənt/,The magazine is filled with advertisements.,The magazine is filled with advertisement.,その雑誌は広告で溢れていた。,その雑誌は広告で溢れていた。,屈折IPAの原形化 / 例文の原形主語整合化
1865,quiz,A2,A2,クイズ,クイズ,/ˈkwɪzɪz/,/kwˈɪz/,We have quizzes every Friday in class.,We have quizzes every Friday in class.,私たちは毎週金曜日に授業でクイズがあります。,私たちは毎週金曜日に授業でクイズがあります。,屈折IPAの原形化
1868,sausage,A2,A2,ソーセージ,ソーセージ,/ˈsɔsɪdʒɪz/,/sˈɔːsədʒ/,We ate sausages for breakfast.,We ate sausage for breakfast.,私たちは朝食にソーセージを食べた。,私たちは朝食にソーセージを食べた。,屈折IPAの原形化 / 例文の原形主語整合化
1873,drawer,A2,A2,引き出し,引き出し,/ˈdrɔrz/,/drˈɔːr/,She keeps her socks in the top drawer.,She keeps her socks in the top drawer.,彼女は靴下を一番上の引き出しに入れています。,彼女は靴下を一番上の引き出しに入れています。,屈折IPAの原形化
1874,dinosaur,A2,A2,恐竜,恐竜,/ˈdaɪnəˌsɔrz/,/dˈaɪnəsˌɔːr/,Dinosaurs roamed the earth millions of years ago.,dinosaur roamed the earth millions of years ago.,恐竜は何百万年も前に地球を歩き回っていた。,恐竜は何百万年も前に地球を歩き回っていた。,屈折IPAの原形化 / 例文の原形主語整合化
1877,symphony,A2,A2,交響曲,交響曲,/ˈsɪmfəniz/,/sˈɪmfəniː/,Beethoven composed nine symphonies.,Beethoven composed nine symphonies.,ベートーヴェンは9つの交響曲を作曲した。,ベートーヴェンは9つの交響曲を作曲した。,屈折IPAの原形化
1882,amusement,A2,A2,娯楽,娯楽,/əˈmjuːzmənts/,/əmjˈuːzmənt/,They enjoyed the amusements at the park.,They enjoyed the amusement at the park.,彼らは公園で娯楽を楽しんだ。,彼らは公園で娯楽を楽しんだ。,屈折IPAの原形化 / 例文の原形主語整合化
1894,greet,A2,A2,挨拶する,挨拶する,/ˈɡriːts/,/ɡrˈiːt/,He greets everyone with a smile.,I greet everyone with a smile.,彼は笑顔でみんなに挨拶する。,私は笑顔でみんなに挨拶する。,屈折IPAの原形化 / 例文の原形主語整合化
1895,aisle,A2,A2,通路,通路,/ˈaɪlz/,/ˈaɪl/,The groceries are located in the second aisle.,The groceries are located in the second aisle.,食料品は2番目の通路にあります。,食料品は2番目の通路にあります。,屈折IPAの原形化
1901,verb,A2,A2,動詞,動詞,/ˈvɜːrbz/,/vˈɜːrb/,Verbs are words that describe actions.,verb are words that describe actions.,動詞は行動を説明する言葉です。,動詞は行動を説明する言葉です。,屈折IPAの原形化 / 例文の原形主語整合化
1904,mug,A2,A2,マグカップ,マグカップ,/ˈmʌɡz/,/mˈʌɡ/,They drank their coffee from mugs.,They drank their coffee from mug.,彼らはマグカップでコーヒーを飲んだ。,彼らはマグカップでコーヒーを飲んだ。,屈折IPAの原形化 / 例文の原形主語整合化
1909,scarf,A2,A2,スカーフ,スカーフ,/ˈskɑrvz/,/skˈɑːrf/,She has a collection of colorful scarves.,She has a collection of colorful scarves.,彼女はカラフルなスカーフのコレクションを持っています。,彼女はカラフルなスカーフのコレクションを持っています。,屈折IPAの原形化
1914,advertise,A2,A2,宣伝する,宣伝する,/ˈædvərˌtaɪz/,/ˈædvɚtˌaɪz/,The company will advertise its new product.,The company will advertise its new product.,その会社は新製品を宣伝するだろう。,その会社は新製品を宣伝するだろう。,屈折IPAの原形化
1916,pronounce,A2,A2,発音する,発音する,/prəˈnaʊnsɪz/,/prənˈaʊns/,She pronounces the word with a British accent.,I pronounce the word with a British accent.,彼女はイギリス訛りでその単語を発音します。,私はイギリス訛りでその単語を発音します。,屈折IPAの原形化 / 例文の原形主語整合化
1919,mushroom,A2,A2,キノコ,キノコ,/ˈmʌʃrumz/,/mˈʌʃruːm/,I love to eat mushrooms in soup.,I love to eat mushroom in soup.,私はスープにキノコを入れて食べるのが好きです。,私はスープにキノコを入れて食べるのが好きです。,屈折IPAの原形化 / 例文の原形主語整合化
1920,barbecue,A2,A2,バーベキュー,バーベキュー,/ˈbɑrbɪˌkjuːz/,/bˈɑːrbɪkjˌuː/,We had barbecues in the park last weekend.,We had barbecue in the park last weekend.,私たちは先週末、公園でバーベキューをした。,私たちは先週末、公園でバーベキューをした。,屈折IPAの原形化 / 例文の原形主語整合化
1923,refrigerator,A2,A2,冷蔵庫,冷蔵庫,/rɪˈfrɪdʒərˌeɪtərz/,/rəfrˈɪdʒɚˌeɪtɚ/,We need to buy new refrigerators for the kitchen.,We need to buy new refrigerator for the kitchen.,私たちはキッチンのために新しい冷蔵庫を買う必要があります。,私たちはキッチンのために新しい冷蔵庫を買う必要があります。,屈折IPAの原形化 / 例文の原形主語整合化
1928,orphan,A2,A2,孤児,孤児,/ˈɔrfən/,/ˈɔrfən/,The charity helps many orphans in the area.,The charity helps many orphan in the area.,その慈善団体は、その地域の多くの孤児を支援しています。,その慈善団体は、その地域の多くの孤児を支援しています。,例文の原形主語整合化
1937,suitcase,A2,A2,スーツケース,スーツケース,/ˈsuːˌtkeɪs/,/sˈuːtkˌeɪs/,He packed his suitcase for the trip.,He packed his suitcase for the trip.,彼は旅行のためにスーツケースを詰めた。,彼は旅行のためにスーツケースを詰めた。,屈折IPAの原形化
1938,pea,A2,A2,エンドウ豆,エンドウ豆,/ˈpiː/,/ˈpiː/,I like to eat peas.,I like to eat pea.,私はエンドウ豆を食べるのが好きです。,私はエンドウ豆を食べるのが好きです。,例文の原形主語整合化
1947,traveller,A2,A2,旅行者,旅行者,/ˈtrævələrz/,/trˈævəlɚ/,The travellers arrived at the hotel late at night.,The traveller arrived at the hotel late at night.,旅行者たちは夜遅くにホテルに到着した。,旅行者たちは夜遅くにホテルに到着した。,屈折IPAの原形化 / 例文の原形主語整合化
1949,paw,A2,A2,足（動物の）,足（動物の）,/ˈpɔz/,/pˈɔː/,The cat has soft paws.,The cat has soft paw.,猫は柔らかい足を持っています。,猫は柔らかい足を持っています。,屈折IPAの原形化 / 例文の原形主語整合化
1950,pear,A2,A2,梨,梨,/ˈpɛr/,/ˈpɛr/,I like to eat pears in the fall.,I like to eat pear in the fall.,私は秋に梨を食べるのが好きです。,私は秋に梨を食べるのが好きです。,例文の原形主語整合化
1952,tram,A2,A2,路面電車,路面電車,/ˈtræmz/,/trˈæm/,The trams run through the city centre.,The tram run through the city centre.,路面電車は市内中心部を走っています。,路面電車は市内中心部を走っています。,屈折IPAの原形化 / 例文の原形主語整合化
1953,biscuit,A2,A2,ビスケット,ビスケット,/ˈbɪskəts/,/bˈɪskət/,I ate some biscuits with my tea.,I ate some biscuit with my tea.,お茶と一緒にビスケットを食べました。,お茶と一緒にビスケットを食べました。,屈折IPAの原形化 / 例文の原形主語整合化
1961,flea,A2,A2,ノミ,ノミ,/ˈfliː/,/ˈfliː/,The dog has fleas.,The dog has flea.,その犬はノミがいる。,その犬はノミがいる。,例文の原形主語整合化
1964,cassette,A2,A2,カセットテープ,カセットテープ,/kəˈsɛts/,/kəsˈet/,I still have some old cassettes from the 80s.,I still have some old cassette from the 80s.,私はまだ80年代の古いカセットテープをいくつか持っている。,私はまだ80年代の古いカセットテープをいくつか持っている。,屈折IPAの原形化 / 例文の原形主語整合化
1971,recycle,A2,A2,リサイクルする,リサイクルする,/riˈsaɪkəlz/,/riːsˈaɪkəl/,The company recycles all its paper waste.,The company recycle all its paper waste.,その会社はすべての紙くずをリサイクルしている。,その会社はすべての紙くずをリサイクルしている。,屈折IPAの原形化 / 例文の原形主語整合化
1972,adjective,A2,A2,形容詞,形容詞,/ˈædʒɪktɪvz/,/ˈædʒɪktɪv/,Adjectives modify nouns.,adjective modify nouns.,形容詞は名詞を修飾する。,形容詞は名詞を修飾する。,屈折IPAの原形化 / 例文の原形主語整合化
1978,melon,A2,A2,メロン,メロン,/ˈmɛlənz/,/mˈelən/,I want to eat melons.,I want to eat melon.,私はメロンを食べたいです。,私はメロンを食べたいです。,屈折IPAの原形化 / 例文の原形主語整合化
1980,weekday,A2,A2,平日,平日,/ˈwiːˌkdeɪz/,/wˈiːkdˌeɪ/,I go to work on weekdays.,I go to work on weekday.,私は平日に仕事に行きます。,私は平日に仕事に行きます。,屈折IPAの原形化 / 例文の原形主語整合化
1981,headphone,A2,A2,ヘッドフォン,ヘッドフォン,/ˈhɛˌdfoʊnz/,/hˈedfˌoʊn/,I wear headphones while studying.,I wear headphone while studying.,私は勉強中にヘッドフォンを着用します。,私は勉強中にヘッドフォンを着用します。,屈折IPAの原形化 / 例文の原形主語整合化
1998,earring,A2,A2,イヤリング,イヤリング,/ˈɪrɪŋz/,/ˈɪrɪŋ/,She is wearing silver earrings.,She is wearing silver earring.,彼女は銀色のイヤリングをしている。,私は銀色のイヤリングをしている。,屈折IPAの原形化 / 例文の原形主語整合化
2001,escalator,A2,A2,エスカレーター,エスカレーター,/ˈɛskəˌleɪtərz/,/ˈeskəlˌeɪtɚ/,Take the escalators to the next floor.,Take the escalator to the next floor.,エスカレーターで次の階へ行ってください。,エスカレーターで次の階へ行ってください。,屈折IPAの原形化 / 例文の原形主語整合化
2008,superlative,A2,A2,最上級,最上級,/sʊˈpɜːrlətɪvz/,/sʊpˈɜːrlətɪv/,The critics used superlatives to describe the performance.,The critics used superlative to describe the performance.,評論家たちはそのパフォーマンスを説明するのに最上級を使った。,評論家たちはそのパフォーマンスを説明するのに最上級を使った。,屈折IPAの原形化 / 例文の原形主語整合化
2009,bookcase,A2,A2,本棚,本棚,/ˈbʊˌkkeɪs/,/bˈʊkkˌeɪs/,The bookcase is full of books.,The bookcase is full of books.,本棚は本でいっぱいです。,本棚は本でいっぱいです。,屈折IPAの原形化
2018,place,B1,B1,場所,場所,/ˈpleɪs/,/plˈeɪs/,This is a beautiful place.,This is a beautiful place.,ここは美しい場所です。,ここは美しい場所です。,屈折IPAの原形化
2021,point,B1,B1,ポイント,ポイント,/ˈpɔɪnts/,/pˈɔɪnt/,He scored 20 points in the game.,He scored 20 point in the game.,彼はその試合で20ポイント得点した。,私はその試合で20ポイント得点した。,屈折IPAの原形化 / 例文の原形主語整合化
2022,head,B1,B1,頭,頭,/ˈhɛdz/,/hˈed/,The students put their heads down during the test.,The students put their head down during the test.,生徒たちはテスト中、頭を下げました。,生徒たちはテスト中、頭を下げました。,屈折IPAの原形化 / 例文の原形主語整合化
2025,face,B1,B1,顔,顔,/ˈfeɪs/,/fˈeɪs/,She has a beautiful face.,She has a beautiful face.,彼女は美しい顔をしています。,彼女は美しい顔をしています。,屈折IPAの原形化
2029,court,B1,B1,裁判所,裁判所,/ˈkɔrts/,/kˈɔːrt/,The case will be decided in the courts.,The case will be decided in the court.,その訴訟は裁判所で決定されるだろう。,その訴訟は裁判所で決定されるだろう。,屈折IPAの原形化 / 例文の原形主語整合化
2030,hand,B1,B1,手,手,/ˈhændz/,/hˈænd/,Wash your hands before eating dinner.,Wash your hand before eating dinner.,夕食を食べる前に手を洗いなさい。,夕食を食べる前に手を洗いなさい。,屈折IPAの原形化 / 例文の原形主語整合化
2031,due,B1,B1,会費,会費,/ˈduːz/,/dˈuː/,You need to pay your dues before you can join the club.,You need to pay your due before you can join the club.,クラブに入会する前に会費を払う必要があります。,クラブに入会する前に会費を払う必要があります。,屈折IPAの原形化 / 例文の原形主語整合化
2036,market,B1,B1,市場,市場,/ˈmɑrkəts/,/mˈɑːrkət/,The stock markets closed higher today.,The stock market closed higher today.,株式市場は今日、上昇して取引を終えた。,株式市場は今日、上昇して取引を終えた。,屈折IPAの原形化 / 例文の原形主語整合化
2038,experience,B1,B1,経験,経験,/ɪˈkspɪriənsɪz/,/ɪkspˈɪriːəns/,Traveling to different countries provides enriching experiences.,Traveling to different countries provides enriching experience.,さまざまな国への旅行は豊かな経験を提供する。,さまざまな国への旅行は豊かな経験を提供する。,屈折IPAの原形化 / 例文の原形主語整合化
2041,clear,B1,B1,晴れる,晴れる,/ˈklɪrz/,/klˈɪr/,The sky clears after the rain.,The sky clear after the rain.,雨上がりに空が晴れる。,雨上がりに空が晴れる。,屈折IPAの原形化 / 例文の原形主語整合化
2042,board,B1,B1,板,板,/ˈbɔrdz/,/bˈɔːrd/,The boards were painted white.,The board were painted white.,その板は白く塗られました。,その板は白く塗られました。,屈折IPAの原形化 / 例文の原形主語整合化
2043,force,B1,B1,力,力,/ˈfɔrs/,/fˈɔːrs/,He used force to open the door.,He used force to open the door.,彼はドアを開けるために力を使った。,彼はドアを開けるために力を使った。,屈折IPAの原形化
2050,average,B1,B1,平均,平均,/ˈævrɪdʒɪz/,/ˈævɚɪdʒ/,The average temperature in July is 25 degrees.,The average temperature in July is 25 degrees.,7月の平均気温は25度です。,7月の平均気温は25度です。,屈折IPAの原形化
2052,performance,B1,B1,パフォーマンス,パフォーマンス,/pərˈfɔrməns/,/pɚfˈɔːrməns/,The performance was outstanding.,The performance was outstanding.,そのパフォーマンスは素晴らしかった。,そのパフォーマンスは素晴らしかった。,屈折IPAの原形化
2066,vote,B1,B1,投票,投票,/ˈvoʊts/,/vˈoʊt/,Each citizen has the right to cast their votes.,Each citizen has the right to cast their vote.,すべての市民には投票する権利がある。,すべての市民には投票する権利がある。,屈折IPAの原形化 / 例文の原形主語整合化
2070,release,B1,B1,解放,解放,/riˈliːs/,/riːlˈiːs/,The bird was released back into the wild.,The bird was released back into the wild.,鳥は野生に解放されました。,鳥は野生に解放されました。,屈折IPAの原形化
2073,election,B1,B1,選挙,選挙,/ɪˈlɛkʃənz/,/ɪlˈekʃən/,The country is holding elections next month.,The country is holding election next month.,その国は来月選挙を行う。,その国は来月選挙を行う。,屈折IPAの原形化 / 例文の原形主語整合化
2077,staff,B1,B1,職員,職員,/ˈstæfs/,/stˈæf/,The staffs were very helpful.,The staff were very helpful.,職員はとても親切だった。,職員はとても親切だった。,屈折IPAの原形化 / 例文の原形主語整合化
2078,union,B1,B1,労働組合,労働組合,/ˈjuːnjənz/,/jˈuːnjən/,He is an active member of several unions.,He is an active member of several union.,彼はいくつかの労働組合の活動的なメンバーです。,私はいくつかの労働組合の活動的なメンバーです。,屈折IPAの原形化 / 例文の原形主語整合化
2081,version,B1,B1,バージョン,バージョン,/ˈvɜːrʒənz/,/vˈɜːrʒən/,There are several different versions of the software.,There are several different version of the software.,そのソフトウェアにはいくつかの異なるバージョンがある。,そのソフトウェアにはいくつかの異なるバージョンがある。,屈折IPAの原形化 / 例文の原形主語整合化
2083,base,B1,B1,基盤,基盤,/ˈbeɪs/,/bˈeɪs/,The company's base is in New York.,The company's base is in New York.,その会社の拠点はニューヨークにあります。,その会社の拠点はニューヨークにあります。,屈折IPAの原形化
2085,risk,B1,B1,リスク,リスク,/ˈrɪsks/,/rˈɪsk/,There are many risks involved in this project.,There are many risk involved in this project.,このプロジェクトには多くのリスクが伴う。,このプロジェクトには多くのリスクが伴う。,屈折IPAの原形化 / 例文の原形主語整合化
2092,charge,B1,B1,料金,料金,/ˈtʃɑrdʒəz/,/tʃˈɑːrdʒ/,The bank charges a fee for the service.,The bank charge a fee for the service.,銀行はそのサービスに料金を請求する。,銀行はそのサービスに料金を請求する。,屈折IPAの原形化 / 例文の原形主語整合化
2095,addition,B1,B1,追加,追加,/əˈdɪʃənz/,/ədˈɪʃən/,The new additions to the museum are impressive.,The new addition to the museum are impressive.,博物館への新しい追加は印象的だ。,博物館への新しい追加は印象的だ。,屈折IPAの原形化 / 例文の原形主語整合化
2099,pressure,B1,B1,圧力,圧力,/ˈprɛʃərz/,/prˈeʃɚ/,There are many pressures in life.,There are many pressure in life.,人生には多くの圧力がある。,人生には多くの圧力がある。,屈折IPAの原形化 / 例文の原形主語整合化
2101,western,B1,B1,西部劇,西部劇,/ˈwɛstərnz/,/wˈestɚn/,He loves watching old westerns.,He loves watching old western.,彼は古い西部劇を見るのが好きだ。,私は古い西部劇を見るのが好きだ。,屈折IPAの原形化 / 例文の原形主語整合化
2102,campaign,B1,B1,キャンペーン,キャンペーン,/kæˈmpeɪnz/,/kæmpˈeɪn/,The company launched several marketing campaigns.,The company launched several marketing campaign.,会社はいくつかのマーケティングキャンペーンを開始した。,会社はいくつかのマーケティングキャンペーンを開始した。,屈折IPAの原形化 / 例文の原形主語整合化
2110,tour,B1,B1,ツアー,ツアー,/ˈtʊrz/,/tˈʊr/,We went on many tours during our vacation.,We went on many tour during our vacation.,私たちは休暇中に多くのツアーに参加しました。,私たちは休暇中に多くのツアーに参加しました。,屈折IPAの原形化 / 例文の原形主語整合化
2117,collection,B1,B1,コレクション,コレクション,/kəˈlɛkʃənz/,/kəlˈekʃən/,The museum has a large collection of paintings.,The museum has a large collection of paintings.,博物館は絵画の大きなコレクションを持っている。,博物館は絵画の大きなコレクションを持っている。,屈折IPAの原形化
2122,fear,B1,B1,恐れ,恐れ,/ˈfɪrz/,/fˈɪr/,He has many fears in his mind.,He has many fear in his mind.,彼は心の中に多くの恐れを抱えている。,私は心の中に多くの恐れを抱えている。,屈折IPAの原形化 / 例文の原形主語整合化
2125,judge,B1,B1,裁判官,裁判官,/ˈdʒʌdʒɪz/,/dʒˈʌdʒ/,The judges listened carefully to the evidence.,The judge listened carefully to the evidence.,裁判官たちは証拠を注意深く聞いた。,裁判官たちは証拠を注意深く聞いた。,屈折IPAの原形化 / 例文の原形主語整合化
2127,rule,B1,B1,規則,規則,/ˈruːlz/,/rˈuːl/,The rules of the game are very simple.,The rule of the game are very simple.,ゲームの規則はとてもシンプルです。,ゲームの規則はとてもシンプルです。,屈折IPAの原形化 / 例文の原形主語整合化
2129,wonder,B1,B1,驚異,驚異,/ˈwʌndərz/,/wˈʌndɚ/,The Grand Canyon is one of the world's wonders.,The Grand Canyon is one of the world's wonder.,グランドキャニオンは世界の驚異の一つです。,グランドキャニオンは世界の驚異の一つです。,屈折IPAの原形化 / 例文の原形主語整合化
2131,commercial,B1,B1,コマーシャル,コマーシャル,/kəˈmɜːrʃəlz/,/kəmˈɜːrʃəl/,The commercials during the Super Bowl were very creative.,The commercial during the Super Bowl were very creative.,スーパーボウル中のコマーシャルは非常に創造的でした。,スーパーボウル中のコマーシャルは非常に創造的でした。,屈折IPAの原形化 / 例文の原形主語整合化
2138,direct,B1,B1,指示する、監督する,指示する、監督する,/dərˈɛkts/,/dɚˈekt/,The manager directs the team towards their goals.,The manager direct the team towards their goals.,マネージャーはチームを目標に向かって指示する。,マネージャーはチームを目標に向かって指示する。,屈折IPAの原形化 / 例文の原形主語整合化
2139,marriage,B1,B1,結婚,結婚,/ˈmɛrɪdʒɪz/,/mˈerɪdʒ/,They celebrated their 50th wedding anniversary.,They celebrated their 50th wedding anniversary.,彼らは50回目の結婚記念日を祝いました。,彼らは50回目の結婚記念日を祝いました。,屈折IPAの原形化
2140,damage,B1,B1,損害,損害,/ˈdæmədʒəz/,/dˈæmədʒ/,The storm caused extensive damages.,The storm caused extensive damage.,嵐は広範囲にわたる損害を引き起こした。,嵐は広範囲にわたる損害を引き起こした。,屈折IPAの原形化 / 例文の原形主語整合化
2145,basic,B1,B1,基本,基本,/ˈbeɪsɪks/,/bˈeɪsɪk/,We need to learn the basics first.,We need to learn the basic first.,まず基本を学ぶ必要があります。,まず基本を学ぶ必要があります。,屈折IPAの原形化 / 例文の原形主語整合化
2152,block,B1,B1,ブロック,ブロック,/ˈblɑk/,/ˈblɑk/,Let's build a tower with the blocks.,Let's build a tower with the block.,ブロックでタワーを建てましょう。,ブロックでタワーを建てましょう。,例文の原形主語整合化
2156,nation,B1,B1,国々,国々,/ˈneɪʃənz/,/nˈeɪʃən/,Many nations participated in the conference.,Many nation participated in the conference.,多くの国々が会議に参加した。,多くの国々が会議に参加した。,屈折IPAの原形化 / 例文の原形主語整合化
2159,theory,B1,B1,理論,理論,/ˈθɪriz/,/θˈɪriː/,Scientists are developing new theories about the universe.,Scientists are developing new theories about the universe.,科学者たちは宇宙に関する新しい理論を開発している。,科学者たちは宇宙に関する新しい理論を開発している。,屈折IPAの原形化
2168,exchange,B1,B1,交換,交換,/ɪˈkstʃeɪndʒəz/,/ɪkstʃˈeɪndʒ/,They had friendly exchanges about their experiences.,They had friendly exchange about their experiences.,彼らは自分たちの経験について友好的な意見交換をした。,彼らは自分たちの経験について友好的な意見交換をした。,屈折IPAの原形化 / 例文の原形主語整合化
2172,royal,B1,B1,王族,王族,/ˈrɔɪəlz/,/rˈɔɪəl/,The royals attended the ceremony.,The royal attended the ceremony.,王族が式典に出席した。,王族が式典に出席した。,屈折IPAの原形化 / 例文の原形主語整合化
2176,brand,B1,B1,ブランド,ブランド,/ˈbrændz/,/brˈænd/,There are many different brands of clothing.,There are many different brand of clothing.,さまざまなブランドの服がある。,さまざまなブランドの服がある。,屈折IPAの原形化 / 例文の原形主語整合化
2183,surface,B1,B1,表面,表面,/ˈsɜːrfəsəz/,/sˈɜːrfəs/,The surfaces of the table were smooth.,The surface of the table were smooth.,テーブルの表面は滑らかだった。,テーブルの表面は滑らかだった。,屈折IPAの原形化 / 例文の原形主語整合化
2187,feature,B1,B1,特徴,特徴,/ˈfiːtʃərz/,/fˈiːtʃɚ/,The car has many safety features.,The car has many safety feature.,その車には多くの安全機能がある。,その車には多くの安全機能がある。,屈折IPAの原形化 / 例文の原形主語整合化
2188,generation,B1,B1,世代,世代,/ˌdʒɛnərˈeɪʃənz/,/dʒˌenɚˈeɪʃən/,This tradition has been passed down through generations.,This tradition has been passed down through generation.,この伝統は世代を超えて受け継がれてきた。,この伝統は世代を超えて受け継がれてきた。,屈折IPAの原形化 / 例文の原形主語整合化
2190,agent,B1,B1,代理人,代理人,/ˈeɪdʒənts/,/ˈeɪdʒənt/,The real estate agents helped them find the perfect house.,The real estate agent helped them find the perfect house.,不動産業者の代理人が、彼らにぴったりの家を見つけるのを手伝いました。,不動産業者の代理人が、彼らにぴったりの家を見つけるのを手伝いました。,屈折IPAの原形化 / 例文の原形主語整合化
2191,authority,B1,B1,当局,当局,/əˈθɔrətiz/,/əθˈɔːrətiː/,The authorities are investigating the incident.,The authorities are investigating the incident.,当局はその事件を調査している。,当局はその事件を調査している。,屈折IPAの原形化
2194,spread,B1,B1,"広がる,拡散する","広がる,拡散する",/ˈsprɛdz/,/sprˈed/,The news spreads quickly through social media.,The news spread quickly through social media.,ニュースはソーシャルメディアを通じて急速に広がる。,ニュースはソーシャルメディアを通じて急速に広がる。,屈折IPAの原形化 / 例文の原形主語整合化
2195,supply,B1,B1,備品,備品,/səˈplaɪz/,/səplˈaɪ/,We need to order office supplies.,We need to order office supplies.,私たちは事務用品を注文する必要があります。,私たちは事務用品を注文する必要があります。,屈折IPAの原形化
2206,influence,B1,B1,影響,影響,/ˈɪnfluəns/,/ˈɪnfluːəns/,His teacher had a big influence on him.,His teacher had a big influence on him.,彼の先生は彼に大きな影響を与えた。,彼の先生は彼に大きな影響を与えた。,屈折IPAの原形化
2209,require,B1,B1,必要とする,必要とする,/ˌriːˈkwaɪər/,/ˌriːˈkwaɪər/,This job requires a lot of experience.,This job require a lot of experience.,この仕事は多くの経験を必要とします。,この仕事は多くの経験を必要とします。,例文の原形主語整合化
2215,setting,B1,B1,設定,設定,/ˈsɛtɪŋz/,/sˈetɪŋ/,You can change the settings on your phone.,You can change the setting on your phone.,携帯電話の設定を変更できます。,携帯電話の設定を変更できます。,屈折IPAの原形化 / 例文の原形主語整合化
2217,ad,B1,B1,広告,広告,/ˈædz/,/ˈæd/,I saw many ads on the internet.,I saw many ad on the internet.,インターネットで多くの広告を見た。,インターネットで多くの広告を見た。,屈折IPAの原形化 / 例文の原形主語整合化
2218,balance,B1,B1,残高,残高,/ˈbælənsəz/,/bˈæləns/,Check the balances in the bank account.,Check the balance in the bank account.,銀行口座の残高を確認してください。,銀行口座の残高を確認してください。,屈折IPAの原形化 / 例文の原形主語整合化
2221,net,B1,B1,ネット,ネット,/ˈnɛts/,/nˈet/,The fish were caught in the nets.,The fish were caught in the net.,魚は網にかかりました。,魚は網にかかりました。,屈折IPAの原形化 / 例文の原形主語整合化
2227,roll,B1,B1,ロールパン,ロールパン,/ˈroʊlz/,/rˈoʊl/,I had two rolls for breakfast.,I had two roll for breakfast.,私は朝食にロールパンを2つ食べた。,私は朝食にロールパンを2つ食べた。,屈折IPAの原形化 / 例文の原形主語整合化
2230,treat,B1,B1,おやつ,おやつ,/ˈtriːts/,/trˈiːt/,They gave the dog treats.,They gave the dog treat.,彼らは犬におやつを与えた。,彼らは犬におやつを与えた。,屈折IPAの原形化 / 例文の原形主語整合化
2231,youth,B1,B1,若者,若者,/ˈjuːðz/,/jˈuːθ/,The youths enjoyed the music festival.,The youth enjoyed the music festival.,若者たちは音楽祭を楽しんだ。,若者たちは音楽祭を楽しんだ。,屈折IPAの原形化 / 例文の原形主語整合化
2233,edge,B1,B1,端,端,/ˈɛdʒəz/,/ˈedʒ/,Be careful not to walk too close to the edges of the cliff.,Be careful not to walk too close to the edge of the cliff.,崖の端に近づきすぎないように注意してください。,崖の端に近づきすぎないように注意してください。,屈折IPAの原形化 / 例文の原形主語整合化
2238,reference,B1,B1,参考文献,参考文献,/ˈrɛfərənsɪz/,/rˈefɚəns/,The paper includes a list of references.,The paper includes a list of reference.,論文には参考文献リストが含まれている。,論文には参考文献リストが含まれている。,屈折IPAの原形化 / 例文の原形主語整合化
2240,guard,B1,B1,警備員,警備員,/ˈɡɑrdz/,/ɡˈɑːrd/,The guards patrol the building.,The guard patrol the building.,警備員が建物を巡回している。,警備員が建物を巡回している。,屈折IPAの原形化 / 例文の原形主語整合化
2243,port,B1,B1,港,港,/ˈpɔrts/,/pˈɔːrt/,The ships returned to the ports safely.,The ships returned to the port safely.,船は無事に港に戻った。,船は無事に港に戻った。,屈折IPAの原形化 / 例文の原形主語整合化
2247,emergency,B1,B1,緊急事態,緊急事態,/ɪˈmɜːrdʒənsiz/,/ɪmˈɜːrdʒənsiː/,Call 911 in case of emergencies.,Call 911 in case of emergencies.,緊急事態の場合は911に電話してください。,緊急事態の場合は911に電話してください。,屈折IPAの原形化
2250,prince,B1,B1,王子たち,王子たち,/ˈprɪnsəz/,/prˈɪns/,The princes attended the royal ball.,The prince attended the royal ball.,王子たちは王室の舞踏会に出席しました。,王子たちは王室の舞踏会に出席しました。,屈折IPAの原形化 / 例文の原形主語整合化
2256,path,B1,B1,道,道,/ˈpæðz/,/pˈæθ/,There are many paths in the forest.,There are many path in the forest.,森の中にはたくさんの道があります。,森の中にはたくさんの道があります。,屈折IPAの原形化 / 例文の原形主語整合化
2264,intelligence,B1,B1,知能、知性,知能、知性,/ɪˈntɛlədʒəns/,/ɪntˈelədʒəns/,She showed remarkable intelligence at a young age.,She showed remarkable intelligence at a young age.,彼女は幼い頃から並外れた知性を示した。,彼女は幼い頃から並外れた知性を示した。,屈折IPAの原形化
2270,native,B1,B1,原住民、先住民,原住民、先住民,/ˈneɪtɪvz/,/nˈeɪtɪv/,The natives welcomed us to their village.,The native welcomed us to their village.,先住民の人々は私たちを彼らの村に歓迎した。,先住民の人々は私たちを彼らの村に歓迎した。,屈折IPAの原形化 / 例文の原形主語整合化
2272,update,B1,B1,更新,更新,/əˈpdeɪts/,/əpdˈeɪt/,We will provide updates on the situation.,We will provide update on the situation.,私たちは状況の更新を提供するだろう。,私たちは状況の更新を提供するだろう。,屈折IPAの原形化 / 例文の原形主語整合化
2274,flow,B1,B1,流れる,流れる,/ˈfloʊz/,/flˈoʊ/,The river flows to the ocean.,The river flow to the ocean.,川は海に流れる。,川は海に流れる。,屈折IPAの原形化 / 例文の原形主語整合化
2278,entry,B1,B1,エントリー,エントリー,/ˈɛntriz/,/ˈentriː/,There were many entries in the writing competition.,There were many entries in the writing competition.,その作文コンクールには多くのエントリーがありました。,その作文コンクールには多くのエントリーがありました。,屈折IPAの原形化
2282,candidate,B1,B1,候補者,候補者,/ˈkændədeɪts/,/kˈændədeɪt/,There are three candidates for the job.,There are three candidate for the job.,その仕事には3人の候補者がいる。,その仕事には3人の候補者がいる。,屈折IPAの原形化 / 例文の原形主語整合化
2292,escape,B1,B1,逃げる,逃げる,/ɪˈskeɪps/,/ɪskˈeɪp/,The prisoner escapes from jail.,The prisoner escape from jail.,囚人が刑務所から逃亡します。,囚人が刑務所から逃亡します。,屈折IPAの原形化 / 例文の原形主語整合化
2293,lay,B1,B1,横たわる,横たわる,/ˈleɪz/,/lˈeɪ/,The cat lays on the warm floor.,The cat lay on the warm floor.,猫は暖かい床に横たわっている。,猫は暖かい床に横たわっている。,屈折IPAの原形化 / 例文の原形主語整合化
2295,talent,B1,B1,才能,才能,/ˈtælənts/,/tˈælənt/,She has many talents such as singing and dancing.,She has many talent such as singing and dancing.,彼女は歌やダンスなど、多くの才能を持っています。,私は歌やダンスなど、多くの才能を持っています。,屈折IPAの原形化 / 例文の原形主語整合化
2299,stadium,B1,B1,スタジアム,スタジアム,/ˈsteɪdiəmz/,/stˈeɪdiːəm/,The city has two large stadiums.,The city has two large stadium.,その都市には2つの大きなスタジアムがあります。,その都市には2つの大きなスタジアムがあります。,屈折IPAの原形化 / 例文の原形主語整合化
2301,champion,B1,B1,優勝者,優勝者,/ˈtʃæmpiənz/,/tʃˈæmpiːən/,The team were crowned champions.,The team were crowned champion.,そのチームは優勝者として戴冠した。,そのチームは優勝者として戴冠した。,屈折IPAの原形化 / 例文の原形主語整合化
2305,signal,B1,B1,信号,信号,/ˈsɪɡnəlz/,/sˈɪɡnəl/,The traffic signals changed to green.,The traffic signal changed to green.,交通信号が青に変わった。,交通信号が青に変わった。,屈折IPAの原形化 / 例文の原形主語整合化
2309,wave,B1,B1,波,波,/ˈweɪvz/,/wˈeɪv/,We watched the waves crashing against the shore.,We watched the wave crashing against the shore.,私たちは波が岸に打ち寄せるのを見た。,私たちは波が岸に打ち寄せるのを見た。,屈折IPAの原形化 / 例文の原形主語整合化
2311,drunk,B1,B1,酔っ払い,酔っ払い,/ˈdrʌŋks/,/drˈʌŋk/,The police were called to break up a group of drunks.,The police were called to break up a group of drunk.,警察は酔っ払いのグループを解散させるために呼ばれました。,警察は酔っ払いのグループを解散させるために呼ばれました。,屈折IPAの原形化 / 例文の原形主語整合化
2312,essential,B1,B1,必需品,必需品,/ɛˈsɛntʃəlz/,/ɪsˈenʃəl/,She packed only the essentials for her trip.,She packed only the essential for her trip.,彼女は旅行のために必需品だけを詰めた。,私は旅行のために必需品だけを詰めた。,屈折IPAの原形化 / 例文の原形主語整合化
2317,upset,B1,B1,動揺させる、ひっくり返す,動揺させる、ひっくり返す,/əˈpsɛts/,/əpsˈet/,Losing the game upsets him very much.,Losing the game upset him very much.,試合に負けることは彼を非常に動揺させます。,試合に負けることは彼を非常に動揺させます。,屈折IPAの原形化 / 例文の原形主語整合化
2323,hang,B1,B1,掛ける,掛ける,/ˈhæŋz/,/hˈæŋ/,The picture hangs on the wall.,The picture hang on the wall.,絵が壁にかかっている。,絵が壁にかかっている。,屈折IPAの原形化 / 例文の原形主語整合化
2327,bell,B1,B1,ベル,ベル,/ˈbɛlz/,/bˈel/,The bells are ringing loudly.,The bell are ringing loudly.,ベルが大きな音で鳴っています。,ベルが大きな音で鳴っています。,屈折IPAの原形化 / 例文の原形主語整合化
2328,empty,B1,B1,空にする,空にする,/ˈɛmptiz/,/ˈemptiː/,He empties his pockets before going through security.,He empties his pockets before going through security.,彼はセキュリティを通る前にポケットを空にする。,彼はセキュリティを通る前にポケットを空にする。,屈折IPAの原形化
2337,rent,B1,B1,家賃,家賃,/ˈrɛnts/,/rˈent/,The rent for this apartment is too high.,The rent for this apartment is too high.,このアパートの家賃は高すぎる。,このアパートの家賃は高すぎる。,屈折IPAの原形化
2338,represent,B1,B1,表す,表す,/ˌrɛprəˈzɛnts/,/rˌeprəzˈent/,The color red represents danger.,The color red represent danger.,赤色は危険を表す。,赤色は危険を表す。,屈折IPAの原形化 / 例文の原形主語整合化
2346,tend,B1,B1,傾向がある,傾向がある,/ˈtɛndz/,/tˈend/,He tends to be late for meetings.,I tend to be late for meetings.,彼は会議に遅れる傾向がある。,私は会議に遅れる傾向がある。,屈折IPAの原形化 / 例文の原形主語整合化
2350,consumer,B1,B1,消費者,消費者,/kəˈnsuːmərz/,/kənsˈuːmɚ/,The consumers are demanding higher quality products.,The consumer are demanding higher quality products.,消費者はより高品質な製品を要求している。,消費者はより高品質な製品を要求している。,屈折IPAの原形化 / 例文の原形主語整合化
2353,importance,B1,B1,重要性,重要性,/ɪˈmpɔrtəns/,/ɪmpˈɔːrtəns/,The importance of education cannot be overstated.,The importance of education cannot be overstated.,教育の重要性はいくら強調してもしすぎることはありません。,教育の重要性はいくら強調してもしすぎることはありません。,屈折IPAの原形化
2356,arrest,B1,B1,逮捕,逮捕,/ərˈɛsts/,/ɚˈest/,The police made several arrests at the protest.,The police made several arrest at the protest.,警察は抗議行動で数人を逮捕した。,警察は抗議行動で数人を逮捕した。,屈折IPAの原形化 / 例文の原形主語整合化
2357,ban,B1,B1,禁止,禁止,/ˈbænz/,/bˈæn/,The city imposed bans on smoking in public places.,The city imposed ban on smoking in public places.,市は公共の場所での喫煙を禁止した。,市は公共の場所での喫煙を禁止した。,屈折IPAの原形化 / 例文の原形主語整合化
2358,deliver,B1,B1,配達する,配達する,/dɪˈlɪvər/,/dɪˈlɪvər/,The postman delivers letters every day.,The postman deliver letters every day.,郵便配達員は毎日手紙を配達する。,郵便配達員は毎日手紙を配達する。,例文の原形主語整合化
2360,tip,B1,B1,ヒント,ヒント,/ˈtɪps/,/tˈɪp/,Can you give me some tips for cooking?,Can you give me some tip for cooking?,料理のヒントをいくつか教えてもらえますか？,料理のヒントをいくつか教えてもらえますか？,屈折IPAの原形化 / 例文の原形主語整合化
2362,client,B1,B1,顧客,顧客,/ˈklaɪənt/,/ˈklaɪənt/,The lawyer has many clients.,The lawyer has many client.,その弁護士には多くの顧客がいます。,その弁護士には多くの顧客がいます。,例文の原形主語整合化
2364,quit,B1,B1,辞める,辞める,/ˈkwɪts/,/kwˈɪt/,He quits his job because he found a better one.,I quit his job because he found a better one.,彼はより良い仕事を見つけたので、仕事を辞める。,私はより良い仕事を見つけたので、仕事を辞める。,屈折IPAの原形化 / 例文の原形主語整合化
2365,sight,B1,B1,名所,名所,/ˈsaɪts/,/sˈaɪt/,We saw many sights on our trip.,We saw many sight on our trip.,私たちは旅行で多くの名所を見た。,私たちは旅行で多くの名所を見た。,屈折IPAの原形化 / 例文の原形主語整合化
2374,chest,B1,B1,胸、箱,胸、箱,/ˈtʃɛsts/,/tʃˈest/,The treasure was hidden in the chests.,The treasure was hidden in the chest.,宝物は箱の中に隠されていた。,宝物は箱の中に隠されていた。,屈折IPAの原形化 / 例文の原形主語整合化
2382,cap,B1,B1,帽子,帽子,/ˈkæps/,/kˈæp/,He was wearing a baseball cap.,He was wearing a baseball cap.,彼は野球帽をかぶっていました。,彼は野球帽をかぶっていました。,屈折IPAの原形化
2383,childhood,B1,B1,子供時代,子供時代,/ˈtʃaɪˌldhʊdz/,/tʃˈaɪldhˌʊd/,We shared many memories of our childhoods.,We shared many memories of our childhood.,私たちは子供時代の多くの思い出を共有した。,私たちは子供時代の多くの思い出を共有した。,屈折IPAの原形化 / 例文の原形主語整合化
2408,hunt,B1,B1,狩りをする,狩りをする,/ˈhʌnts/,/hˈʌnt/,The lion hunts for its prey at night.,The lion hunt for its prey at night.,ライオンは夜に獲物を狩る。,ライオンは夜に獲物を狩る。,屈折IPAの原形化 / 例文の原形主語整合化
2419,heading,B1,B1,見出し,見出し,/ˈhɛdɪŋz/,/hˈedɪŋ/,The essay was broken into sections with clear headings.,The essay was broken into sections with clear heading.,そのエッセイは明確な見出しでセクションに分けられていた。,そのエッセイは明確な見出しでセクションに分けられていた。,屈折IPAの原形化 / 例文の原形主語整合化
2426,percentage,B1,B1,パーセンテージ,パーセンテージ,/pərˈsɛntɪdʒɪz/,/pɚsˈentədʒ/,What are the percentages of students passing the test?,What are the percentage of students passing the test?,テストに合格した学生のパーセンテージは？,テストに合格した学生のパーセンテージは？,屈折IPAの原形化 / 例文の原形主語整合化
2429,relative,B1,B1,親戚,親戚,/ˈrɛlətɪvz/,/rˈelətɪv/,We visited our relatives last weekend.,We visited our relative last weekend.,私たちは先週末に親戚を訪ねた。,私たちは先週末に親戚を訪ねた。,屈折IPAの原形化 / 例文の原形主語整合化
2447,belief,B1,B1,信じている,信じている,/bɪˈliːvz/,/bɪlˈiːf/,She believes in the power of positive thinking.,She believes in the power of positive thinking.,彼女はポジティブ思考の力を信じています。,彼女はポジティブ思考の力を信じています。,屈折IPAの原形化
2448,closing,B1,B1,閉店,閉店,/ˈkloʊzɪŋz/,/klˈoʊzɪŋ/,The store closings have hurt the local economy.,The store closing have hurt the local economy.,店の閉店は地域経済に打撃を与えました。,店の閉店は地域経済に打撃を与えました。,屈折IPAの原形化 / 例文の原形主語整合化
2464,fort,B1,B1,砦,砦,/ˈfɔrts/,/fˈɔːrt/,The soldiers were stationed at the forts.,The soldiers were stationed at the fort.,兵士たちは砦に駐屯していた。,兵士たちは砦に駐屯していた。,屈折IPAの原形化 / 例文の原形主語整合化
2476,suffer,B1,B1,苦しむ,苦しむ,/ˈsʌfərz/,/sˈʌfɚ/,He suffers from a chronic illness.,I suffer from a chronic illness.,彼は慢性的な病気に苦しんでいる。,私は慢性的な病気に苦しんでいる。,屈折IPAの原形化 / 例文の原形主語整合化
2484,lieutenant,B1,B1,副官,副官,/luˈtɛnənts/,/luːtˈenənt/,The general had several lieutenants.,The general had several lieutenant.,将軍は数人の副官を抱えていた。,将軍は数人の副官を抱えていた。,屈折IPAの原形化 / 例文の原形主語整合化
2487,muscle,B1,B1,筋肉,筋肉,/ˈmʌsəlz/,/mˈʌsəl/,He works out to build his muscles.,He works out to build his muscle.,彼は筋肉をつけるためにトレーニングをしている。,私は筋肉をつけるためにトレーニングをしている。,屈折IPAの原形化 / 例文の原形主語整合化
2496,tape,B1,B1,テープ,テープ,/ˈteɪps/,/tˈeɪp/,I have a collection of old music tapes.,I have a collection of old music tape.,私は古い音楽テープのコレクションを持っています。,私は古い音楽テープのコレクションを持っています。,屈折IPAの原形化 / 例文の原形主語整合化
2499,beating,B1,B1,殴打、敗北,殴打、敗北,/ˈbiːtɪŋz/,/bˈiːtɪŋ/,The team suffered several beatings this season.,The team suffered several beating this season.,チームは今シーズン、いくつかの連敗を喫した。,チームは今シーズン、いくつかの連敗を喫した。,屈折IPAの原形化 / 例文の原形主語整合化
2505,horror,B1,B1,恐怖,恐怖,/ˈhɔrərz/,/hˈɔːrɚ/,He described the horrors of war.,He described the horror of war.,彼は戦争の恐怖について説明した。,私は戦争の恐怖について説明した。,屈折IPAの原形化 / 例文の原形主語整合化
2514,ceremony,B1,B1,式典,式典,/ˈsɛrəˌmoʊniz/,/sˈerəmˌoʊniː/,The graduation ceremonies will be held next week.,The graduation ceremonies will be held next week.,卒業式は来週行われる予定です。,卒業式は来週行われる予定です。,屈折IPAの原形化
2524,min,B1,B1,分,分,/ˈmɪnz/,/mˈɪn/,Wait for five mins.,Wait for five min.,5分待ってください。,5分待ってください。,屈折IPAの原形化 / 例文の原形主語整合化
2526,participate,B1,B1,参加する,参加する,/pɑˈrtɪsəˌpeɪts/,/pɑːrtˈɪsəpˌeɪt/,She participates in many activities.,I participate in many activities.,彼女は多くの活動に参加しています。,私は多くの活動に参加しています。,屈折IPAの原形化 / 例文の原形主語整合化
2535,bureau,B1,B1,局,局,/ˈbjʊroʊz/,/bjˈʊroʊ/,The government has several bureaus.,The government has several bureau.,政府にはいくつかの局がある。,政府にはいくつかの局がある。,屈折IPAの原形化 / 例文の原形主語整合化
2555,layer,B1,B1,層,層,/ˈleɪər/,/ˈleɪər/,The cake has several layers.,The cake has several layer.,ケーキにはいくつかの層がある。,ケーキにはいくつかの層がある。,例文の原形主語整合化
2575,entrance,B1,B1,入口,入口,/ˈɛntrənsəz/,/ˈentrəns/,There are two entrances to the building.,There are two entrance to the building.,建物には2つの入口があります。,建物には2つの入口があります。,屈折IPAの原形化 / 例文の原形主語整合化
2586,posting,B1,B1,掲示物,掲示物,/ˈpoʊstɪŋz/,/pˈoʊstɪŋ/,They saw the postings on the bulletin board.,They saw the posting on the bulletin board.,彼らは掲示板の掲示物を見た。,彼らは掲示板の掲示物を見た。,屈折IPAの原形化 / 例文の原形主語整合化
2588,resource,B1,B1,資源,資源,/ˈriːsɔrs/,/rˈiːsɔːrs/,Water is a precious resource.,Water is a precious resource.,水は貴重な資源です。,水は貴重な資源です。,屈折IPAの原形化
2592,experiment,B1,B1,実験,実験,/ɪˈkspɛrəmənts/,/ɪkspˈerəmənt/,They conducted scientific experiments.,They conducted scientific experiment.,彼らは科学実験を行った。,彼らは科学実験を行った。,屈折IPAの原形化 / 例文の原形主語整合化
2596,occasion,B1,B1,機会,機会,/əˈkeɪʒənz/,/əkˈeɪʒən/,We celebrated the occasion with a special dinner.,We celebrated the occasion with a special dinner.,私たちは特別なディナーでその機会を祝った。,私たちは特別なディナーでその機会を祝った。,屈折IPAの原形化
2606,seed,B1,B1,種,種,/ˈsiːdz/,/sˈiːd/,We planted some seeds in the garden.,We planted some seed in the garden.,私たちは庭にいくつかの種を植えました。,私たちは庭にいくつかの種を植えました。,屈折IPAの原形化 / 例文の原形主語整合化
2617,script,B1,B1,スクリプト,スクリプト,/ˈskrɪpts/,/skrˈɪpt/,The actors read their scripts.,The actors read their script.,俳優たちは自分たちのスクリプトを読んだ。,俳優たちは自分たちのスクリプトを読んだ。,屈折IPAの原形化 / 例文の原形主語整合化
2628,epic,B1,B1,"叙事詩,大作","叙事詩,大作",/ˈɛpɪks/,/ˈepɪk/,He was reading one of the great epics of ancient literature.,He was reading one of the great epic of ancient literature.,彼は古代文学の偉大な叙事詩の一つを読んでいました。,私は古代文学の偉大な叙事詩の一つを読んでいました。,屈折IPAの原形化 / 例文の原形主語整合化
2629,expand,B1,B1,拡大する、膨張する,拡大する、膨張する,/ɪˈkspændz/,/ɪkspˈænd/,The universe expands over time.,The universe expand over time.,宇宙は時間とともに拡大する。,宇宙は時間とともに拡大する。,屈折IPAの原形化 / 例文の原形主語整合化
2633,indicate,B1,B1,示す,示す,/ˈɪndɪˌkeɪts/,/ˈɪndəkˌeɪt/,The data indicates a clear trend.,The data indicate a clear trend.,そのデータは明確な傾向を示している。,そのデータは明確な傾向を示している。,屈折IPAの原形化 / 例文の原形主語整合化
2643,rep,B1,B1,反復,反復,/ˈrɛps/,/rˈep/,Do 10 reps of each exercise.,Do 10 rep of each exercise.,各エクササイズを10回繰り返してください。,各エクササイズを10回繰り返してください。,屈折IPAの原形化 / 例文の原形主語整合化
2645,theater,B1,B1,劇場,劇場,/ˈθiːətərz/,/θˈiːətɚ/,There are several theaters in the city center.,There are several theater in the city center.,市内中心部にはいくつかの劇場がある。,市内中心部にはいくつかの劇場がある。,屈折IPAの原形化 / 例文の原形主語整合化
2647,asshole,B1,B1,嫌なやつ,嫌なやつ,/ˈæshoʊlz/,/ˈæshoʊl/,He acted like an asshole at the party.,He acted like an asshole at the party.,彼はパーティーで嫌なやつのように振る舞った。,彼はパーティーで嫌なやつのように振る舞った。,屈折IPAの原形化
2650,bull,B1,B1,雄牛,雄牛,/ˈbʊlz/,/bˈʊl/,The bulls are in the field.,The bull are in the field.,雄牛が野原にいます。,雄牛が野原にいます。,屈折IPAの原形化 / 例文の原形主語整合化
2655,punishment,B1,B1,罰,罰,/ˈpʌnɪʃmənts/,/pˈʌnɪʃmənt/,The punishments were severe.,The punishment were severe.,罰は厳しかった。,罰は厳しかった。,屈折IPAの原形化 / 例文の原形主語整合化
2660,crossing,B1,B1,横断歩道,横断歩道,/ˈkrɔsɪŋz/,/krˈɔːsɪŋ/,Use the crossings to safely get to the other side of the street.,Use the crossing to safely get to the other side of the street.,横断歩道を使って安全に道路の反対側に行きましょう。,横断歩道を使って安全に道路の反対側に行きましょう。,屈折IPAの原形化 / 例文の原形主語整合化
2676,complaint,B1,B1,苦情,苦情,/kəˈmpleɪnts/,/kəmplˈeɪnt/,We received several complaints about the noise.,We received several complaint about the noise.,私たちは騒音に関するいくつかの苦情を受けた。,私たちは騒音に関するいくつかの苦情を受けた。,屈折IPAの原形化 / 例文の原形主語整合化
2686,rick,B1,B1,干し草の山,干し草の山,/ˈrɪks/,/rˈɪk/,The farmers built ricks of hay in the field.,The farmers built rick of hay in the field.,農家は畑に干し草の山を築いた。,農家は畑に干し草の山を築いた。,屈折IPAの原形化 / 例文の原形主語整合化
2691,announcement,B1,B1,お知らせ,お知らせ,/əˈnaʊnsmənts/,/ənˈaʊnsmənt/,The announcements were very clear.,The announcement were very clear.,お知らせは非常に明確だった。,お知らせは非常に明確だった。,屈折IPAの原形化 / 例文の原形主語整合化
2693,arsenal,B1,B1,兵器庫,兵器庫,/ˈɑrsənəlz/,/ˈɑːrsənəl/,The old forts had large arsenals for their weapons.,The old forts had large arsenal for their weapons.,古い要塞には、武器のための大きな兵器庫があった。,古い要塞には、武器のための大きな兵器庫があった。,屈折IPAの原形化 / 例文の原形主語整合化
2699,define,B1,B1,定義する,定義する,/dɪˈfaɪnz/,/dɪfˈaɪn/,The dictionary defines the word.,The dictionary define the word.,辞書はその単語を定義する。,辞書はその単語を定義する。,屈折IPAの原形化 / 例文の原形主語整合化
2707,lincoln,B1,B1,リンカーン,リンカーン,/ˈlɪŋkənz/,/lˈɪŋkən/,He owns several classic Lincolns.,He owns several classic lincoln.,彼はいくつかのクラシックなリンカーンを所有している。,私はいくつかのクラシックなリンカーンを所有している。,屈折IPAの原形化 / 例文の原形主語整合化
2710,triple,B1,B1,3倍にする,3倍にする,/ˈtrɪpəlz/,/trˈɪpəl/,The company aims to triples its sales in the next quarter.,The company aims to triple its sales in the next quarter.,その会社は、次の四半期で売上を3倍にすることを目指している。,その会社は、次の四半期で売上を3倍にすることを目指している。,屈折IPAの原形化 / 例文の原形主語整合化
2727,celebration,B1,B1,祝賀,祝賀,/ˌsɛləˈbreɪʃənz/,/sˌeləbrˈeɪʃən/,The town is full of celebrations during the festival.,The town is full of celebration during the festival.,祭りの間、町は祝賀でいっぱいになる。,祭りの間、町は祝賀でいっぱいになる。,屈折IPAの原形化 / 例文の原形主語整合化
2746,feeding,B1,B1,授乳,授乳,/ˈfiːdɪŋz/,/fˈiːdɪŋ/,The baby needs feedings every few hours.,The baby needs feeding every few hours.,赤ちゃんは数時間ごとに授乳が必要です。,赤ちゃんは数時間ごとに授乳が必要です。,屈折IPAの原形化 / 例文の原形主語整合化
2760,stranger,B1,B1,見知らぬ人,見知らぬ人,/ˈstreɪndʒərz/,/strˈeɪndʒɚ/,She avoided talking to strangers.,She avoided talking to stranger.,彼女は見知らぬ人と話すのを避けた。,私は見知らぬ人と話すのを避けた。,屈折IPAの原形化 / 例文の原形主語整合化
2761,volunteer,B1,B1,ボランティア,ボランティア,/ˌvɑləˈntɪrz/,/vˌɑːləntˈɪr/,Many volunteers helped clean up the park.,Many volunteer helped clean up the park.,多くのボランティアが公園の清掃を手伝った。,多くのボランティアが公園の清掃を手伝った。,屈折IPAの原形化 / 例文の原形主語整合化
2767,firing,B1,B1,発砲,発砲,/ˈfaɪrɪŋz/,/fˈaɪrɪŋ/,There were several firings during the riot.,There were several firing during the riot.,暴動中に数回の発砲がありました。,暴動中に数回の発砲がありました。,屈折IPAの原形化 / 例文の原形主語整合化
2774,announce,B1,B1,発表する,発表する,/əˈnaʊns/,/ənˈaʊns/,The company will announce its new product next month.,The company will announce its new product next month.,その会社は来月、新製品を発表します。,その会社は来月、新製品を発表します。,屈折IPAの原形化
2779,convince,B1,B1,納得させる,納得させる,/kəˈnvɪns/,/kənvˈɪns/,I tried to convince her to come with us.,I tried to convince her to come with us.,私は彼女に私たちと一緒に行くように説得しようとした。,私は彼女に私たちと一緒に行くように説得しようとした。,屈折IPAの原形化
2782,guardian,B1,B1,守護者,守護者,/ˈɡɑrdiənz/,/ɡˈɑːrdiːən/,They are the guardians of the temple.,They are the guardian of the temple.,彼らは寺院の守護者である。,彼らは寺院の守護者である。,屈折IPAの原形化 / 例文の原形主語整合化
2785,offense,B1,B1,違反,違反,/əˈfɛns/,/əfˈens/,He committed a minor traffic offense.,He committed a minor traffic offense.,彼は軽微な交通違反を犯した。,彼は軽微な交通違反を犯した。,屈折IPAの原形化
2790,va,B1,B1,輸管,輸管,/vas/,/vas/,The vas deferens carries sperm.,The va deferens carries sperm.,精管は精子を運ぶ。,精管は精子を運ぶ。,例文の原形主語整合化
2799,emperor,B1,B1,皇帝,皇帝,/ˈɛmpərərz/,/ˈempɚɚ/,The ancient Roman emperors were powerful figures.,The ancient Roman emperor were powerful figures.,古代ローマの皇帝たちは強力な人物だった。,古代ローマの皇帝たちは強力な人物だった。,屈折IPAの原形化 / 例文の原形主語整合化
2809,pipe,B1,B1,パイプ,パイプ,/ˈpaɪps/,/pˈaɪp/,The pipes are leaking.,The pipe are leaking.,パイプが漏れている。,パイプが漏れている。,屈折IPAの原形化 / 例文の原形主語整合化
2819,abc,B1,B1,アルファベット,アルファベット,/ˈeɪˌbiˌsiz/,/ˈeɪˌbiˌsiz/,I am learning my abcs.,I am learning my abc.,私はアルファベットを学んでいます。,私はアルファベットを学んでいます。,例文の原形主語整合化
2823,destination,B1,B1,目的地,目的地,/ˌdɛstəˈneɪʃənz/,/dˌestənˈeɪʃən/,They had many different destinations on their trip.,They had many different destination on their trip.,彼らは旅行中に多くの異なる目的地があった。,彼らは旅行中に多くの異なる目的地があった。,屈折IPAの原形化 / 例文の原形主語整合化
2825,export,B1,B1,輸出,輸出,/ˈɛkspɔrt/,/ˈɛkspɔrt/,The country exports a lot of agricultural products.,The country export a lot of agricultural products.,その国は多くの農産物を輸出している。,その国は多くの農産物を輸出している。,例文の原形主語整合化
2835,pat,B1,B1,軽くたたく,軽くたたく,/ˈpæts/,/pˈæt/,She pats the dog gently.,I pat the dog gently.,彼女は犬を優しくたたく。,私は犬を優しくたたく。,屈折IPAの原形化 / 例文の原形主語整合化
2836,relate,B1,B1,関連する,関連する,/rɪˈleɪts/,/rɪlˈeɪt/,This information relates to your question.,This information relate to your question.,この情報はあなたの質問に関連しています。,この情報はあなたの質問に関連しています。,屈折IPAの原形化 / 例文の原形主語整合化
2839,treasury,B1,B1,国庫、財務省,国庫、財務省,/ˈtrɛʒəriz/,/trˈeʒɚiː/,The government's treasuries were depleted due to the financial crisis.,The government's treasuries were depleted due to the financial crisis.,政府の国庫は金融危機のために枯渇した。,政府の国庫は金融危機のために枯渇した。,屈折IPAの原形化
2844,brazilian,B1,B1,ブラジル人,ブラジル人,/brəˈzɪljənz/,/brəzˈɪljən/,The Brazilians celebrated their national holiday.,The brazilian celebrated their national holiday.,ブラジル人たちは彼らの祝日を祝いました。,ブラジル人たちは彼らの祝日を祝いました。,屈折IPAの原形化 / 例文の原形主語整合化
2863,substance,B1,B1,物質,物質,/ˈsʌbstənsəz/,/sˈʌbstəns/,The lab is studying different chemical substances.,The lab is studying different chemical substance.,その研究所はさまざまな化学物質を研究しています。,その研究所はさまざまな化学物質を研究しています。,屈折IPAの原形化 / 例文の原形主語整合化
2870,explosion,B1,B1,爆発,爆発,/ɪˈksploʊʒənz/,/ɪksplˈoʊʒən/,The explosions could be heard for miles.,The explosion could be heard for miles.,爆発音は何マイルも離れた場所まで聞こえました。,爆発音は何マイルも離れた場所まで聞こえました。,屈折IPAの原形化 / 例文の原形主語整合化
2871,folk,B1,B1,人々,人々,/ˈfoʊks/,/fˈoʊk/,The folks in our neighborhood are friendly.,The folk in our neighborhood are friendly.,私たちの近所の人々は親切です。,私たちの近所の人々は親切です。,屈折IPAの原形化 / 例文の原形主語整合化
2883,arc,B1,B1,弧,弧,/ˈɑrks/,/ˈɑːrk/,The rainbow formed a beautiful arc in the sky.,The rainbow formed a beautiful arc in the sky.,虹が空に美しい弧を描いた。,虹が空に美しい弧を描いた。,屈折IPAの原形化
2890,fence,B1,B1,フェンス,フェンス,/ˈfɛns/,/fˈens/,We need to repair the fence around the garden.,We need to repair the fence around the garden.,庭の周りのフェンスを修理する必要があります。,庭の周りのフェンスを修理する必要があります。,屈折IPAの原形化
2893,highlight,B1,B1,ハイライト,ハイライト,/ˈhaɪˌlaɪts/,/hˈaɪlˌaɪt/,The report highlights several key issues.,The report highlight several key issues.,その報告書はいくつかの重要な問題を強調している。,その報告書はいくつかの重要な問題を強調している。,屈折IPAの原形化 / 例文の原形主語整合化
2899,nail,B1,B1,爪,爪,/ˈneɪlz/,/nˈeɪl/,She painted her nails a bright red color.,She painted her nail a bright red color.,彼女は爪を鮮やかな赤色に塗りました。,私は爪を鮮やかな赤色に塗りました。,屈折IPAの原形化 / 例文の原形主語整合化
2900,poet,B1,B1,詩人,詩人,/ˈpoʊəts/,/pˈoʊət/,Many famous poets have written about love.,Many famous poet have written about love.,多くの有名な詩人が愛について書いてきた。,多くの有名な詩人が愛について書いてきた。,屈折IPAの原形化 / 例文の原形主語整合化
2908,attract,B1,B1,魅了する,魅了する,/əˈtrækts/,/ətrˈækt/,The park attracts many visitors.,The park attract many visitors.,その公園は多くの訪問者を魅了する。,その公園は多くの訪問者を魅了する。,屈折IPAの原形化 / 例文の原形主語整合化
2911,bronze,B1,B1,青銅,青銅,/ˈbrɑnz/,/brˈɑːnz/,The statue is made of bronze.,The statue is made of bronze.,その像は青銅でできている。,その像は青銅でできている。,屈折IPAの原形化
2938,coin,B1,B1,硬貨,硬貨,/ˈkɔɪnz/,/kˈɔɪn/,He has a jar full of coins.,He has a jar full of coin.,彼は硬貨でいっぱいの瓶を持っています。,私は硬貨でいっぱいの瓶を持っています。,屈折IPAの原形化 / 例文の原形主語整合化
2946,filling,B1,B1,詰め物,詰め物,/ˈfɪlɪŋz/,/fˈɪlɪŋ/,My tooth has a filling.,My tooth has a filling.,私の歯には詰め物があります。,私の歯には詰め物があります。,屈折IPAの原形化
2953,qualify,B1,B1,資格がある,資格がある,/ˈkwɑləˌfaɪz/,/kwˈɑːləfˌaɪ/,She qualifies for the scholarship.,She qualifies for the scholarship.,彼女は奨学金の資格がある。,彼女は奨学金の資格がある。,屈折IPAの原形化
2965,assignment,B1,B1,課題,課題,/əˈsaɪnmənts/,/əsˈaɪnmənt/,The students have many assignments to complete this week.,The students have many assignment to complete this week.,学生たちは今週、完了しなければならない多くの課題がある。,学生たちは今週、完了しなければならない多くの課題がある。,屈折IPAの原形化 / 例文の原形主語整合化
2967,clue,B1,B1,手がかり,手がかり,/ˈkluːz/,/klˈuː/,The police found some clues at the crime scene.,The police found some clue at the crime scene.,警察は犯罪現場でいくつか手がかりを見つけた。,警察は犯罪現場でいくつか手がかりを見つけた。,屈折IPAの原形化 / 例文の原形主語整合化
2982,mixture,B1,B1,混合物,混合物,/ˈmɪkstʃərz/,/mˈɪkstʃɚ/,They created different mixtures for the experiment.,They created different mixture for the experiment.,彼らは実験のために異なる混合物を作成した。,彼らは実験のために異なる混合物を作成した。,屈折IPAの原形化 / 例文の原形主語整合化
2989,victor,B1,B1,勝者,勝者,/ˈvɪktərz/,/vˈɪktɚ/,The victors celebrated their success.,The victor celebrated their success.,勝者たちは彼らの成功を祝った。,勝者たちは彼らの成功を祝った。,屈折IPAの原形化 / 例文の原形主語整合化
2990,vintage,B1,B1,年代物の,年代物の,/ˈvɪntɪdʒɪz/,/vˈɪntɪdʒ/,He collects vintages of wine from around the world.,He collects vintage of wine from around the world.,彼は世界中の年代物のワインを収集している。,私は世界中の年代物のワインを収集している。,屈折IPAの原形化 / 例文の原形主語整合化
3012,apologize,B1,B1,謝る,謝る,/əˈpɑləˌdʒaɪz/,/əpˈɑːlədʒˌaɪz/,You should apologize for your mistake.,You should apologize for your mistake.,あなたは自分の過ちについて謝るべきです。,あなたは自分の過ちについて謝るべきです。,屈折IPAの原形化
3016,bubble,B1,B1,泡,泡,/ˈbʌbəlz/,/bˈʌbəl/,The soap made many bubbles.,The soap made many bubble.,石鹸はたくさんの泡を作りました。,石鹸はたくさんの泡を作りました。,屈折IPAの原形化 / 例文の原形主語整合化
3023,hammer,B1,B1,ハンマー,ハンマー,/ˈhæmərz/,/hˈæmɚ/,He uses hammers for carpentry.,He uses hammer for carpentry.,彼は大工仕事にハンマーを使います。,私は大工仕事にハンマーを使います。,屈折IPAの原形化 / 例文の原形主語整合化
3032,paradise,B1,B1,楽園,楽園,/ˈpɛrəˌdaɪs/,/pˈerədˌaɪs/,The island is a tropical paradise.,The island is a tropical paradise.,その島は熱帯の楽園だ。,その島は熱帯の楽園だ。,屈折IPAの原形化
3034,politician,B1,B1,政治家,政治家,/ˌpɑləˈtɪʃənz/,/pˌɑːlətˈɪʃən/,The politicians debated the issue.,The politician debated the issue.,政治家たちはその問題について議論した。,政治家たちはその問題について議論した。,屈折IPAの原形化 / 例文の原形主語整合化
3039,tier,B1,B1,階層,階層,/ˈtiːrz/,/tˈiːr/,The wedding cake had three tiers.,The wedding cake had three tier.,ウェディングケーキは3つの階層があった。,ウェディングケーキは3つの階層があった。,屈折IPAの原形化 / 例文の原形主語整合化
3047,earthquake,B1,B1,地震,地震,/ˈɜːrˌθkweɪks/,/ˈɜːrθkwˌeɪk/,The city is often affected by earthquakes.,The city is often affected by earthquake.,その都市はしばしば地震の影響を受ける。,その都市はしばしば地震の影響を受ける。,屈折IPAの原形化 / 例文の原形主語整合化
3064,buffalo,B1,B1,バッファロー,バッファロー,/ˈbʌfəˌloʊɪz/,/bˈʌfəlˌoʊ/,There were many buffaloes on the prairie.,There were many buffaloes on the prairie.,大草原にはたくさんのバッファローがいました。,大草原にはたくさんのバッファローがいました。,屈折IPAの原形化
3082,bend,B1,B1,曲がる,曲がる,/ˈbɛndz/,/bˈend/,The road bends sharply to the left.,The road bend sharply to the left.,道路は左に大きく曲がっている。,道路は左に大きく曲がっている。,屈折IPAの原形化 / 例文の原形主語整合化
3084,closet,B1,B1,クローゼット,クローゼット,/ˈklɑzəts/,/klˈɑːzət/,We need to organize our closets.,We need to organize our closet.,私たちはクローゼットを整理する必要があります。,私たちはクローゼットを整理する必要があります。,屈折IPAの原形化 / 例文の原形主語整合化
3085,combine,B1,B1,組み合わせる,組み合わせる,/kəˈmbaɪnz/,/kˈɑːmbaɪn/,The recipe combines sweet and savory flavors.,The recipe combine sweet and savory flavors.,そのレシピは甘味と塩味を組み合わせている。,そのレシピは甘味と塩味を組み合わせている。,屈折IPAの原形化 / 例文の原形主語整合化
3094,haven,B1,B1,避難所、安全な場所,避難所、安全な場所,/ˈheɪvənz/,/hˈeɪvən/,The small town became a haven for artists.,The small town became a haven for artists.,その小さな町は芸術家たちの避難所となった。,その小さな町は芸術家たちの避難所となった。,屈折IPAの原形化
3104,profession,B1,B1,職業,職業,/prəˈfɛʃənz/,/prəfˈeʃən/,Teaching is one of the many noble professions.,Teaching is one of the many noble profession.,教育は多くの高貴な職業の一つです。,教育は多くの高貴な職業の一つです。,屈折IPAの原形化 / 例文の原形主語整合化
3109,valve,B1,B1,バルブ,バルブ,/ˈvælvz/,/vˈælv/,The valves control the flow of water.,The valve control the flow of water.,バルブは水の流れを制御する。,バルブは水の流れを制御する。,屈折IPAの原形化 / 例文の原形主語整合化
3121,jungle,B1,B1,ジャングル,ジャングル,/ˈdʒʌŋɡəlz/,/dʒˈʌŋɡəl/,The explorers walked through dense jungles.,The explorers walked through dense jungle.,探検家たちは深いジャングルを歩いた。,探検家たちは深いジャングルを歩いた。,屈折IPAの原形化 / 例文の原形主語整合化
3132,ace,B1,B1,エース,エース,/ˈeɪsɪz/,/ˈeɪs/,She has a collection of aces in cards.,She has a collection of ace in cards.,彼女はトランプのエースのコレクションを持っている。,私はトランプのエースのコレクションを持っている。,屈折IPAの原形化 / 例文の原形主語整合化
3134,attraction,B1,B1,観光名所,観光名所,/əˈtrækʃənz/,/ətrˈækʃən/,The city has many popular attractions.,The city has many popular attraction.,その都市には多くの人気のある観光名所がある。,その都市には多くの人気のある観光名所がある。,屈折IPAの原形化 / 例文の原形主語整合化
3135,babe,B1,B1,赤ちゃん,赤ちゃん,/ˈbeɪbz/,/bˈeɪb/,The babes were sleeping soundly.,The babe were sleeping soundly.,赤ちゃんたちはぐっすり眠っていました。,赤ちゃんたちはぐっすり眠っていました。,屈折IPAの原形化 / 例文の原形主語整合化
3141,freeze,B1,B1,凍る,凍る,/ˈfriːzɪz/,/frˈiːz/,The water freezes at 0 degrees Celsius.,The water freeze at 0 degrees Celsius.,水は摂氏0度で凍ります。,水は摂氏0度で凍ります。,屈折IPAの原形化 / 例文の原形主語整合化
3144,keyboard,B1,B1,キーボード,キーボード,/ˈkiːˌbɔrdz/,/kˈiːbˌɔːrd/,He is very fast at typing on keyboards.,He is very fast at typing on keyboard.,彼はキーボードでの入力がとても速い。,私はキーボードでの入力がとても速い。,屈折IPAの原形化 / 例文の原形主語整合化
3154,potter,B1,B1,陶芸家,陶芸家,/ˈpɑtərz/,/pˈɑːtɚ/,The potters were working on their wheels.,The potter were working on their wheels.,陶芸家たちは轆轤で作業していた。,陶芸家たちは轆轤で作業していた。,屈折IPAの原形化 / 例文の原形主語整合化
3168,fitting,B1,B1,試着,試着,/ˈfɪtɪŋz/,/fˈɪtɪŋ/,She had her dress fittings today.,She had her dress fitting today.,彼女は今日、ドレスの試着をした。,私は今日、ドレスの試着をした。,屈折IPAの原形化 / 例文の原形主語整合化
3171,hurricane,B1,B1,ハリケーン,ハリケーン,/ˈhɜːrəˌkeɪnz/,/hˈɜːrəkˌeɪn/,Hurricanes can cause great devastation.,hurricane can cause great devastation.,ハリケーンは大きな被害をもたらすことがある。,ハリケーンは大きな被害をもたらすことがある。,屈折IPAの原形化 / 例文の原形主語整合化
3172,import,B1,B1,輸入,輸入,/ɪˈmpɔrt/,/ɪˈmpɔrt/,The country imports most of its oil.,The country import most of its oil.,その国は石油の大部分を輸入している。,その国は石油の大部分を輸入している。,例文の原形主語整合化
3181,shark,B1,B1,サメ,サメ,/ˈʃɑrks/,/ʃˈɑːrk/,Sharks are dangerous predators.,shark are dangerous predators.,サメは危険な捕食者です。,サメは危険な捕食者です。,屈折IPAの原形化 / 例文の原形主語整合化
3184,advise,B1,B1,助言する,助言する,/æˈdvaɪz/,/ædvˈaɪz/,I would advise you to think carefully.,I would advise you to think carefully.,よく考えるように助言します。,よく考えるように助言します。,屈折IPAの原形化
3185,bee,B1,B1,ハチ,ハチ,/ˈbiːz/,/bˈiː/,Bees are making honey.,bee are making honey.,ハチは蜂蜜を作っています。,ハチは蜂蜜を作っています。,屈折IPAの原形化 / 例文の原形主語整合化
3199,meter,B1,B1,メートル,メートル,/ˈmiːtər/,/ˈmiːtər/,The table is two meters long.,The table is two meter long.,そのテーブルは長さ2メートルだ。,そのテーブルは長さ2メートルだ。,例文の原形主語整合化
3200,mice,B1,B1,ネズミ,ネズミ,/ˈmaɪs/,/mˈaɪs/,There were mice in the house.,There were mice in the house.,家にはネズミがいた。,家にはネズミがいた。,屈折IPAの原形化
3208,statue,B1,B1,像,像,/ˈstæˌtʃuːz/,/stˈætʃˌuː/,There are many statues in the park.,There are many statue in the park.,公園にはたくさんの像がある。,公園にはたくさんの像がある。,屈折IPAの原形化 / 例文の原形主語整合化
3229,lodge,B1,B1,山小屋,山小屋,/ˈlɑdʒəz/,/lˈɑːdʒ/,They stayed in the mountain lodges.,They stayed in the mountain lodge.,彼らは山小屋に滞在した。,彼らは山小屋に滞在した。,屈折IPAの原形化 / 例文の原形主語整合化
3255,concentrate,B1,B1,集中する、専念する,集中する、専念する,/ˈkɑnsəˌntreɪts/,/kˈɑːnsəntrˌeɪt/,He concentrates on his work.,I concentrate on his work.,彼は仕事に集中する。,私は仕事に集中する。,屈折IPAの原形化 / 例文の原形主語整合化
3257,consequence,B1,B1,結果,結果,/ˈkɑnsəˌkwɛnsəz/,/kˈɑːnsəkwəns/,We must consider the consequences of our actions.,We must consider the consequence of our actions.,私たちは自分たちの行動の結果を考慮しなければならない。,私たちは自分たちの行動の結果を考慮しなければならない。,屈折IPAの原形化 / 例文の原形主語整合化
3261,inn,B1,B1,旅館,旅館,/ˈɪnz/,/ˈɪn/,There are many traditional inns in Japan.,There are many traditional inn in Japan.,日本には多くの伝統的な旅館がある。,日本には多くの伝統的な旅館がある。,屈折IPAの原形化 / 例文の原形主語整合化
3275,accommodation,B1,B1,宿泊施設,宿泊施設,/əˌkɑməˈdeɪʃənz/,/əkˌɑːmədˈeɪʃən/,The hotel provides comfortable accommodations.,The hotel provides comfortable accommodation.,そのホテルは快適な宿泊施設を提供している。,そのホテルは快適な宿泊施設を提供している。,屈折IPAの原形化 / 例文の原形主語整合化
3279,compact,B1,B1,小型車,小型車,/kəˈmpækts/,/kˈɑːmpækt/,They own two compacts.,They own two compact.,彼らは2台の小型車を所有している。,彼らは2台の小型車を所有している。,屈折IPAの原形化 / 例文の原形主語整合化
3284,elder,B1,B1,年長者,年長者,/ˈɛldərz/,/ˈeldɚ/,The village elders were respected for their wisdom.,The village elder were respected for their wisdom.,村の年長者たちは彼らの知恵で尊敬されていた。,村の年長者たちは彼らの知恵で尊敬されていた。,屈折IPAの原形化 / 例文の原形主語整合化
3316,graph,B1,B1,グラフ,グラフ,/ˈɡræfs/,/ɡrˈæf/,The graphs show the sales trends.,The graph show the sales trends.,グラフは売上動向を示しています。,グラフは売上動向を示しています。,屈折IPAの原形化 / 例文の原形主語整合化
3319,median,B1,B1,中央値,中央値,/ˈmiːdiənz/,/mˈiːdiːən/,We calculated the medians for the data set.,We calculated the median for the data set.,私たちはデータセットの中央値を計算した。,私たちはデータセットの中央値を計算した。,屈折IPAの原形化 / 例文の原形主語整合化
3321,retire,B1,B1,引退する,引退する,/rɪˈtaɪrz/,/rɪtˈaɪr/,He retires at the end of next year.,I retire at the end of next year.,彼は来年末に引退します。,私は来年末に引退します。,屈折IPAの原形化 / 例文の原形主語整合化
3322,savage,B1,B1,野蛮人,野蛮人,/ˈsævədʒəz/,/sˈævədʒ/,The explorers encountered many savages in the jungle.,The explorers encountered many savage in the jungle.,探検家たちはジャングルで多くの野蛮人と遭遇した。,探検家たちはジャングルで多くの野蛮人と遭遇した。,屈折IPAの原形化 / 例文の原形主語整合化
3331,bi,B1,B1,アンコール,アンコール,/ˈbɪs/,/bˈaɪ/,"The crowd shouted Bis!"" after the performance.""","The crowd shouted bi!"" after the performance.""",パフォーマンスの後、観客は「アンコール！」と叫んだ。,パフォーマンスの後、観客は「アンコール！」と叫んだ。,屈折IPAの原形化 / 例文の原形主語整合化
3332,bust,B1,B1,胸像,胸像,/ˈbʌsts/,/bˈʌst/,The museum had several busts of famous people.,The museum had several bust of famous people.,博物館には何人かの有名人の胸像があった。,博物館には何人かの有名人の胸像があった。,屈折IPAの原形化 / 例文の原形主語整合化
3334,collar,B1,B1,襟,襟,/ˈkɑlərz/,/kˈɑːlɚ/,The dog's collars were decorated with small bells.,The dog's collar were decorated with small bells.,その犬の襟は小さな鈴で飾られていた。,その犬の襟は小さな鈴で飾られていた。,屈折IPAの原形化 / 例文の原形主語整合化
3345,immigrant,B1,B1,移民,移民,/ˈɪməɡrənt/,/ˈɪməɡrənt/,Many immigrants come to the country each year.,Many immigrant come to the country each year.,毎年多くの移民がその国に来る。,毎年多くの移民がその国に来る。,例文の原形主語整合化
3365,chapel,B1,B1,礼拝堂,礼拝堂,/ˈtʃæpəlz/,/tʃˈæpəl/,The wedding ceremony took place in the chapel.,The wedding ceremony took place in the chapel.,結婚式は礼拝堂で行われた。,結婚式は礼拝堂で行われた。,屈折IPAの原形化
3376,orbit,B1,B1,軌道,軌道,/ˈɔrbəts/,/ˈɔːrbət/,The planets orbit the sun.,The planets orbit the sun.,惑星は太陽の周りを軌道する。,惑星は太陽の周りを軌道する。,屈折IPAの原形化
3385,vampire,B1,B1,吸血鬼,吸血鬼,/ˈvæmpaɪrz/,/vˈæmpaɪr/,Vampires are popular in horror movies.,vampire are popular in horror movies.,吸血鬼はホラー映画で人気がある。,吸血鬼はホラー映画で人気がある。,屈折IPAの原形化 / 例文の原形主語整合化
3389,cannon,B1,B1,大砲,大砲,/ˈkænənz/,/kˈænən/,The fort was equipped with cannons.,The fort was equipped with cannon.,その砦は大砲を備えていた。,その砦は大砲を備えていた。,屈折IPAの原形化 / 例文の原形主語整合化
3390,carol,B1,B1,クリスマスキャロル,クリスマスキャロル,/ˈkɛrəlz/,/kˈærəl/,They sang Christmas carols around the tree.,They sang Christmas carol around the tree.,彼らは木の周りでクリスマスキャロルを歌った。,彼らは木の周りでクリスマスキャロルを歌った。,屈折IPAの原形化 / 例文の原形主語整合化
3398,gauge,B1,B1,計器,計器,/ˈɡeɪdʒəz/,/ɡˈeɪdʒ/,The car's dashboard had many gauges.,The car's dashboard had many gauge.,車のダッシュボードには多くの計器があった。,車のダッシュボードには多くの計器があった。,屈折IPAの原形化 / 例文の原形主語整合化
3411,shelf,B1,B1,棚,棚,/ˈʃɛlvz/,/ʃˈelf/,The books are on the shelves.,The books are on the shelves.,本は棚の上にある。,本は棚の上にある。,屈折IPAの原形化
3416,voltage,B1,B1,電圧,電圧,/ˈvoʊltədʒəz/,/vˈoʊltədʒ/,The device operates at different voltages.,The device operates at different voltage.,その装置は異なる電圧で作動する。,その装置は異なる電圧で作動する。,屈折IPAの原形化 / 例文の原形主語整合化
3419,advisor,B1,B1,顧問,顧問,/æˈdvaɪzərz/,/ædvˈaɪzɚ/,The president has a team of economic advisors.,The president has a team of economic advisor.,大統領には経済顧問のチームがいる。,大統領には経済顧問のチームがいる。,屈折IPAの原形化 / 例文の原形主語整合化
3428,liquor,B1,B1,酒類,酒類,/ˈlɪkərz/,/lˈɪkɚ/,They sell a variety of liquors at the store.,They sell a variety of liquor at the store.,彼らは店で様々な酒類を販売している。,彼らは店で様々な酒類を販売している。,屈折IPAの原形化 / 例文の原形主語整合化
3455,drone,B1,B1,ドローン,ドローン,/ˈdroʊnz/,/drˈoʊn/,The drones flew over the field to film the game.,The drone flew over the field to film the game.,ドローンは試合を撮影するためにフィールドの上空を飛んだ。,ドローンは試合を撮影するためにフィールドの上空を飛んだ。,屈折IPAの原形化 / 例文の原形主語整合化
3474,slice,B1,B1,スライス,スライス,/ˈslaɪsəz/,/slˈaɪs/,I ate two slices of bread.,I ate two slice of bread.,私はパンを2切れ食べた。,私はパンを2切れ食べた。,屈折IPAの原形化 / 例文の原形主語整合化
3475,telegraph,B1,B1,電報,電報,/ˈtɛləˌɡræfs/,/tˈeləɡrˌæf/,They used to communicate by telegraphs.,They used to communicate by telegraph.,彼らはかつて電報で通信していた。,彼らはかつて電報で通信していた。,屈折IPAの原形化 / 例文の原形主語整合化
3478,affiliate,B1,B1,関連会社,関連会社,/əˈfɪliəts/,/əfˈɪliːˌeɪt/,Our company has many affiliates around the world.,Our company has many affiliate around the world.,私たちの会社は世界中に多くの関連会社を持っている。,私たちの会社は世界中に多くの関連会社を持っている。,屈折IPAの原形化 / 例文の原形主語整合化
3480,clause,B1,B1,条項、節,条項、節,/ˈklɔz/,/klˈɔːz/,The contract has a cancellation clause.,The contract has a cancellation clause.,その契約には解約条項がある。,その契約には解約条項がある。,屈折IPAの原形化
3483,cylinder,B1,B1,シリンダー,シリンダー,/ˈsɪləndərz/,/sˈɪləndɚ/,The engine has six cylinders.,The engine has six cylinder.,そのエンジンには6つのシリンダーがある。,そのエンジンには6つのシリンダーがある。,屈折IPAの原形化 / 例文の原形主語整合化
3486,expedition,B1,B1,遠征,遠征,/ˌɛkspəˈdɪʃənz/,/ˌekspədˈɪʃən/,They organized several expeditions to the mountains.,They organized several expedition to the mountains.,彼らは山へのいくつかの遠征を組織した。,彼らは山へのいくつかの遠征を組織した。,屈折IPAの原形化 / 例文の原形主語整合化
3516,weigh,B1,B1,重さを量る,重さを量る,/ˈweɪz/,/wˈeɪ/,The package weighs five pounds.,The package weigh five pounds.,その荷物は5ポンドの重さがある。,その荷物は5ポンドの重さがある。,屈折IPAの原形化 / 例文の原形主語整合化
3518,bump,B1,B1,でこぼこ,でこぼこ,/ˈbʌmps/,/bˈʌmp/,The road was full of bumps.,The road was full of bump.,その道はでこぼこだらけだった。,その道はでこぼこだらけだった。,屈折IPAの原形化 / 例文の原形主語整合化
3519,cart,B1,B1,カート,カート,/ˈkɑrts/,/kˈɑːrt/,The shopping carts were lined up outside the store.,The shopping cart were lined up outside the store.,ショッピングカートは店の外に並んでいた。,ショッピングカートは店の外に並んでいた。,屈折IPAの原形化 / 例文の原形主語整合化
3523,cord,B1,B1,コード,コード,/ˈkɔrdz/,/kˈɔːrd/,He tripped over the cords.,He tripped over the cord.,彼はコードにつまずきました。,私はコードにつまずきました。,屈折IPAの原形化 / 例文の原形主語整合化
3546,whale,B1,B1,クジラ,クジラ,/ˈweɪl/,/ˈweɪl/,Whales are very large animals.,whale are very large animals.,クジラはとても大きな動物です。,クジラはとても大きな動物です。,例文の原形主語整合化
3547,admire,B1,B1,感心する,感心する,/æˈdmaɪrz/,/ædmˈaɪr/,He admires her courage.,I admire her courage.,彼は彼女の勇気に感心している。,私は彼女の勇気に感心している。,屈折IPAの原形化 / 例文の原形主語整合化
3563,po,B1,B1,POS,POS,/ˈpɑs/,/pˈoʊ/,The POS system processed the payment.,The po system processed the payment.,POSシステムが支払いを処理した。,POSシステムが支払いを処理した。,屈折IPAの原形化 / 例文の原形主語整合化
3581,clearance,B1,B1,許可,許可,/ˈklɪrəns/,/klˈɪrəns/,We need clearance from the authorities.,We need clearance from the authorities.,私たちは当局からの許可が必要です。,私たちは当局からの許可が必要です。,屈折IPAの原形化
3585,dame,B1,B1,女性たち,女性たち,/ˈdeɪmz/,/dˈeɪm/,The dames in the vintage film were all dressed in elegant gowns.,The dame in the vintage film were all dressed in elegant gowns.,その古い映画の女性たちは皆、優雅なガウンを着ていた。,その古い映画の女性たちは皆、優雅なガウンを着ていた。,屈折IPAの原形化 / 例文の原形主語整合化
3595,marble,B1,B1,ビー玉,ビー玉,/ˈmɑrbəlz/,/mˈɑːrbəl/,The children were playing with marbles.,The children were playing with marble.,子供たちはビー玉で遊んでいた。,子供たちはビー玉で遊んでいた。,屈折IPAの原形化 / 例文の原形主語整合化
3598,pillow,B1,B1,枕,枕,/ˈpɪloʊ/,/ˈpɪloʊ/,I like soft pillows.,I like soft pillow.,私は柔らかい枕が好きです。,私は柔らかい枕が好きです。,例文の原形主語整合化
3604,rapper,B1,B1,ラッパー,ラッパー,/ˈræpərz/,/rˈæpɚ/,The concert featured many famous rappers.,The concert featured many famous rapper.,コンサートには多くの有名なラッパーが出演した。,コンサートには多くの有名なラッパーが出演した。,屈折IPAの原形化 / 例文の原形主語整合化
3626,locker,B1,B1,ロッカー,ロッカー,/ˈlɑkərz/,/lˈɑːkɚ/,Students keep their belongings in lockers.,Students keep their belongings in locker.,生徒たちは私物をロッカーに保管します。,生徒たちは私物をロッカーに保管します。,屈折IPAの原形化 / 例文の原形主語整合化
3627,marking,B1,B1,模様,模様,/ˈmɑrkɪŋz/,/mˈɑːrkɪŋ/,The cat has beautiful markings.,The cat has beautiful marking.,その猫は美しい模様をしている。,その猫は美しい模様をしている。,屈折IPAの原形化 / 例文の原形主語整合化
3630,purse,B1,B1,財布,財布,/ˈpɜːrsɪz/,/pˈɜːrs/,She has many purses in her closet.,She has many purse in her closet.,彼女はクローゼットにたくさんの財布を持っている。,私はクローゼットにたくさんの財布を持っている。,屈折IPAの原形化 / 例文の原形主語整合化
3632,ref,B1,B1,審判員,審判員,/ˈrɛfs/,/rˈef/,The refs made a controversial call during the game.,The ref made a controversial call during the game.,審判員は試合中に物議を醸す判定を下しました。,審判員は試合中に物議を醸す判定を下しました。,屈折IPAの原形化 / 例文の原形主語整合化
3633,reservation,B1,B1,予約,予約,/ˌrɛzərˈveɪʃənz/,/rˌezɚvˈeɪʃən/,We have reservations for dinner at 7 PM.,We have reservation for dinner at 7 PM.,私たちは午後7時に夕食の予約をしています。,私たちは午後7時に夕食の予約をしています。,屈折IPAの原形化 / 例文の原形主語整合化
3636,tense,B1,B1,緊張した,緊張した,/ˈtɛns/,/tˈens/,The situation became very tense.,The situation became very tense.,状況は非常に緊張した。,状況は非常に緊張した。,屈折IPAの原形化
3643,automobile,B1,B1,自動車,自動車,/ˈɔtəmoʊˌbiːlz/,/ˈɔːtəmoʊbˌiːl/,Automobiles have become more fuel efficient.,automobile have become more fuel efficient.,自動車は燃費がより良くなった。,自動車は燃費がより良くなった。,屈折IPAの原形化 / 例文の原形主語整合化
3644,cement,B1,B1,固める,固める,/səˈmɛnts/,/səmˈent/,The agreement cements the partnership between the two companies.,The agreement cement the partnership between the two companies.,その合意は、2社間の提携を固める。,その合意は、2社間の提携を固める。,屈折IPAの原形化 / 例文の原形主語整合化
3647,consist,B1,B1,構成される,構成される,/kəˈnsɪsts/,/kənsˈɪst/,The team consists of five members.,The team consist of five members.,チームは5人のメンバーで構成されています。,チームは5人のメンバーで構成されています。,屈折IPAの原形化 / 例文の原形主語整合化
3652,generator,B1,B1,発電機,発電機,/ˈdʒɛnərˌeɪtərz/,/dʒˈenɚˌeɪtɚ/,They used generators to provide electricity.,They used generator to provide electricity.,彼らは電気を供給するために発電機を使用した。,彼らは電気を供給するために発電機を使用した。,屈折IPAの原形化 / 例文の原形主語整合化
3654,grove,B1,B1,木立,木立,/ˈɡroʊvz/,/ɡrˈoʊv/,We walked through the orange groves.,We walked through the orange grove.,私たちはオレンジの木立を歩いた。,私たちはオレンジの木立を歩いた。,屈折IPAの原形化 / 例文の原形主語整合化
3656,idol,B1,B1,偶像,偶像,/ˈaɪdəlz/,/ˈaɪdəl/,The singer is considered to be an idol for many fans.,The singer is considered to be an idol for many fans.,その歌手は多くのファンにとって偶像と見なされている。,その歌手は多くのファンにとって偶像と見なされている。,屈折IPAの原形化
3657,locate,B1,B1,位置を特定する,位置を特定する,/ˈloʊˌkeɪts/,/lˈoʊkˌeɪt/,The GPS locates our position accurately.,The GPS locate our position accurately.,GPSは私たちの位置を正確に特定します。,GPSは私たちの位置を正確に特定します。,屈折IPAの原形化 / 例文の原形主語整合化
3674,vibe,B1,B1,雰囲気,雰囲気,/ˈvaɪbz/,/vˈaɪb/,I'm getting good vibes from this place.,I'm getting good vibe from this place.,この場所から良い雰囲気を感じる。,この場所から良い雰囲気を感じる。,屈折IPAの原形化 / 例文の原形主語整合化
3678,bore,B1,B1,退屈させる,退屈させる,/ˈbɔrz/,/bˈɔːr/,Long speeches usually bores me.,Long speeches usually bore me.,長いスピーチは大抵私を退屈させる。,長いスピーチは大抵私を退屈させる。,屈折IPAの原形化 / 例文の原形主語整合化
3679,bundle,B1,B1,"束,包み","束,包み",/ˈbʌndəlz/,/bˈʌndəl/,She carried a bundle of newspapers to the recycling bin.,She carried a bundle of newspapers to the recycling bin.,彼女はリサイクル箱に新聞の束を運んだ。,彼女はリサイクル箱に新聞の束を運んだ。,屈折IPAの原形化
3681,dial,B1,B1,ダイヤル,ダイヤル,/ˈdaɪəlz/,/dˈaɪəl/,The old radio had dials instead of buttons.,The old radio had dial instead of buttons.,その古いラジオにはボタンではなくダイヤルが付いていた。,その古いラジオにはボタンではなくダイヤルが付いていた。,屈折IPAの原形化 / 例文の原形主語整合化
3686,guild,B1,B1,ギルド,ギルド,/ˈɡɪldz/,/ɡˈɪld/,The medieval guilds controlled the crafts and trades.,The medieval guild controlled the crafts and trades.,中世のギルドは、工芸品や貿易を管理していた。,中世のギルドは、工芸品や貿易を管理していた。,屈折IPAの原形化 / 例文の原形主語整合化
3690,jar,B1,B1,瓶,瓶,/ˈdʒɑrz/,/dʒˈɑːr/,The kitchen was filled with jars of homemade jam.,The kitchen was filled with jar of homemade jam.,台所は自家製ジャムの瓶でいっぱいだった。,台所は自家製ジャムの瓶でいっぱいだった。,屈折IPAの原形化 / 例文の原形主語整合化
3696,pierce,B1,B1,貫通する,貫通する,/ˈpɪrs/,/pˈɪrs/,The nail pierced the wooden board.,The nail pierced the wooden board.,釘は木の板を貫通した。,釘は木の板を貫通した。,屈折IPAの原形化
3697,pistol,B1,B1,ピストル,ピストル,/ˈpɪstəlz/,/pˈɪstəl/,The officers carried pistols as their sidearms.,The officers carried pistol as their sidearms.,役員はサイドアームとしてピストルを携帯した。,役員はサイドアームとしてピストルを携帯した。,屈折IPAの原形化 / 例文の原形主語整合化
3704,sleeve,B1,B1,袖,袖,/ˈsliːvz/,/slˈiːv/,She rolled up her sleeves before starting work.,She rolled up her sleeve before starting work.,彼女は仕事に取り掛かる前に袖をまくり上げた。,私は仕事に取り掛かる前に袖をまくり上げた。,屈折IPAの原形化 / 例文の原形主語整合化
3714,airplane,B1,B1,飛行機,飛行機,/ˈɛrpleɪnz/,/ˈerplˌeɪn/,I like watching airplanes take off.,I like watching airplane take off.,私は飛行機が離陸するのを見るのが好きです。,私は飛行機が離陸するのを見るのが好きです。,屈折IPAの原形化 / 例文の原形主語整合化
3729,enrollment,B1,B1,登録者数、入学者数,登録者数、入学者数,/ɛˈnroʊlmənts/,/enrˈoʊlmənt/,The school saw an increase in enrollments this year.,The school saw an increase in enrollment this year.,学校は今年、登録者数の増加を見た。,学校は今年、登録者数の増加を見た。,屈折IPAの原形化 / 例文の原形主語整合化
3738,notification,B1,B1,通知,通知,/ˌnoʊtəfəˈkeɪʃənz/,/nˌoʊtəfəkˈeɪʃən/,I receive many notifications on my phone.,I receive many notification on my phone.,私はスマホに多くの通知を受け取る。,私はスマホに多くの通知を受け取る。,屈折IPAの原形化 / 例文の原形主語整合化
3745,sensor,B1,B1,センサー,センサー,/ˈsɛnsərz/,/sˈensɚ/,The car is equipped with parking sensors.,The car is equipped with parking sensor.,その車には駐車センサーが装備されている。,その車には駐車センサーが装備されている。,屈折IPAの原形化 / 例文の原形主語整合化
3755,ambition,B1,B1,野望,野望,/æˈmbɪʃənz/,/æmbˈɪʃən/,He had grand ambitions for his future.,He had grand ambition for his future.,彼は自分の将来に対して大きな野望を持っていた。,私は自分の将来に対して大きな野望を持っていた。,屈折IPAの原形化 / 例文の原形主語整合化
3761,catalog,B1,B1,カタログ,カタログ,/ˈkætəlɑɡz/,/kˈætəlɔːɡ/,We ordered the furniture from the catalogs.,We ordered the furniture from the catalog.,私たちはカタログから家具を注文した。,私たちはカタログから家具を注文した。,屈折IPAの原形化 / 例文の原形主語整合化
3782,plaza,B1,B1,広場,広場,/ˈplɑzəz/,/plˈɑːzə/,Many people gather in the city's plazas.,Many people gather in the city's plaza.,多くの人々が都市の広場に集まります。,多くの人々が都市の広場に集まります。,屈折IPAの原形化 / 例文の原形主語整合化
3790,thriller,B1,B1,スリラー,スリラー,/ˈθrɪlərz/,/θrˈɪlɚ/,She enjoys reading thriller novels.,She enjoys reading thriller novels.,彼女はスリラー小説を読むのが好きだ。,彼女はスリラー小説を読むのが好きだ。,屈折IPAの原形化
3799,brigade,B1,B1,旅団,旅団,/brɪˈɡeɪdz/,/brəɡˈeɪd/,The fire brigades arrived quickly at the scene.,The fire brigade arrived quickly at the scene.,消防旅団は現場に素早く到着した。,消防旅団は現場に素早く到着した。,屈折IPAの原形化 / 例文の原形主語整合化
3801,cardinal,B1,B1,枢機卿,枢機卿,/ˈkɑrdənəlz/,/kˈɑːrdənəl/,The cardinals gathered for the conclave.,The cardinal gathered for the conclave.,枢機卿たちはコンクラーベのために集まった。,枢機卿たちはコンクラーベのために集まった。,屈折IPAの原形化 / 例文の原形主語整合化
3811,dome,B1,B1,ドーム,ドーム,/ˈdoʊmz/,/dˈoʊm/,The city is famous for its beautiful domes.,The city is famous for its beautiful dome.,その都市は美しいドームで有名だ。,その都市は美しいドームで有名だ。,屈折IPAの原形化 / 例文の原形主語整合化
3821,mortality,B1,B1,死亡率,死亡率,/mortalities/,/mɔːrtˈælətiː/,Infant mortalities have declined in recent years.,Infant mortalities have declined in recent years.,乳児死亡率は近年低下しています。,乳児死亡率は近年低下しています。,屈折IPAの原形化
3822,peanut,B1,B1,ピーナッツ,ピーナッツ,/ˈpiːnət/,/ˈpiːnət/,"Be careful, there are peanuts in this snack.","Be careful, there are peanut in this snack.",注意してください、このおやつにはピーナッツが入っています。,注意してください、このおやつにはピーナッツが入っています。,例文の原形主語整合化
3824,pharmaceutical,B1,B1,医薬品,医薬品,/ˌfɑrməˈsuːtɪkəlz/,/fˌɑːrməsˈuːtɪkəl/,The company produces a wide range of pharmaceuticals.,The company produces a wide range of pharmaceutical.,その会社は幅広い医薬品を製造している。,その会社は幅広い医薬品を製造している。,屈折IPAの原形化 / 例文の原形主語整合化
3827,reservoir,B1,B1,貯水池,貯水池,/ˈrɛzərˌvwɑrz/,/rˈezəvwˌɑːr/,The city's reservoirs are low due to the drought.,The city's reservoir are low due to the drought.,干ばつのため、都市の貯水池は水位が低い。,干ばつのため、都市の貯水池は水位が低い。,屈折IPAの原形化 / 例文の原形主語整合化
3830,shepherd,B1,B1,羊飼い,羊飼い,/ˈʃɛpərdz/,/ʃˈepɚd/,The shepherds were watching their flocks.,The shepherd were watching their flocks.,羊飼いたちは群れを見張っていた。,羊飼いたちは群れを見張っていた。,屈折IPAの原形化 / 例文の原形主語整合化
3831,shuttle,B1,B1,シャトル,シャトル,/ˈʃʌtəlz/,/ʃˈʌtəl/,The shuttle provides transportation between the airport and hotels.,The shuttle provides transportation between the airport and hotels.,シャトルは空港とホテル間の輸送を提供する。,シャトルは空港とホテル間の輸送を提供する。,屈折IPAの原形化
3834,striker,B1,B1,ストライカー、攻撃者,ストライカー、攻撃者,/ˈstraɪkərz/,/strˈaɪkɚ/,The team’s strikers are very fast and skillful.,The team’s striker are very fast and skillful.,チームのストライカーたちは非常に速くて上手だ。,チームのストライカーたちは非常に速くて上手だ。,屈折IPAの原形化 / 例文の原形主語整合化
3842,wagon,B1,B1,ワゴン,ワゴン,/ˈwæɡənz/,/wˈæɡən/,They loaded the wagons with goods.,They loaded the wagon with goods.,彼らはワゴンに商品を積んだ。,彼らはワゴンに商品を積んだ。,屈折IPAの原形化 / 例文の原形主語整合化
3859,dislike,B1,B1,嫌い,嫌い,/dɪˈslaɪks/,/dɪslˈaɪk/,He dislikes eating vegetables.,I dislike eating vegetables.,彼は野菜を食べるのが嫌いだ。,私は野菜を食べるのが嫌いだ。,屈折IPAの原形化 / 例文の原形主語整合化
3863,fist,B1,B1,拳,拳,/ˈfɪsts/,/fˈɪst/,He clenched his fists in anger.,He clenched his fist in anger.,彼は怒りで拳を握りしめた。,私は怒りで拳を握りしめた。,屈折IPAの原形化 / 例文の原形主語整合化
3870,module,B1,B1,モジュール、単位,モジュール、単位,/ˈmɑdʒul/,/ˈmɑdʒul/,The software is made up of several modules.,The software is made up of several module.,そのソフトウェアは、いくつかのモジュールで構成されている。,そのソフトウェアは、いくつかのモジュールで構成されている。,例文の原形主語整合化
3876,rogue,B1,B1,悪党,悪党,/ˈroʊɡz/,/rˈoʊɡ/,The town was filled with rogues and scoundrels.,The town was filled with rogue and scoundrels.,その町は悪党とごろつきで溢れていた。,その町は悪党とごろつきで溢れていた。,屈折IPAの原形化 / 例文の原形主語整合化
3883,abbey,B1,B1,修道院,修道院,/ˈæbiz/,/ˈæbiː/,They visited several old abbeys on their tour.,They visited several old abbey on their tour.,彼らはツアーでいくつかの古い修道院を訪れた。,彼らはツアーでいくつかの古い修道院を訪れた。,屈折IPAの原形化 / 例文の原形主語整合化
3889,consume,B1,B1,消費する、使い果たす,消費する、使い果たす,/kəˈnsuːmz/,/kənsˈuːm/,The car consumes a lot of gasoline.,The car consume a lot of gasoline.,その車は大量のガソリンを消費する。,その車は大量のガソリンを消費する。,屈折IPAの原形化 / 例文の原形主語整合化
3894,haul,B1,B1,運ぶ,運ぶ,/ˈhɔlz/,/hˈɔːl/,The truck hauls heavy loads every day.,The truck haul heavy loads every day.,トラックは毎日重い荷物を運んでいる。,トラックは毎日重い荷物を運んでいる。,屈折IPAの原形化 / 例文の原形主語整合化
3908,qualification,B1,B1,資格,資格,/ˌkwɑləfəˈkeɪʃənz/,/kwˌɑːləfəkˈeɪʃən/,She has the qualifications for the job.,She has the qualification for the job.,彼女はその仕事の資格を持っている。,私はその仕事の資格を持っている。,屈折IPAの原形化 / 例文の原形主語整合化
3922,whistle,B1,B1,笛,笛,/ˈwɪsəlz/,/wˈɪsəl/,The referee whistles to start the game.,The referee whistle to start the game.,審判は試合開始の合図に笛を吹く。,審判は試合開始の合図に笛を吹く。,屈折IPAの原形化 / 例文の原形主語整合化
3952,saga,B1,B1,武勇伝,武勇伝,/ˈsɑɡəz/,/sˈɑːɡə/,The sagas tell of ancient heroes.,The saga tell of ancient heroes.,武勇伝は古代の英雄について語る。,武勇伝は古代の英雄について語る。,屈折IPAの原形化 / 例文の原形主語整合化
3962,ant,B1,B1,アリ,アリ,/ˈænts/,/ˈænt/,There are ants in the kitchen.,There are ant in the kitchen.,台所にアリがいる。,台所にアリがいる。,屈折IPAの原形化 / 例文の原形主語整合化
3965,coupon,B1,B1,クーポン,クーポン,/ˈkuːˌpɔnz/,/kˈuːpˌɔːn/,She used coupons at the grocery store.,She used coupon at the grocery store.,彼女は食料品店でクーポンを使った。,私は食料品店でクーポンを使った。,屈折IPAの原形化 / 例文の原形主語整合化
3971,fringe,B1,B1,縁、周辺部,縁、周辺部,/ˈfrɪndʒɪz/,/frˈɪndʒ/,They live on the fringes of the city.,They live on the fringe of the city.,彼らは都市の周辺部に住んでいる。,彼らは都市の周辺部に住んでいる。,屈折IPAの原形化 / 例文の原形主語整合化
3982,maid,B1,B1,メイド,メイド,/ˈmeɪdz/,/mˈeɪd/,The maids cleaned the hotel room.,The maid cleaned the hotel room.,メイドたちはホテルの部屋を掃除した。,メイドたちはホテルの部屋を掃除した。,屈折IPAの原形化 / 例文の原形主語整合化
3984,maple,B1,B1,カエデ,カエデ,/ˈmeɪpəlz/,/mˈeɪpəl/,The maples in the park turn red in the fall.,The maple in the park turn red in the fall.,公園のカエデは秋になると赤くなる。,公園のカエデは秋になると赤くなる。,屈折IPAの原形化 / 例文の原形主語整合化
3985,mindset,B1,B1,考え方,考え方,/ˈmaɪˌndsɛts/,/mˈaɪndsˌet/,We need to change our mindsets to achieve progress.,We need to change our mindset to achieve progress.,進歩を達成するためには、私たちの考え方を変える必要があります。,進歩を達成するためには、私たちの考え方を変える必要があります。,屈折IPAの原形化 / 例文の原形主語整合化
3996,stunt,B1,B1,スタント,スタント,/ˈstʌnts/,/stˈʌnt/,The movie was full of dangerous stunts.,The movie was full of dangerous stunt.,その映画は危険なスタントでいっぱいだった。,その映画は危険なスタントでいっぱいだった。,屈折IPAの原形化 / 例文の原形主語整合化
4001,thrust,B1,B1,突進,突進,/ˈθrʌsts/,/θrˈʌst/,He made several quick thrusts with his sword.,He made several quick thrust with his sword.,彼は剣でいくつかの素早い突進をしました。,私は剣でいくつかの素早い突進をしました。,屈折IPAの原形化 / 例文の原形主語整合化
4012,builder,B1,B1,建築業者,建築業者,/ˈbɪldərz/,/bˈɪldɚ/,The builders are working on the new house.,The builder are working on the new house.,建築業者は新しい家を建てています。,建築業者は新しい家を建てています。,屈折IPAの原形化 / 例文の原形主語整合化
4015,compilation,B1,B1,編集物,編集物,/ˌkɑmpəˈleɪʃənz/,/kˌɑːmpəlˈeɪʃən/,The musician released a collection of compilations of their greatest hits.,The musician released a collection of compilation of their greatest hits.,そのミュージシャンは、彼らの最高のヒット曲の編集物をリリースした。,そのミュージシャンは、彼らの最高のヒット曲の編集物をリリースした。,屈折IPAの原形化 / 例文の原形主語整合化
4033,necklace,B1,B1,ネックレス,ネックレス,/ˈnɛkləsɪz/,/nˈekləs/,She has a collection of necklaces.,She has a collection of necklace.,彼女はネックレスのコレクションを持っています。,私はネックレスのコレクションを持っています。,屈折IPAの原形化 / 例文の原形主語整合化
4043,analyze,B1,B1,分析する,分析する,/ˈænəˌlaɪz/,/ˈænəlˌaɪz/,The data needs to be analyzed carefully.,The data needs to be analyzed carefully.,データは注意深く分析する必要がある。,データは注意深く分析する必要がある。,屈折IPAの原形化
4055,hut,B1,B1,小屋,小屋,/ˈhʌts/,/hˈʌt/,The villagers live in small huts.,The villagers live in small hut.,村人たちは小さな小屋に住んでいます。,村人たちは小さな小屋に住んでいます。,屈折IPAの原形化 / 例文の原形主語整合化
4057,marina,B1,B1,マリーナ,マリーナ,/mərˈiːnəz/,/mɚˈiːnə/,The marinas were bustling with activity.,The marina were bustling with activity.,マリーナは活気に満ちていた。,マリーナは活気に満ちていた。,屈折IPAの原形化 / 例文の原形主語整合化
4058,mat,B1,B1,マット,マット,/ˈmæts/,/mˈæt/,We put mats at the entrance of the house.,We put mat at the entrance of the house.,私たちは家の入り口にマットを置いた。,私たちは家の入り口にマットを置いた。,屈折IPAの原形化 / 例文の原形主語整合化
4065,renewal,B1,B1,更新、再開,更新、再開,/rɪˈnuːəlz/,/rɪnˈuːəl/,The contract is up for renewals next year.,The contract is up for renewal next year.,契約は来年更新を迎える。,契約は来年更新を迎える。,屈折IPAの原形化 / 例文の原形主語整合化
4070,swamp,B1,B1,沼地,沼地,/ˈswɑmps/,/swˈɑːmp/,Swamps are often home to many animals.,swamp are often home to many animals.,沼地はしばしば多くの動物の生息地となる。,沼地はしばしば多くの動物の生息地となる。,屈折IPAの原形化 / 例文の原形主語整合化
4072,teammate,B1,B1,チームメイト,チームメイト,/ˈtiːˌmmeɪts/,/tˈiːmˌeɪt/,We've been teammates for years.,We've been teammate for years.,私たちは何年もチームメイトだ。,私たちは何年もチームメイトだ。,屈折IPAの原形化 / 例文の原形主語整合化
4078,afghan,B1,B1,アフガン（編み物）,アフガン（編み物）,/ˈæˌfɡænz/,/ˈæfɡˌæn/,She knitted beautiful afghans for the winter.,She knitted beautiful afghan for the winter.,彼女は冬のために美しいアフガンを編みました。,私は冬のために美しいアフガンを編みました。,屈折IPAの原形化 / 例文の原形主語整合化
4083,applause,B1,B1,拍手,拍手,/əˈplɔz/,/əplˈɔːz/,The audience gave a round of applause.,The audience gave a round of applause.,観客は盛大な拍手をした。,観客は盛大な拍手をした。,屈折IPAの原形化
4085,borough,B1,B1,行政区,行政区,/ˈbɜːrˌoʊz/,/bˈɜːrˌoʊ/,The city is divided into several boroughs.,The city is divided into several borough.,その都市はいくつかの行政区に分かれています。,その都市はいくつかの行政区に分かれています。,屈折IPAの原形化 / 例文の原形主語整合化
4115,prototype,B1,B1,試作品、原型,試作品、原型,/ˈproʊtəˌtaɪps/,/prˈoʊtətˌaɪp/,They are testing the new prototypes.,They are testing the new prototype.,彼らは新しい試作品をテストしている。,彼らは新しい試作品をテストしている。,屈折IPAの原形化 / 例文の原形主語整合化
4118,reef,B1,B1,岩礁,岩礁,/ˈriːfs/,/rˈiːf/,Divers explored the coral reefs.,Divers explored the coral reef.,ダイバーたちはサンゴ礁を探検した。,ダイバーたちはサンゴ礁を探検した。,屈折IPAの原形化 / 例文の原形主語整合化
4142,decree,B1,B1,法令,法令,/dɪˈkriːz/,/dɪkrˈiː/,The king issued several decrees.,The king issued several decree.,王はいくつかの法令を発布した。,王はいくつかの法令を発布した。,屈折IPAの原形化 / 例文の原形主語整合化
4147,electron,B1,B1,電子,電子,/ɪˈlɛktrɑnz/,/ɪlˈektrɑːn/,Electrons orbit the nucleus of an atom.,electron orbit the nucleus of an atom.,電子は原子の原子核の周りを周回する。,電子は原子の原子核の周りを周回する。,屈折IPAの原形化 / 例文の原形主語整合化
4148,enzyme,B1,B1,酵素,酵素,/ˈɛˌnzaɪmz/,/ˈenzˌaɪm/,Enzymes speed up chemical reactions in the body.,enzyme speed up chemical reactions in the body.,酵素は体内の化学反応を加速する。,酵素は体内の化学反応を加速する。,屈折IPAの原形化 / 例文の原形主語整合化
4152,hormone,B1,B1,ホルモン,ホルモン,/ˈhɔˌrmoʊnz/,/hˈɔːrmˌoʊn/,Hormones play a critical role in the body's functions.,hormone play a critical role in the body's functions.,ホルモンは体の機能において重要な役割を果たしている。,ホルモンは体の機能において重要な役割を果たしている。,屈折IPAの原形化 / 例文の原形主語整合化
4155,lace,B1,B1,レース,レース,/ˈleɪs/,/lˈeɪs/,The dress had intricate lace detailing.,The dress had intricate lace detailing.,そのドレスには複雑なレースのディテールが施されていた。,そのドレスには複雑なレースのディテールが施されていた。,屈折IPAの原形化
4164,nickel,B1,B1,ニッケル硬貨,ニッケル硬貨,/ˈnɪkəlz/,/nˈɪkəl/,I have two nickels in my pocket.,I have two nickel in my pocket.,私はポケットに２枚のニッケル硬貨を持っている。,私はポケットに２枚のニッケル硬貨を持っている。,屈折IPAの原形化 / 例文の原形主語整合化
4165,niece,B1,B1,姪,姪,/ˈniːs/,/nˈiːs/,Her niece came to visit.,Her niece came to visit.,彼女の姪が訪ねてきました。,彼女の姪が訪ねてきました。,屈折IPAの原形化
4178,slate,B1,B1,予定,予定,/ˈsleɪts/,/slˈeɪt/,The meeting is slated for next week.,The meeting is slated for next week.,会議は来週予定されています。,会議は来週予定されています。,屈折IPAの原形化
4181,sunrise,B1,B1,日の出,日の出,/ˈsʌˌnraɪz/,/sˈʌnrˌaɪz/,They woke up early to watch the sunrise.,They woke up early to watch the sunrise.,彼らは日の出を見るために早起きした。,彼らは日の出を見るために早起きした。,屈折IPAの原形化
4185,token,B1,B1,証拠,証拠,/ˈtoʊkənz/,/tˈoʊkən/,He gave her tokens of his love.,He gave her token of his love.,彼は彼女に愛の証を贈った。,私は彼女に愛の証を贈った。,屈折IPAの原形化 / 例文の原形主語整合化
4195,boycott,B1,B1,ボイコット,ボイコット,/ˈbɔɪˌkɑts/,/bˈɔɪkˌɑːt/,Consumers organized boycotts of products made in sweatshops.,Consumers organized boycott of products made in sweatshops.,消費者は、搾取工場で作られた製品のボイコットを組織した。,消費者は、搾取工場で作られた製品のボイコットを組織した。,屈折IPAの原形化 / 例文の原形主語整合化
4198,competitor,B1,B1,競争相手,競争相手,/kəˈmpɛtətərz/,/kəmpˈetətɚ/,They are our main competitors.,They are our main competitor.,彼らは私たちの主な競争相手です。,彼らは私たちの主な競争相手です。,屈折IPAの原形化 / 例文の原形主語整合化
4203,eclipse,B1,B1,覆い隠す、影を薄くする,覆い隠す、影を薄くする,/ɪˈklɪpsɪz/,/ɪklˈɪps/,The moon eclipses the sun during a solar eclipse.,The moon eclipses the sun during a solar eclipse.,月は日食の間、太陽を覆い隠す。,月は日食の間、太陽を覆い隠す。,屈折IPAの原形化
4206,gal,B1,B1,女の子たち,女の子たち,/ˈɡælz/,/ɡˈæl/,The gals went out for a girls night out.,The gal went out for a girls night out.,女の子たちは女子会に出かけた。,女の子たちは女子会に出かけた。,屈折IPAの原形化 / 例文の原形主語整合化
4207,hawk,B1,B1,タカ,タカ,/ˈhɔks/,/hˈɔːk/,The hawk is circling overhead.,The hawk is circling overhead.,タカが頭上を旋回しています。,タカが頭上を旋回しています。,屈折IPAの原形化
4215,pony,B1,B1,ポニー,ポニー,/ˈpoʊniz/,/pˈoʊniː/,The children were riding the ponies.,The children were riding the ponies.,子供たちはポニーに乗っていました。,子供たちはポニーに乗っていました。,屈折IPAの原形化
4220,reliance,B1,B1,依存,依存,/rɪˈlaɪəns/,/rɪlˈaɪəns/,The company has a high reliance on technology.,The company has a high reliance on technology.,その会社はテクノロジーへの高い依存度を持っている。,その会社はテクノロジーへの高い依存度を持っている。,屈折IPAの原形化
4226,shotgun,B1,B1,散弾銃,散弾銃,/ˈʃɑˌtɡʌnz/,/ʃˈɑːtɡˌʌn/,Hunters often use shotguns for hunting game.,Hunters often use shotgun for hunting game.,ハンターはしばしば獲物を狩るために散弾銃を使う。,ハンターはしばしば獲物を狩るために散弾銃を使う。,屈折IPAの原形化 / 例文の原形主語整合化
4229,submarine,B1,B1,潜水艦,潜水艦,/ˈsʌbmərˌiːnz/,/sˈʌbmɚˌiːn/,The navy has several submarines in operation.,The navy has several submarine in operation.,海軍にはいくつかの潜水艦が稼働しています。,海軍にはいくつかの潜水艦が稼働しています。,屈折IPAの原形化 / 例文の原形主語整合化
4266,puppet,B1,B1,人形,人形,/ˈpʌpəts/,/pˈʌpət/,The children enjoyed the puppet show.,The children enjoyed the puppet show.,子供たちは人形劇を楽しんだ。,子供たちは人形劇を楽しんだ。,屈折IPAの原形化
4272,rivalry,B1,B1,競争、対立,競争、対立,/ˈraɪvəlriz/,/rˈaɪvəlriː/,The two teams have a history of intense rivalries.,The two teams have a history of intense rivalries.,その2つのチームは激しい競争の歴史がある。,その2つのチームは激しい競争の歴史がある。,屈折IPAの原形化
4295,ecosystem,B1,B1,生態系,生態系,/ˈiːkoʊˌsɪstəmz/,/ˈiːkoʊsˌɪstəm/,Human activity has a significant impact on delicate ecosystems.,Human activity has a significant impact on delicate ecosystem.,人間の活動は、繊細な生態系に大きな影響を与える。,人間の活動は、繊細な生態系に大きな影響を与える。,屈折IPAの原形化 / 例文の原形主語整合化
4297,newborn,B1,B1,新生児,新生児,/ˈnuːˌbɔrnz/,/nˈuːbɔːrn/,The hospital cares for many newborns.,The hospital cares for many newborn.,病院は多くの新生児を世話している。,病院は多くの新生児を世話している。,屈折IPAの原形化 / 例文の原形主語整合化
4300,sailor,B1,B1,船乗り,船乗り,/ˈseɪlərz/,/sˈeɪlɚ/,The sailors returned safely to the port.,The sailor returned safely to the port.,船乗りたちは無事に港に帰還した。,船乗りたちは無事に港に帰還した。,屈折IPAの原形化 / 例文の原形主語整合化
4302,vegetarian,B1,B1,菜食主義者,菜食主義者,/ˌvɛdʒəˈtɛriənz/,/vˌedʒətˈeriːən/,The restaurant has a wide range of options for vegetarians.,The restaurant has a wide range of options for vegetarian.,そのレストランには、菜食主義者向けの幅広い選択肢がある。,そのレストランには、菜食主義者向けの幅広い選択肢がある。,屈折IPAの原形化 / 例文の原形主語整合化
4305,herd,B1,B1,群れ,群れ,/ˈhɜːrdz/,/hˈɜːrd/,Herds of elephants were crossing the savanna.,herd of elephants were crossing the savanna.,象の群れがサバンナを横切っていた。,象の群れがサバンナを横切っていた。,屈折IPAの原形化 / 例文の原形主語整合化
4308,extinction,B1,B1,絶滅,絶滅,/ɪˈkstɪŋkʃənz/,/ɪkstˈɪŋkʃən/,Several species are facing extinctions.,Several species are facing extinction.,いくつかの種が絶滅に直面している。,いくつかの種が絶滅に直面している。,屈折IPAの原形化 / 例文の原形主語整合化
4315,volcano,B1,B1,火山,火山,/vɑˈlkeɪnoʊz/,/vɑːlkˈeɪnoʊ/,There are several active volcanoes in this region.,There are several active volcanoes in this region.,この地域にはいくつかの活火山がある。,この地域にはいくつかの活火山がある。,屈折IPAの原形化
4317,butcher,B1,B1,肉屋,肉屋,/ˈbʊtʃərz/,/bˈʊtʃɚ/,The butchers were preparing the meat.,The butcher were preparing the meat.,肉屋は肉を準備していた。,肉屋は肉を準備していた。,屈折IPAの原形化 / 例文の原形主語整合化
4318,gown,B1,B1,ガウン,ガウン,/ˈɡaʊnz/,/ɡˈaʊn/,She wore a beautiful gown to the party.,She wore a beautiful gown to the party.,彼女はパーティーに美しいガウンを着ていた。,彼女はパーティーに美しいガウンを着ていた。,屈折IPAの原形化
4327,devotion,B1,B1,信仰,信仰,/dɪˈvoʊʃənz/,/dɪvˈoʊʃən/,Religious devotions are practiced in temples.,Religious devotion are practiced in temples.,宗教的な信仰は寺院で実践されている。,宗教的な信仰は寺院で実践されている。,屈折IPAの原形化 / 例文の原形主語整合化
4332,warranty,B1,B1,保証,保証,/ˈwɔrəntiz/,/wˈɔːrəntiː/,The product comes with a one-year warranty.,The product comes with a one-year warranty.,その製品には1年間の保証が付いている。,その製品には1年間の保証が付いている。,屈折IPAの原形化
4336,tile,B1,B1,タイル,タイル,/ˈtaɪlz/,/tˈaɪl/,The bathroom was decorated with blue tiles.,The bathroom was decorated with blue tile.,バスルームは青いタイルで装飾されていた。,バスルームは青いタイルで装飾されていた。,屈折IPAの原形化 / 例文の原形主語整合化
4338,calf,B1,B1,子牛,子牛,/ˈkævz/,/kˈæf/,The farmer was feeding the calves.,The farmer was feeding the calves.,農家は子牛に餌をやっていた。,農家は子牛に餌をやっていた。,屈折IPAの原形化
4352,capsule,B1,B1,カプセル,カプセル,/ˈkæpsəlz/,/kˈæpsəl/,The medicine is available in capsule form.,The medicine is available in capsule form.,その薬はカプセル形式で入手可能です。,その薬はカプセル形式で入手可能です。,屈折IPAの原形化
4356,misunderstanding,B1,B1,誤解,誤解,/ˌmɪsəndərˈstændɪŋz/,/mˌɪsəndɚstˈændɪŋ/,There were several misunderstandings during the conversation.,There were several misunderstanding during the conversation.,会話中にいくつかの誤解があった。,会話中にいくつかの誤解があった。,屈折IPAの原形化 / 例文の原形主語整合化
4360,beverage,B1,B1,飲み物・飲料,飲み物、飲料,/ˈbev.ɚ.ɪdʒ/,/ˈbevɚɪdʒ/,Hot and cold beverages are available at the counter.,They serve a wide variety of cold beverage.,カウンターで温かい飲み物と冷たい飲み物をご用意しています。,彼らは多種多様な冷たい飲み物を提供しています。,精査マスター辞書による完全整合化 / 例文の原形主語整合化
4365,greeting,B1,B1,挨拶,挨拶,/ˈɡriːtɪŋz/,/ɡrˈiːtɪŋ/,We exchanged greetings with our neighbors.,We exchanged greeting with our neighbors.,私たちは近所の人たちと挨拶を交わしました。,私たちは近所の人たちと挨拶を交わしました。,屈折IPAの原形化 / 例文の原形主語整合化
4367,jewel,B1,B1,宝石,宝石,/ˈdʒuːəlz/,/dʒˈuːəl/,She had many jewels in her collection.,She had many jewel in her collection.,彼女はコレクションの中に多くの宝石を持っていました。,私はコレクションの中に多くの宝石を持っていました。,屈折IPAの原形化 / 例文の原形主語整合化
4368,sidewalk,B1,B1,歩道,歩道,/ˈsaɪˌdwɔks/,/sˈaɪdwˌɔːk/,The sidewalks were crowded with people.,The sidewalk were crowded with people.,歩道は人で混雑していた。,歩道は人で混雑していた。,屈折IPAの原形化 / 例文の原形主語整合化
4371,bakery,B1,B1,パン屋,パン屋,/ˈbeɪkəriz/,/bˈeɪkɚiː/,There are many bakeries in this town.,There are many bakeries in this town.,この町にはパン屋がたくさんあります。,この町にはパン屋がたくさんあります。,屈折IPAの原形化
4372,confuse,B1,B1,混乱させる,混乱させる,/kəˈnfjuːzɪz/,/kənfjˈuːz/,The instructions on the box confuses me.,The instructions on the box confuse me.,箱の指示が私を混乱させる。,箱の指示が私を混乱させる。,屈折IPAの原形化 / 例文の原形主語整合化
4373,dolphin,B1,B1,イルカ,イルカ,/ˈdɑlfənz/,/dˈɑːlfən/,Dolphins are very intelligent animals.,dolphin are very intelligent animals.,イルカはとても知的な動物です。,イルカはとても知的な動物です。,屈折IPAの原形化 / 例文の原形主語整合化
4378,molecule,B1,B1,分子,分子,/ˈmɑləˌkjuːlz/,/mˈɑːləkjˌuːl/,Water is made up of molecules of hydrogen and oxygen.,Water is made up of molecule of hydrogen and oxygen.,水は水素と酸素の分子で構成されています。,水は水素と酸素の分子で構成されています。,屈折IPAの原形化 / 例文の原形主語整合化
4396,comet,B1,B1,彗星,彗星,/ˈkɑməts/,/kˈɑːmət/,Comets can be seen in the night sky.,comet can be seen in the night sky.,彗星は夜空で見ることができる。,彗星は夜空で見ることができる。,屈折IPAの原形化 / 例文の原形主語整合化
4400,symptom,B1,B1,症状,症状,/ˈsɪmptəmz/,/sˈɪmptəm/,He has symptoms of the flu.,He has symptom of the flu.,彼はインフルエンザの症状がある。,私はインフルエンザの症状がある。,屈折IPAの原形化 / 例文の原形主語整合化
4403,accessory,B1,B1,アクセサリー,アクセサリー,/æˈksɛsəriz/,/æksˈesɚiː/,She has a lot of fashion accessories.,She has a lot of fashion accessories.,彼女はたくさんのファッションアクセサリーを持っている。,彼女はたくさんのファッションアクセサリーを持っている。,屈折IPAの原形化
4417,disturbance,B1,B1,騒乱、妨害,騒乱、妨害,/dɪˈstɜːrbənsəz/,/dɪstˈɜːrbəns/,The disturbances in the city caused widespread panic.,The disturbance in the city caused widespread panic.,その都市での騒乱は広範囲なパニックを引き起こした。,その都市での騒乱は広範囲なパニックを引き起こした。,屈折IPAの原形化 / 例文の原形主語整合化
4419,mosquito,B1,B1,蚊,蚊,/məˈskiːtoʊz/,/məskˈiːtoʊ/,The mosquitoes were terrible last night.,The mosquitoes were terrible last night.,昨夜は蚊がひどかった。,昨夜は蚊がひどかった。,屈折IPAの原形化
4420,remembrance,B1,B1,追憶,追憶,/riˈmɛmbrəns/,/riːmˈembrəns/,The day is dedicated to remembrance of the war.,The day is dedicated to remembrance of the war.,その日は戦争の追憶に捧げられている。,その日は戦争の追憶に捧げられている。,屈折IPAの原形化
4428,garment,B1,B1,衣服,衣服,/ˈɡɑrmənts/,/ɡˈɑːrmənt/,She makes her own garments.,She makes her own garment.,彼女は自分で衣服を作ります。,私は自分で衣服を作ります。,屈折IPAの原形化 / 例文の原形主語整合化
4433,tease,B1,B1,からかう,からかう,/ˈtiːz/,/tˈiːz/,He likes to tease his sister.,He likes to tease his sister.,彼は妹をからかうのが好きだ。,彼は妹をからかうのが好きだ。,屈折IPAの原形化
4438,similarity,B1,B1,類似点、共通点,類似点、共通点,/ˌsɪməˈlɛrətiz/,/sˌɪməlˈerətiː/,There are many similarities between the two languages.,There are many similarities between the two languages.,その二つの言語の間には多くの類似点がある。,その二つの言語の間には多くの類似点がある。,屈折IPAの原形化
4442,orchard,B1,B1,果樹園,果樹園,/ˈɔːr.tʃɚd/,/ˈɔːrtʃɚd/,They grow apples and pears in the family orchard.,They picked fresh apples at the local orchard.,彼らは家族の果樹園でリンゴと洋ナシを育てています。,彼らは地元の果樹園で新鮮なリンゴを収穫しました。,精査マスター辞書による完全整合化
4449,calculator,B1,B1,電卓,電卓,/ˈkælkjəˌleɪtərz/,/kˈælkjəlˌeɪtɚ/,We use calculators in math class.,We use calculator in math class.,私たちは数学の授業で電卓を使います。,私たちは数学の授業で電卓を使います。,屈折IPAの原形化 / 例文の原形主語整合化
4450,hardship,B1,B1,苦難、困窮,苦難、困窮,/ˈhɑrdʃɪp/,/ˈhɑrdʃɪp/,They endured many hardships during the war.,They endured many hardship during the war.,彼らは戦争中に多くの苦難に耐えました。,彼らは戦争中に多くの苦難に耐えました。,例文の原形主語整合化
4451,lettuce,B1,B1,レタス,レタス,/ˈlɛtəs/,/lˈetəs/,I like to put lettuce on my sandwich.,I like to put lettuce on my sandwich.,サンドイッチにレタスを入れるのが好きです。,サンドイッチにレタスを入れるのが好きです。,屈折IPAの原形化
4453,acquaintance,B1,B1,知人,知人,/əˈkweɪntəns/,/əkwˈeɪntəns/,He is an acquaintance of mine from work.,He is an acquaintance of mine from work.,彼は職場の知人だ。,彼は職場の知人だ。,屈折IPAの原形化
4455,heater,B1,B1,ヒーター,ヒーター,/ˈhiːtərz/,/hˈiːtɚ/,We use heaters in winter.,We use heater in winter.,私たちは冬にヒーターを使います。,私たちは冬にヒーターを使います。,屈折IPAの原形化 / 例文の原形主語整合化
4460,turbulence,B1,B1,乱気流,乱気流,/ˈtɜːrbjələns/,/tˈɜːrbjələns/,The plane experienced severe turbulence during the flight.,The plane experienced severe turbulence during the flight.,飛行機は飛行中に激しい乱気流を経験した。,飛行機は飛行中に激しい乱気流を経験した。,屈折IPAの原形化
4469,chuckle,B1,B1,くすくす笑う、含み笑い,くすくす笑う、含み笑い,/ˈtʃʌkəlz/,/tʃˈʌkəl/,He chuckled at the joke.,He chuckled at the joke.,彼はジョークに含み笑いした。,彼はジョークに含み笑いした。,屈折IPAの原形化
4471,examiner,B1,B1,試験官,試験官,/ɪˈɡzæmɪnərz/,/ɪɡzˈæmənɚ/,The examiners graded the papers carefully.,The examiner graded the papers carefully.,試験官は慎重に答案を採点しました。,試験官は慎重に答案を採点しました。,屈折IPAの原形化 / 例文の原形主語整合化
4478,chemist,B1,B1,化学者,化学者,/ˈkɛməsts/,/kˈemɪst/,The chemists worked in the laboratory.,The chemist worked in the laboratory.,化学者たちは研究所で働いていた。,化学者たちは研究所で働いていた。,屈折IPAの原形化 / 例文の原形主語整合化
4479,dedicate,B1,B1,捧げる、専念する,捧げる、専念する,/ˈdɛdɪˌkeɪts/,/dˈedəkˌeɪt/,She dedicates her time to volunteering.,I dedicate her time to volunteering.,彼女はボランティア活動に時間を捧げている。,私はボランティア活動に時間を捧げている。,屈折IPAの原形化 / 例文の原形主語整合化
4480,diligence,B1,B1,勤勉,勤勉,/ˈdɪlədʒəns/,/dˈɪlədʒəns/,He is known for his diligence.,He is known for his diligence.,彼は勤勉さで知られている。,彼は勤勉さで知られている。,屈折IPAの原形化
4481,nutrient,B1,B1,栄養素,栄養素,/ˈnuːtriənt/,/ˈnuːtriənt/,The soil was rich in essential nutrients.,The soil was rich in essential nutrient.,その土壌は必須栄養素が豊富だった。,その土壌は必須栄養素が豊富だった。,例文の原形主語整合化
4483,parachute,B1,B1,パラシュート,パラシュート,/ˈpɛrəˌʃuːts/,/pˈerəʃˌuːt/,The skydivers used parachutes to land safely.,The skydivers used parachute to land safely.,スカイダイバーは安全に着地するためにパラシュートを使用した。,スカイダイバーは安全に着地するためにパラシュートを使用した。,屈折IPAの原形化 / 例文の原形主語整合化
4485,quotation,B1,B1,引用、引用文,引用、引用文,/kwoʊˈteɪʃənz/,/kwoʊtˈeɪʃən/,The essay contained many quotations from famous authors.,The essay contained many quotation from famous authors.,そのエッセイには、有名な作家からの多くの引用が含まれていた。,そのエッセイには、有名な作家からの多くの引用が含まれていた。,屈折IPAの原形化 / 例文の原形主語整合化
4486,stripe,B1,B1,ストライプ,ストライプ,/ˈstraɪps/,/strˈaɪp/,The shirt has blue and white stripes.,The shirt has blue and white stripe.,そのシャツは青と白のストライプがある。,そのシャツは青と白のストライプがある。,屈折IPAの原形化 / 例文の原形主語整合化
4492,loaf,B1,B1,パン,パン,/ˈloʊvz/,/lˈoʊf/,She bought a few loaves of bread.,She bought a few loaves of bread.,彼女はいくつかのパンを買った。,彼女はいくつかのパンを買った。,屈折IPAの原形化
4495,swimmer,B1,B1,水泳選手,水泳選手,/ˈswɪmərz/,/swˈɪmɚ/,The swimmers were training for the competition.,The swimmer were training for the competition.,水泳選手たちは大会に向けて練習していた。,水泳選手たちは大会に向けて練習していた。,屈折IPAの原形化 / 例文の原形主語整合化
4498,ape,B1,B1,類人猿,類人猿,/ˈeɪps/,/ˈeɪp/,Apes are intelligent animals.,ape are intelligent animals.,類人猿は知的な動物です。,類人猿は知的な動物です。,屈折IPAの原形化 / 例文の原形主語整合化
4501,revise,B1,B1,修正する,修正する,/rɪˈvaɪz/,/rɪvˈaɪz/,I need to revise my essay.,I need to revise my essay.,私は自分のエッセイを修正する必要があります。,私は自分のエッセイを修正する必要があります。,屈折IPAの原形化
4504,uncover,B1,B1,明らかにする,明らかにする,/ˌʌˈnkʌvərz/,/ənkˈʌvɚ/,The investigation uncovers evidence of corruption.,The investigation uncover evidence of corruption.,調査は汚職の証拠を明らかにする。,調査は汚職の証拠を明らかにする。,屈折IPAの原形化 / 例文の原形主語整合化
4523,postcard,B1,B1,絵はがき,絵はがき,/ˈpoʊˌstkɑrdz/,/pˈoʊstkˌɑːrd/,She sent postcards from her vacation.,She sent postcard from her vacation.,彼女は休暇から絵はがきを送った。,私は休暇から絵はがきを送った。,屈折IPAの原形化 / 例文の原形主語整合化
4525,swarm,B1,B1,群れ,群れ,/ˈswɔrmz/,/swˈɔːrm/,Swarms of bees flew over the field.,swarm of bees flew over the field.,ハチの群れが畑の上を飛びました。,ハチの群れが畑の上を飛びました。,屈折IPAの原形化 / 例文の原形主語整合化
4530,cucumber,B1,B1,キュウリ,キュウリ,/ˈkjuːkəmbər/,/ˈkjuːkəmbər/,I like cucumbers in my salad.,I like cucumber in my salad.,サラダにキュウリを入れるのが好きです。,サラダにキュウリを入れるのが好きです。,例文の原形主語整合化
4548,waltz,B1,B1,ワルツ・円舞曲,ワルツ・円舞曲,/wɑːlts/,/wˈɔːlts/,The couple danced a romantic waltz across the ballroom.,The couple danced a romantic waltz across the ballroom.,そのカップルは舞踏場を横切ってロマンチックなワルツを踊った。,そのカップルは舞踏場を横切ってロマンチックなワルツを踊った。,屈折IPAの原形化
4564,golfer,B1,B1,ゴルファー,ゴルファー,/ˈɡɑlfərz/,/ɡˈɑːlfɚ/,The golfers teed off early in the morning.,The golfer teed off early in the morning.,ゴルファーたちは早朝にティーオフした。,ゴルファーたちは早朝にティーオフした。,屈折IPAの原形化 / 例文の原形主語整合化
4571,annoyance,B1,B1,いらだち,いらだち,/əˈnɔɪəns/,/ənˈɔɪəns/,He showed his annoyance with a sigh.,He showed his annoyance with a sigh.,彼はため息をついていらだちを示した。,彼はため息をついていらだちを示した。,屈折IPAの原形化
4574,vowel,B1,B1,母音,母音,/ˈvaʊəlz/,/vˈaʊəl/,The word has three vowels.,The word has three vowel.,その単語には3つの母音があります。,その単語には3つの母音があります。,屈折IPAの原形化 / 例文の原形主語整合化
4580,illuminate,B1,B1,照らす,照らす,/ɪˈluːməˌneɪts/,/ɪlˈuːmɪnɪt/,The full moon illuminates the landscape.,The full moon illuminate the landscape.,満月が風景を照らします。,満月が風景を照らします。,屈折IPAの原形化 / 例文の原形主語整合化
4581,jug,B1,B1,水差し,水差し,/ˈdʒʌɡz/,/dʒˈʌɡ/,She filled the jugs with water from the well.,She filled the jug with water from the well.,彼女は井戸から水差しに水を満たした。,私は井戸から水差しに水を満たした。,屈折IPAの原形化 / 例文の原形主語整合化
4593,outweigh,B1,B1,上回る,上回る,/ˈaʊˌtweɪz/,/ˈaʊtwˌeɪ/,The benefits of exercise outweigh the risks.,The benefits of exercise outweigh the risks.,運動の利点はリスクを上回ります。,運動の利点はリスクを上回ります。,屈折IPAの原形化
4601,mathematician,B1,B1,数学者,数学者,/ˌmæθəməˈtɪʃənz/,/mˌæθəmətˈɪʃən/,Mathematicians study abstract concepts.,mathematician study abstract concepts.,数学者は抽象的な概念を研究する。,数学者は抽象的な概念を研究する。,屈折IPAの原形化 / 例文の原形主語整合化
4605,endanger,B1,B1,危険にさらす,危険にさらす,/ɛˈndeɪndʒərz/,/endˈeɪndʒɚ/,Smoking endangers your health.,Smoking endanger your health.,喫煙はあなたの健康を危険にさらす。,喫煙はあなたの健康を危険にさらす。,屈折IPAの原形化 / 例文の原形主語整合化
4607,summarize,B1,B1,要約する,要約する,/ˈsʌmərˌaɪz/,/sˈʌmɚˌaɪz/,Can you summarize the main points?,Can you summarize the main points?,要点を要約できますか？,要点を要約できますか？,屈折IPAの原形化
4611,babysitter,B1,B1,ベビーシッター,ベビーシッター,/ˈbeɪbiˌsɪtərz/,/bˈeɪbiːsˌɪtɚ/,We need to hire babysitters for the weekend.,We need to hire babysitter for the weekend.,週末にベビーシッターを雇う必要があります。,週末にベビーシッターを雇う必要があります。,屈折IPAの原形化 / 例文の原形主語整合化
4612,superstition,B1,B1,迷信,迷信,/ˌsuːpərˈstɪʃənz/,/sˌuːpɚstˈɪʃən/,Many people have superstitions about Friday the 13th.,Many people have superstition about Friday the 13th.,多くの人々は13日の金曜日について迷信を持っています。,多くの人々は13日の金曜日について迷信を持っています。,屈折IPAの原形化 / 例文の原形主語整合化
4614,skyscraper,B1,B1,高層ビル,高層ビル,/ˈskaɪˌskreɪpərz/,/skˈaɪskrˌeɪpɚ/,New York is famous for its skyscrapers.,New York is famous for its skyscraper.,ニューヨークは高層ビルで有名だ。,ニューヨークは高層ビルで有名だ。,屈折IPAの原形化 / 例文の原形主語整合化
4618,sneeze,B1,B1,くしゃみをする,くしゃみをする,/ˈsniːz/,/snˈiːz/,She started to sneeze because of the pollen.,She started to sneeze because of the pollen.,彼女は花粉のせいでくしゃみをし始めました。,彼女は花粉のせいでくしゃみをし始めました。,屈折IPAの原形化
4636,proverb,B1,B1,ことわざ,ことわざ,/ˈprɑvərbz/,/prˈɑːvɚb/,He quoted several proverbs during his speech.,He quoted several proverb during his speech.,彼はスピーチ中にいくつかのことわざを引用した。,私はスピーチ中にいくつかのことわざを引用した。,屈折IPAの原形化 / 例文の原形主語整合化
4637,wetland,B1,B1,湿地,湿地,/ˈwɛˌtlændz/,/wˈetlˌænd/,Wetlands provide habitat for many species.,wetland provide habitat for many species.,湿地は多くの種に生息地を提供している。,湿地は多くの種に生息地を提供している。,屈折IPAの原形化 / 例文の原形主語整合化
4644,campsite,B1,B1,キャンプ場,キャンプ場,/ˈkæˌmpsaɪts/,/kˈæmpsˌaɪts/,We found a beautiful campsite by the lake.,We found a beautiful campsite by the lake.,湖のそばに美しいキャンプ場を見つけました。,湖のそばに美しいキャンプ場を見つけました。,屈折IPAの原形化
4645,consonant,B1,B1,子音,子音,/ˈkɑnsənənts/,/kˈɑːnsənənt/,The word 'strong' has three consonants in a row.,The word 'strong' has three consonant in a row.,「strong」という単語には3つの子音が連続している。,「strong」という単語には3つの子音が連続している。,屈折IPAの原形化 / 例文の原形主語整合化
4646,piety,B1,B1,敬虔さ,敬虔さ,/ˈpaɪətiz/,/pˈaɪətiː/,The rituals reflect the local community's pieties.,The rituals reflect the local community's pieties.,その儀式は地域社会の敬虔さを反映している。,その儀式は地域社会の敬虔さを反映している。,屈折IPAの原形化
4648,frighten,B1,B1,怖がらせる,怖がらせる,/ˈfraɪtənz/,/frˈaɪtən/,That loud noise always frightens me.,That loud noise always frighten me.,その大きな音はいつも私を怖がらせます。,その大きな音はいつも私を怖がらせます。,屈折IPAの原形化 / 例文の原形主語整合化
4674,idiom,B1,B1,慣用句,慣用句,/ˈɪdiəmz/,/ˈɪdiːəm/,English is full of idioms.,English is full of idiom.,英語は慣用句でいっぱいだ。,英語は慣用句でいっぱいだ。,屈折IPAの原形化 / 例文の原形主語整合化
4678,impair,B1,B1,損なう,損なう,/ɪˈmpɛrz/,/ɪmpˈer/,The injury impairs his ability to walk.,The injury impair his ability to walk.,その怪我は彼の歩く能力を損なっています。,その怪我は彼の歩く能力を損なっています。,屈折IPAの原形化 / 例文の原形主語整合化
4683,sandal,B1,B1,サンダル,サンダル,/ˈsændəlz/,/sˈændəl/,She wore sandals.,She wore sandal.,彼女はサンダルを履いていました。,私はサンダルを履いていました。,屈折IPAの原形化 / 例文の原形主語整合化
4687,snowstorm,B1,B1,吹雪,吹雪,/ˈsnoʊˌstɔrmz/,/snˈoʊstˌɔːrm/,Snowstorms caused the school to close.,snowstorm caused the school to close.,吹雪のため、学校は休校になりました。,吹雪のため、学校は休校になりました。,屈折IPAの原形化 / 例文の原形主語整合化
4693,scold,B1,B1,叱る,叱る,/ˈskoʊldz/,/skˈoʊld/,The teacher scolds the students for talking.,The teacher scold the students for talking.,先生は話している生徒たちを叱る。,先生は話している生徒たちを叱る。,屈折IPAの原形化 / 例文の原形主語整合化
4695,enclose,B1,B1,囲む,囲む,/ɪˈnkloʊzz/,/ɪnklˈoʊz/,The fence encloses the entire garden.,The fence enclose the entire garden.,フェンスは庭全体を囲んでいます。,フェンスは庭全体を囲んでいます。,屈折IPAの原形化 / 例文の原形主語整合化
4700,interviewee,B1,B1,面接を受ける人,面接を受ける人,/ɪntərvjuˈiːz/,/ɪntɚvjuːˈiː/,The interviewees were asked about their work experience.,The interviewee were asked about their work experience.,面接を受ける人たちは、職務経験について尋ねられました。,面接を受ける人たちは、職務経験について尋ねられました。,屈折IPAの原形化 / 例文の原形主語整合化
4702,pollutant,B1,B1,汚染物質,汚染物質,/pəˈluːtənt/,/pəˈluːtənt/,Air pollution is caused by various pollutants.,Air pollution is caused by various pollutant.,大気汚染は、さまざまな汚染物質によって引き起こされます。,大気汚染は、さまざまな汚染物質によって引き起こされます。,例文の原形主語整合化
4704,backpacker,B1,B1,バックパッカー,バックパッカー,/backpackers/,/backpackers/,The area is popular with backpackers.,The area is popular with backpacker.,その地域はバックパッカーに人気がある。,その地域はバックパッカーに人気がある。,例文の原形主語整合化
4717,horrify,B1,B1,恐怖を与える,恐怖を与える,/horrifies/,/hˈɔːrəfˌaɪ/,The violent scene horrified the audience.,The violent scene horrified the audience.,暴力的なシーンは観客に恐怖を与えた。,暴力的なシーンは観客に恐怖を与えた。,屈折IPAの原形化
4718,aborigine,B1,B1,先住民,先住民,/ˌæbərˈɪdʒəniz/,/ˌæbɚˈɪdʒəniː/,The aborigines have a deep connection to the land.,The aborigine have a deep connection to the land.,先住民は土地と深い繋がりを持っている。,先住民は土地と深い繋がりを持っている。,屈折IPAの原形化 / 例文の原形主語整合化
4721,being,B2,B2,存在,存在,/ˈbiːɪŋz/,/bˈiːɪŋ/,We are all human beings.,We are all human being.,私たちは皆人間である。,私たちは皆人間である。,屈折IPAの原形化 / 例文の原形主語整合化
4732,level,B2,B2,レベル,レベル,/ˈlɛvəlz/,/lˈevəl/,The water levels are rising due to the rain.,The water level are rising due to the rain.,雨のため水位が上昇しています。,雨のため水位が上昇しています。,屈折IPAの原形化 / 例文の原形主語整合化
4740,issue,B2,B2,問題、課題,問題、課題,/ˈɪʃuz/,/ˈɪʃuː/,We need to discuss several important issues.,We need to discuss several important issue.,私たちはいくつかの重要な問題について話し合う必要があります。,私たちはいくつかの重要な問題について話し合う必要があります。,屈折IPAの原形化 / 例文の原形主語整合化
4741,price,B2,B2,値段,値段,/ˈpraɪs/,/prˈaɪs/,What is the price of this shirt?,What is the price of this shirt?,このシャツの値段はいくらですか？,このシャツの値段はいくらですか？,屈折IPAの原形化
4745,account,B2,B2,"口座,説明","口座,説明",/əˈkaʊnts/,/əkˈaʊnt/,She opened a new bank account.,She opened a new bank account.,彼女は新しい銀行口座を開設した。,彼女は新しい銀行口座を開設した。,屈折IPAの原形化
4746,position,B2,B2,位置,位置,/pəˈzɪʃənz/,/pəzˈɪʃən/,The chess pieces were in their starting positions.,The chess pieces were in their starting position.,チェスの駒は初期位置にありました。,チェスの駒は初期位置にありました。,屈折IPAの原形化 / 例文の原形主語整合化
4749,sense,B2,B2,感覚,感覚,/ˈsɛns/,/sˈens/,She has a good sense of humor.,She has a good sense of humor.,彼女はユーモアのセンスが良いです。,彼女はユーモアのセンスが良いです。,屈折IPAの原形化
4758,league,B2,B2,同盟,同盟,/ˈliːɡz/,/lˈiːɡ/,The sports leagues are competing.,The sports league are competing.,そのスポーツ同盟は競い合っている。,そのスポーツ同盟は競い合っている。,屈折IPAの原形化 / 例文の原形主語整合化
4760,picture,B2,B2,写真,写真,/ˈpɪktʃərz/,/pˈɪktʃɚ/,She takes a lot of pictures.,She takes a lot of picture.,彼女はたくさんの写真を撮ります。,私はたくさんの写真を撮ります。,屈折IPAの原形化 / 例文の原形主語整合化
4762,trust,B2,B2,信頼,信頼,/ˈtrʌsts/,/trˈʌst/,She trusts him completely.,I trust him completely.,彼女は彼を完全に信頼しています。,私は彼を完全に信頼しています。,屈折IPAの原形化 / 例文の原形主語整合化
4763,range,B2,B2,範囲,範囲,/ˈreɪndʒəz/,/rˈeɪndʒ/,The price of the product ranges from $10 to $20.,The price of the product range from $10 to $20.,その製品の価格は10ドルから20ドルの範囲です。,その製品の価格は10ドルから20ドルの範囲です。,屈折IPAの原形化 / 例文の原形主語整合化
4764,chief,B2,B2,長,長,/ˈtʃiːfs/,/tʃˈiːf/,The chiefs of the company met to discuss strategy.,The chief of the company met to discuss strategy.,会社の長たちは戦略について話し合うために会合した。,会社の長たちは戦略について話し合うために会合した。,屈折IPAの原形化 / 例文の原形主語整合化
4765,lower,B2,B2,下げる,下げる,/ˈloʊərz/,/lˈoʊɚ/,He lowers the shades in the evening.,I lower the shades in the evening.,彼は夕方にブラインドを下ろす。,私は夕方にブラインドを下ろす。,屈折IPAの原形化 / 例文の原形主語整合化
4767,lord,B2,B2,貴族,貴族,/ˈlɔrdz/,/lˈɔːrd/,The lords and ladies attended the grand ball.,The lord and ladies attended the grand ball.,貴族たちは盛大な舞踏会に出席した。,貴族たちは盛大な舞踏会に出席した。,屈折IPAの原形化 / 例文の原形主語整合化
4768,stage,B2,B2,段階,段階,/ˈsteɪdʒəz/,/stˈeɪdʒ/,The project is in its final stages of development.,The project is in its final stage of development.,そのプロジェクトは開発の最終段階にある。,そのプロジェクトは開発の最終段階にある。,屈折IPAの原形化 / 例文の原形主語整合化
4777,district,B2,B2,地区,地区,/ˈdɪstrɪkts/,/dˈɪstrɪkt/,The city is divided into several districts.,The city is divided into several district.,その都市はいくつかの地区に分けられている。,その都市はいくつかの地区に分けられている。,屈折IPAの原形化 / 例文の原形主語整合化
4778,minister,B2,B2,大臣,大臣,/ˈmɪnəstərz/,/mˈɪnəstɚ/,The ministers met to discuss policy.,The minister met to discuss policy.,大臣たちは政策について話し合うために会合した。,大臣たちは政策について話し合うために会合した。,屈折IPAの原形化 / 例文の原形主語整合化
4781,track,B2,B2,トラック,トラック,/ˈtræks/,/trˈæk/,The train runs on the tracks.,The train runs on the track.,電車は線路の上を走ります。,電車は線路の上を走ります。,屈折IPAの原形化 / 例文の原形主語整合化
4787,speed,B2,B2,速度,速度,/ˈspiːdz/,/spˈiːd/,The car speeds were monitored carefully.,The car speed were monitored carefully.,車の速度は慎重に監視されていました。,車の速度は慎重に監視されていました。,屈折IPAの原形化 / 例文の原形主語整合化
4792,construction,B2,B2,建設,建設,/kəˈnstrʌkʃənz/,/kənstrˈʌkʃən/,The constructions are causing traffic problems.,The construction are causing traffic problems.,建設工事が交通問題を引き起こしている。,建設工事が交通問題を引き起こしている。,屈折IPAの原形化 / 例文の原形主語整合化
4793,income,B2,B2,収入,収入,/ˈɪˌnkʌmz/,/ˈɪnkˌʌm/,Their incomes have increased over the past year.,Their income have increased over the past year.,彼らの収入は過去1年間で増加した。,彼らの収入は過去1年間で増加した。,屈折IPAの原形化 / 例文の原形主語整合化
4794,justice,B2,B2,正義、公正,正義、公正,/ˈdʒʌstəs/,/dʒˈʌstəs/,The pursuit of justice is a fundamental human right.,The pursuit of justice is a fundamental human right.,正義の追求は基本的な人権である。,正義の追求は基本的な人権である。,屈折IPAの原形化
4796,bar,B2,B2,バー,バー,/ˈbɑrz/,/bˈɑːr/,They went to the bars after work.,They went to the bar after work.,彼らは仕事の後、バーに行った。,彼らは仕事の後、バーに行った。,屈折IPAの原形化 / 例文の原形主語整合化
4798,contract,B2,B2,契約,契約,/ˈkɑˌntrækts/,/kˈɑːntrˌækt/,They signed the contracts this morning.,They signed the contract this morning.,彼らは今朝契約書に署名した。,彼らは今朝契約書に署名した。,屈折IPAの原形化 / 例文の原形主語整合化
4800,insurance,B2,B2,保険,保険,/ɪˈnʃʊrəns/,/ɪnʃˈʊrəns/,Do you have health insurance?,Do you have health insurance?,健康保険に入っていますか？,健康保険に入っていますか？,屈折IPAの原形化
4808,ship,B2,B2,船,船,/ˈʃɪps/,/ʃˈɪp/,Many ships pass through the canal.,Many ship pass through the canal.,多くの船が運河を通過します。,多くの船が運河を通過します。,屈折IPAの原形化 / 例文の原形主語整合化
4812,multiple,B2,B2,倍数,倍数,/ˈmʌltəpəlz/,/mˈʌltəpəl/,The number 6 is a multiple of 3.,The number 6 is a multiple of 3.,数字の6は3の倍数である。,数字の6は3の倍数である。,屈折IPAの原形化
4813,senior,B2,B2,"高齢者,上級生","高齢者,上級生",/ˈsiːnjərz/,/sˈiːnjɚ/,The community center offers activities for seniors.,The community center offers activities for senior.,コミュニティセンターでは高齢者向けにアクティビティを提供している。,コミュニティセンターでは高齢者向けにアクティビティを提供している。,屈折IPAの原形化 / 例文の原形主語整合化
4824,spot,B2,B2,点,点,/ˈspɑts/,/spˈɑːt/,There were spots on the dog's fur.,There were spot on the dog's fur.,犬の毛には点々があった。,犬の毛には点々があった。,屈折IPAの原形化 / 例文の原形主語整合化
4825,worse,B2,B2,より悪い,より悪い,/ˈwɜːrs/,/wˈɜːrs/,The situation is getting worse.,The situation is getting worse.,状況は悪化している。,状況は悪化している。,屈折IPAの原形化
4828,otherwise,B2,B2,そうでなければ,そうでなければ,/ˈʌðərˌwaɪz/,/ˈʌðɚwˌaɪz/,"Hurry up, otherwise we will miss the bus.","Hurry up, otherwise we will miss the bus.",急いで、そうでなければバスに乗り遅れてしまう。,急いで、そうでなければバスに乗り遅れてしまう。,屈折IPAの原形化
4838,division,B2,B2,部門,部門,/dɪˈvɪʒən/,/dɪˈvɪʒən/,The company has several divisions.,The company has several division.,その会社にはいくつかの部門がある。,その会社にはいくつかの部門がある。,例文の原形主語整合化
4839,freedom,B2,B2,自由,自由,/ˈfriːdəmz/,/frˈiːdəm/,They fought for their freedoms.,They fought for their freedom.,彼らは自分たちの自由のために戦った。,彼らは自分たちの自由のために戦った。,屈折IPAの原形化 / 例文の原形主語整合化
4848,investment,B2,B2,投資,投資,/ɪˈnvɛstmənts/,/ɪnvˈestmənt/,His investments have been very successful.,His investment have been very successful.,彼の投資は非常に成功している。,彼の投資は非常に成功している。,屈折IPAの原形化 / 例文の原形主語整合化
4851,scale,B2,B2,鱗,鱗,/ˈskeɪlz/,/skˈeɪl/,Fish are covered with scales.,Fish are covered with scale.,魚は鱗で覆われている。,魚は鱗で覆われている。,屈折IPAの原形化 / 例文の原形主語整合化
4854,estate,B2,B2,不動産,不動産,/ɪˈsteɪts/,/ɪstˈeɪt/,They purchased a large estates in the countryside.,They purchased a large estate in the countryside.,彼らは田舎に大きな不動産を購入した。,彼らは田舎に大きな不動産を購入した。,屈折IPAの原形化 / 例文の原形主語整合化
4857,fund,B2,B2,資金,資金,/ˈfʌnd/,/ˈfʌnd/,They are trying to raise funds for the project.,They are trying to raise fund for the project.,彼らはプロジェクトのための資金を調達しようとしている。,彼らはプロジェクトのための資金を調達しようとしている。,例文の原形主語整合化
4859,rose,B2,B2,バラ,バラ,/ˈroʊzɪz/,/rˈoʊz/,She received a bouquet of red roses.,She received a bouquet of red rose.,彼女は赤いバラの花束を受け取りました。,私は赤いバラの花束を受け取りました。,屈折IPAの原形化 / 例文の原形主語整合化
4862,foundation,B2,B2,基礎,基礎,/faʊˈndeɪʃənz/,/faʊndˈeɪʃən/,The building has strong foundations.,The building has strong foundation.,その建物は強固な基礎を持っています。,その建物は強固な基礎を持っています。,屈折IPAの原形化 / 例文の原形主語整合化
4872,bet,B2,B2,賭け,賭け,/ˈbɛts/,/bˈet/,They made bets on the outcome of the game.,They made bet on the outcome of the game.,彼らは試合の結果に賭けをした。,彼らは試合の結果に賭けをした。,屈折IPAの原形化 / 例文の原形主語整合化
4873,cast,B2,B2,キャスト,キャスト,/ˈkæsts/,/kˈæst/,The movie has a talented casts.,The movie has a talented cast.,その映画には才能のあるキャストがいる。,その映画には才能のあるキャストがいる。,屈折IPAの原形化 / 例文の原形主語整合化
4874,firm,B2,B2,会社,会社,/ˈfɜːrmz/,/fˈɜːrm/,Many firms are participating in the trade show.,Many firm are participating in the trade show.,多くの会社がトレードショーに参加している。,多くの会社がトレードショーに参加している。,屈折IPAの原形化 / 例文の原形主語整合化
4875,handle,B2,B2,ハンドル,ハンドル,/ˈhændəlz/,/hˈændəl/,The door handles are made of brass.,The door handle are made of brass.,ドアハンドルは真鍮製です。,ドアハンドルは真鍮製です。,屈折IPAの原形化 / 例文の原形主語整合化
4877,trouble,B2,B2,悩み,悩み,/ˈtrʌbəlz/,/trˈʌbəl/,He is having a lot of troubles right now.,He is having a lot of trouble right now.,彼は今、たくさんの悩みを抱えている。,私は今、たくさんの悩みを抱えている。,屈折IPAの原形化 / 例文の原形主語整合化
4880,shooting,B2,B2,銃撃事件,銃撃事件,/ˈʃuːtɪŋz/,/ʃˈuːtɪŋ/,There have been many shootings in the city lately.,There have been many shooting in the city lately.,最近、都市で多くの銃撃事件が起こっている。,最近、都市で多くの銃撃事件が起こっている。,屈折IPAの原形化 / 例文の原形主語整合化
4881,concept,B2,B2,概念,概念,/ˈkɑnsɛpts/,/kˈɑːnsept/,The students learned about complex philosophical concepts.,The students learned about complex philosophical concept.,生徒たちは複雑な哲学概念について学んだ。,生徒たちは複雑な哲学概念について学んだ。,屈折IPAの原形化 / 例文の原形主語整合化
4886,fellow,B2,B2,仲間,仲間,/ˈfɛloʊz/,/fˈeloʊ/,They are a close-knit group of fellows.,They are a close-knit group of fellow.,彼らは親密な仲間のグループです。,彼らは親密な仲間のグループです。,屈折IPAの原形化 / 例文の原形主語整合化
4889,aid,B2,B2,エイズ,エイズ,/ˈeɪdz/,/ˈeɪd/,He is fundraising for AIDS research.,He is fundraising for aid research.,彼はエイズ研究のために資金調達をしている。,私はエイズ研究のために資金調達をしている。,屈折IPAの原形化 / 例文の原形主語整合化
4893,investigation,B2,B2,捜査,捜査,/ɪˌnvɛstəˈɡeɪʃənz/,/ɪnvˌestəɡˈeɪʃən/,Police are conducting investigations into the crime.,Police are conducting investigation into the crime.,警察はその犯罪について捜査を行っています。,警察はその犯罪について捜査を行っています。,屈折IPAの原形化 / 例文の原形主語整合化
4895,violence,B2,B2,暴力,暴力,/ˈvaɪələns/,/vˈaɪələns/,The movie contained scenes of extreme violence.,The movie contained scenes of extreme violence.,その映画には、過激な暴力シーンが含まれていた。,その映画には、過激な暴力シーンが含まれていた。,屈折IPAの原形化
4897,parliament,B2,B2,議会,議会,/ˈpɑrləmənts/,/pˈɑːrləmənt/,The bill was debated in the parliaments of several countries.,The bill was debated in the parliament of several countries.,その法案は、いくつかの国の議会で議論された。,その法案は、いくつかの国の議会で議論された。,屈折IPAの原形化 / 例文の原形主語整合化
4900,presence,B2,B2,存在、出席,存在、出席,/ˈprɛzəns/,/prˈezəns/,Her presence was a source of comfort.,Her presence was a source of comfort.,彼女の存在は慰めの源でした。,彼女の存在は慰めの源でした。,屈折IPAの原形化
4902,classic,B2,B2,名作,名作,/ˈklæsɪks/,/klˈæsɪk/,We studied the classics in school.,We studied the classic in school.,私たちは学校で名作を学んだ。,私たちは学校で名作を学んだ。,屈折IPAの原形化 / 例文の原形主語整合化
4904,failure,B2,B2,失敗,失敗,/ˈfeɪljərz/,/fˈeɪljɚ/,We learned a lot from our failures.,We learned a lot from our failure.,私たちは失敗から多くを学んだ。,私たちは失敗から多くを学んだ。,屈折IPAの原形化 / 例文の原形主語整合化
4905,fuel,B2,B2,燃料を供給する,燃料を供給する,/ˈfjuːəlz/,/fjˈuːəl/,The engine fuels the car.,The engine fuel the car.,エンジンが車に燃料を供給する。,エンジンが車に燃料を供給する。,屈折IPAの原形化 / 例文の原形主語整合化
4906,initial,B2,B2,イニシャル,イニシャル,/ɪˈnɪʃəlz/,/ɪnˈɪʃəl/,His initials are J.B.,His initial are J.B.,彼のイニシャルはJ.B.だ。,彼のイニシャルはJ.B.だ。,屈折IPAの原形化 / 例文の原形主語整合化
4909,session,B2,B2,セッション,セッション,/ˈsɛʃənz/,/sˈeʃən/,We had three training sessions this week.,We had three training session this week.,今週は3回のトレーニングセッションがあった。,今週は3回のトレーニングセッションがあった。,屈折IPAの原形化 / 例文の原形主語整合化
4910,shape,B2,B2,形,形,/ˈʃeɪps/,/ʃˈeɪp/,There are different shapes on the board.,There are different shape on the board.,ボードにはさまざまな形がある。,ボードにはさまざまな形がある。,屈折IPAの原形化 / 例文の原形主語整合化
4911,transfer,B2,B2,転送,転送,/træˈnsfɜːrz/,/trænsfˈɜːr/,The bank is processing the funds transfers.,The bank is processing the funds transfer.,銀行は資金の移動を処理している。,銀行は資金の移動を処理している。,屈折IPAの原形化 / 例文の原形主語整合化
4920,purchase,B2,B2,購入品,購入品,/ˈpɜːrtʃəsəz/,/pˈɜːrtʃəs/,She showed me her new purchases.,She showed me her new purchase.,彼女は私に新しい購入品を見せてくれた。,私は私に新しい購入品を見せてくれた。,屈折IPAの原形化 / 例文の原形主語整合化
4923,command,B2,B2,命令,命令,/kəˈmændz/,/kəmˈænd/,The captain gave commands to the crew.,The captain gave command to the crew.,船長は乗組員に命令を出した。,船長は乗組員に命令を出した。,屈折IPAの原形化 / 例文の原形主語整合化
4930,debt,B2,B2,借金,借金,/ˈdɛts/,/dˈet/,They have a lot of debts.,They have a lot of debt.,彼らは多くの借金を抱えている。,彼らは多くの借金を抱えている。,屈折IPAの原形化 / 例文の原形主語整合化
4935,loan,B2,B2,ローン,ローン,/ˈloʊnz/,/lˈoʊn/,He applied for a bank loan.,He applied for a bank loan.,彼は銀行ローンを申請した。,彼は銀行ローンを申請した。,屈折IPAの原形化
4938,era,B2,B2,時代,時代,/ˈɪrəz/,/ˈerə/,The museum displayed artifacts from different eras.,The museum displayed artifacts from different era.,その博物館は異なる時代の遺物を展示した。,その博物館は異なる時代の遺物を展示した。,屈折IPAの原形化 / 例文の原形主語整合化
4940,mistake,B2,B2,間違い,間違い,/mɪˈsteɪks/,/mɪstˈeɪk/,Everyone makes mistakes.,Everyone makes mistake.,誰もが間違いを犯します。,誰もが間違いを犯します。,屈折IPAの原形化 / 例文の原形主語整合化
4941,schedule,B2,B2,スケジュール,スケジュール,/ˈskɛdʒʊlz/,/skˈedʒʊl/,I have many schedules for this week.,I have many schedule for this week.,今週はたくさんのスケジュールがあります。,今週はたくさんのスケジュールがあります。,屈折IPAの原形化 / 例文の原形主語整合化
4943,concern,B2,B2,"懸念,心配","懸念,心配",/kəˈnsɜːrnz/,/kənsˈɜːrn/,There are some concerns about the safety of the new product.,There are some concern about the safety of the new product.,新製品の安全性についていくつかの懸念がある。,新製品の安全性についていくつかの懸念がある。,屈折IPAの原形化 / 例文の原形主語整合化
4951,advance,B2,B2,進歩,進歩,/əˈdvænsəz/,/ədvˈæns/,The project has made significant advances.,The project has made significant advance.,プロジェクトは著しい進歩を遂げた。,プロジェクトは著しい進歩を遂げた。,屈折IPAの原形化 / 例文の原形主語整合化
4953,confidence,B2,B2,自信,自信,/ˈkɑnfədəns/,/kˈɑːnfədəns/,He has a lot of confidence in his ability.,He has a lot of confidence in his ability.,彼は自分の能力に大きな自信を持っている。,彼は自分の能力に大きな自信を持っている。,屈折IPAの原形化
4955,fake,B2,B2,偽物,偽物,/ˈfeɪks/,/fˈeɪk/,These paintings are fakes.,These paintings are fake.,これらの絵画は偽物です。,これらの絵画は偽物です。,屈折IPAの原形化 / 例文の原形主語整合化
4956,finance,B2,B2,融資する・資金調達する [動],融資する・資金調達する [動],/ˈfaɪˌnæns/,/fənˈæns/,Investors agreed to finance the green energy project.,Investors agreed to finance the green energy project.,投資家たちはグリーンエネルギープロジェクトへの資金提供に合意しました。,投資家たちはグリーンエネルギープロジェクトへの資金提供に合意しました。,屈折IPAの原形化
4962,conflict,B2,B2,対立,対立,/kəˈnflɪkts/,/kˈɑːnflɪkt/,There were several conflicts between the two departments.,There were several conflict between the two departments.,その2つの部署間にはいくつかの対立があった。,その2つの部署間にはいくつかの対立があった。,屈折IPAの原形化 / 例文の原形主語整合化
4965,debate,B2,B2,"討論,討論する","討論,討論する",/dəˈbeɪts/,/dəbˈeɪt/,They held a series of debates on the new policy.,They held a series of debate on the new policy.,彼らは新しい政策について一連の討論会を開催しました。,彼らは新しい政策について一連の討論会を開催しました。,屈折IPAの原形化 / 例文の原形主語整合化
4967,fault,B2,B2,欠点,欠点,/ˈfɔlts/,/fˈɔːlt/,Everyone has their faults.,Everyone has their fault.,誰にでも欠点がある。,誰にでも欠点がある。,屈折IPAの原形化 / 例文の原形主語整合化
4969,phase,B2,B2,段階,段階,/ˈfeɪz/,/fˈeɪz/,We are in the final phase of the project.,We are in the final phase of the project.,私たちはプロジェクトの最終段階にいます。,私たちはプロジェクトの最終段階にいます。,屈折IPAの原形化
4971,revenue,B2,B2,収入、歳入,収入、歳入,/ˈrɛvəˌnuːz/,/rˈevənˌuː/,The company's revenues increased significantly this year.,The company's revenue increased significantly this year.,その会社の収入は今年大幅に増加しました。,その会社の収入は今年大幅に増加しました。,屈折IPAの原形化 / 例文の原形主語整合化
4975,blame,B2,B2,非難する,非難する,/ˈbleɪmz/,/blˈeɪm/,He always blames others for his mistakes.,He always blame others for his mistakes.,彼はいつも自分のミスを他人のせいにする。,私はいつも自分のミスを他人のせいにする。,屈折IPAの原形化 / 例文の原形主語整合化
4977,display,B2,B2,展示する,展示する,/dɪˈspleɪz/,/dɪsplˈeɪ/,The museum displays many artifacts.,The museum display many artifacts.,博物館は多くの工芸品を展示している。,博物館は多くの工芸品を展示している。,屈折IPAの原形化 / 例文の原形主語整合化
4979,mode,B2,B2,モード,モード,/ˈmoʊd/,/ˈmoʊd/,The camera has several different shooting modes.,The camera has several different shooting mode.,カメラにはいくつかの異なる撮影モードがある。,カメラにはいくつかの異なる撮影モードがある。,例文の原形主語整合化
4981,surgery,B2,B2,手術,手術,/ˈsɜːrdʒəriz/,/sˈɜːrdʒɚiː/,He needs to have several surgeries.,He needs to have several surgeries.,彼はいくつかの手術を受ける必要がある。,彼はいくつかの手術を受ける必要がある。,屈折IPAの原形化
4987,mayor,B2,B2,市長,市長,/ˈmeɪərz/,/mˈeɪɚ/,The mayors of the city met to discuss new policies.,The mayor of the city met to discuss new policies.,市の市長たちが集まって新しい政策について話し合った。,市の市長たちが集まって新しい政策について話し合った。,屈折IPAの原形化 / 例文の原形主語整合化
4988,minor,B2,B2,未成年者,未成年者,/ˈmaɪnərz/,/mˈaɪnɚ/,Minors are not allowed to purchase alcohol.,minor are not allowed to purchase alcohol.,未成年者はアルコールを購入することを許可されていない。,未成年者はアルコールを購入することを許可されていない。,屈折IPAの原形化 / 例文の原形主語整合化
4989,selection,B2,B2,選択肢,選択肢,/səˈlɛkʃənz/,/səlˈekʃən/,There are many selections on the menu.,There are many selection on the menu.,メニューにはたくさんの選択肢があります。,メニューにはたくさんの選択肢があります。,屈折IPAの原形化 / 例文の原形主語整合化
4990,stream,B2,B2,小川,小川,/ˈstriːmz/,/strˈiːm/,We walked along the streams in the forest.,We walked along the stream in the forest.,私たちは森の中の小川沿いを歩いた。,私たちは森の中の小川沿いを歩いた。,屈折IPAの原形化 / 例文の原形主語整合化
4995,conservative,B2,B2,保守派,保守派,/kəˈnsɜːrvətɪvz/,/kənsˈɜːrvətɪv/,Conservatives tend to resist change.,conservative tend to resist change.,保守派は変化に抵抗する傾向があります。,保守派は変化に抵抗する傾向があります。,屈折IPAの原形化 / 例文の原形主語整合化
4997,draft,B2,B2,下書き,下書き,/ˈdræfts/,/drˈæft/,He made several drafts of the essay.,He made several draft of the essay.,彼はエッセイのいくつかの下書きを作成した。,私はエッセイのいくつかの下書きを作成した。,屈折IPAの原形化 / 例文の原形主語整合化
5000,medium,B2,B2,媒体,媒体,/ˈmiːdiəmz/,/mˈiːdiːəm/,Television is a popular medium for advertising.,Television is a popular medium for advertising.,テレビは広告の人気の媒体です。,テレビは広告の人気の媒体です。,屈折IPAの原形化
5004,facility,B2,B2,施設,施設,/fəˈsɪlətiz/,/fəsˈɪlɪtiː/,The hotel offers excellent facilities.,The hotel offers excellent facilities.,そのホテルは優れた施設を提供している。,そのホテルは優れた施設を提供している。,屈折IPAの原形化
5010,threat,B2,B2,脅威,脅威,/ˈθrɛts/,/θrˈet/,The country is facing multiple threats.,The country is facing multiple threat.,その国は複数の脅威に直面している。,その国は複数の脅威に直面している。,屈折IPAの原形化 / 例文の原形主語整合化
5013,assistance,B2,B2,支援,支援,/əˈsɪstəns/,/əsˈɪstəns/,We appreciate all the assistance you have provided.,We appreciate all the assistance you have provided.,ご提供いただいたすべての支援に感謝します。,ご提供いただいたすべての支援に感謝します。,屈折IPAの原形化
5016,delivery,B2,B2,配達,配達,/dɪˈlɪvəriz/,/dɪlˈɪvɚiː/,The company provides daily deliveries.,The company provides daily deliveries.,その会社は毎日の配達を提供している。,その会社は毎日の配達を提供している。,屈折IPAの原形化
5018,gender,B2,B2,性別,性別,/ˈdʒɛndərz/,/dʒˈendɚ/,The survey collected data on different genders.,The survey collected data on different gender.,その調査では異なる性別のデータを収集した。,その調査では異なる性別のデータを収集した。,屈折IPAの原形化 / 例文の原形主語整合化
5019,instance,B2,B2,事例,事例,/ˈɪnstənsəz/,/ˈɪnstəns/,There were several instances of system failure.,There were several instance of system failure.,システム障害の事例がいくつかありました。,システム障害の事例がいくつかありました。,屈折IPAの原形化 / 例文の原形主語整合化
5026,universe,B2,B2,宇宙,宇宙,/ˈjuːnəˌvɜːrs/,/jˈuːnəvˌɜːrs/,The universe is vast and mysterious.,The universe is vast and mysterious.,宇宙は広大で神秘的だ。,宇宙は広大で神秘的だ。,屈折IPAの原形化
5027,heaven,B2,B2,天国,天国,/ˈhɛvənz/,/hˈevən/,They thanked heavens for their safety.,They thanked heaven for their safety.,彼らは無事に帰れたことを天に感謝した。,彼らは無事に帰れたことを天に感謝した。,屈折IPAの原形化 / 例文の原形主語整合化
5028,independence,B2,B2,独立,独立,/ˌɪndɪˈpɛndəns/,/ˌɪndɪpˈendəns/,The country celebrated its independence day.,The country celebrated its independence day.,その国は独立記念日を祝った。,その国は独立記念日を祝った。,屈折IPAの原形化
5033,sentence,B2,B2,文章,文章,/ˈsɛntənsəz/,/sˈentəns/,He wrote several sentences about his day.,He wrote several sentence about his day.,彼はその日についていくつかの文章を書いた。,私はその日についていくつかの文章を書いた。,屈折IPAの原形化 / 例文の原形主語整合化
5053,excuse,B2,B2,言い訳,言い訳,/ɪˈkskjuːsɪz/,/ɪkskjˈuːs/,He always makes excuses for not doing his homework.,He always makes excuse for not doing his homework.,彼はいつも宿題をしない言い訳をする。,私はいつも宿題をしない言い訳をする。,屈折IPAの原形化 / 例文の原形主語整合化
5065,existence,B2,B2,存在,存在,/ɛˈɡzɪstəns/,/eɡzˈɪstəns/,The existence of extraterrestrial life is a topic of much debate.,The existence of extraterrestrial life is a topic of much debate.,地球外生命の存在は、多くの議論の的となっている話題です。,地球外生命の存在は、多くの議論の的となっている話題です。,屈折IPAの原形化
5067,mate,B2,B2,仲間,仲間,/ˈmeɪts/,/mˈeɪt/,He is a good mate to have around.,He is a good mate to have around.,彼は身近にいると良い仲間です。,彼は身近にいると良い仲間です。,屈折IPAの原形化
5069,origin,B2,B2,起源,起源,/ˈɔrədʒɪnz/,/ˈɔːrədʒən/,The origins of the universe are a mystery.,The origin of the universe are a mystery.,宇宙の起源は謎である。,宇宙の起源は謎である。,屈折IPAの原形化 / 例文の原形主語整合化
5077,championship,B2,B2,選手権,選手権,/ˈtʃæmpiəˌnʃɪps/,/tʃˈæmpiːənʃˌɪp/,The team won three consecutive national championships.,The team won three consecutive national championship.,そのチームは全国選手権で3連覇した。,そのチームは全国選手権で3連覇した。,屈折IPAの原形化 / 例文の原形主語整合化
5085,anniversary,B2,B2,記念日,記念日,/ˌænəˈvɜːrsəriz/,/ˌænəvˈɜːrsɚiː/,They celebrated their 20th wedding anniversary.,They celebrated their 20th wedding anniversary.,彼らは結婚20周年を祝った。,彼らは結婚20周年を祝った。,屈折IPAの原形化
5089,contest,B2,B2,コンテスト,コンテスト,/ˈkɑntɛsts/,/kˈɑːntest/,She won several writing contests.,She won several writing contest.,彼女はいくつかの作文コンテストで優勝した。,私はいくつかの作文コンテストで優勝した。,屈折IPAの原形化 / 例文の原形主語整合化
5091,motor,B2,B2,モーター,モーター,/ˈmoʊtərz/,/mˈoʊtɚ/,The motors are very loud.,The motor are very loud.,モーターはとてもうるさい。,モーターはとてもうるさい。,屈折IPAの原形化 / 例文の原形主語整合化
5096,sample,B2,B2,サンプル、見本,サンプル、見本,/ˈsæmpəlz/,/sˈæmpəl/,We need to take blood samples for analysis.,We need to take blood sample for analysis.,分析のために血液サンプルを採取する必要があります。,分析のために血液サンプルを採取する必要があります。,屈折IPAの原形化 / 例文の原形主語整合化
5104,blind,B2,B2,ブラインド,ブラインド,/ˈblaɪndz/,/blˈaɪnd/,Close the blinds before bed.,Close the blind before bed.,寝る前にブラインドを閉めてください。,寝る前にブラインドを閉めてください。,屈折IPAの原形化 / 例文の原形主語整合化
5105,brief,B2,B2,ブリーフ,ブリーフ,/ˈbriːfs/,/brˈiːf/,He wore blue briefs under his shorts.,He wore blue brief under his shorts.,彼はショーツの下に青いブリーフを履いていた。,私はショーツの下に青いブリーフを履いていた。,屈折IPAの原形化 / 例文の原形主語整合化
5106,conduct,B2,B2,実施する・導く [動],実施する・導く [動],/ˈkɑndəkt/,/ˈkɑndəkt/,The laboratory conducts groundbreaking medical research.,The laboratory conduct groundbreaking medical research.,その研究所は画期的な医学研究を実施しています。,その研究所は画期的な医学研究を実施しています。,例文の原形主語整合化
5111,therapy,B2,B2,治療法,治療法,/ˈθɛrəpiz/,/θˈerəpiː/,She underwent several therapies for her condition.,She underwent several therapies for her condition.,彼女は自分の状態のためにいくつかの治療法を受けた。,彼女は自分の状態のためにいくつかの治療法を受けた。,屈折IPAの原形化
5116,defence,B2,B2,防御,防御,/dɪˈfɛns/,/dɪfˈens/,The team had a strong defence.,The team had a strong defence.,そのチームは強力な防御を持っていた。,そのチームは強力な防御を持っていた。,屈折IPAの原形化
5124,wise,B2,B2,賢い,賢い,/ˈwaɪz/,/wˈaɪz/,She is a wise woman.,She is a wise woman.,彼女は賢い女性です。,彼女は賢い女性です。,屈折IPAの原形化
5143,highway,B2,B2,高速道路,高速道路,/ˈhaɪˌweɪz/,/hˈaɪwˌeɪ/,The highways were busy with traffic.,The highway were busy with traffic.,高速道路は交通で混雑していた。,高速道路は交通で混雑していた。,屈折IPAの原形化 / 例文の原形主語整合化
5148,monster,B2,B2,怪物,怪物,/ˈmɑnstərz/,/mˈɑːnstɚ/,The child was afraid of monsters.,The child was afraid of monster.,子供は怪物を恐れていた。,子供は怪物を恐れていた。,屈折IPAの原形化 / 例文の原形主語整合化
5150,pride,B2,B2,誇り,誇り,/ˈpraɪdz/,/prˈaɪd/,He takes pride in his work.,He takes pride in his work.,彼は自分の仕事に誇りを持っている。,彼は自分の仕事に誇りを持っている。,屈折IPAの原形化
5158,rescue,B2,B2,救助する,救助する,/ˈrɛˌskjuːz/,/rˈeskjuː/,The firefighters rescue people from the burning building.,The firefighters rescue people from the burning building.,消防士は燃えている建物から人々を救助する。,消防士は燃えている建物から人々を救助する。,屈折IPAの原形化
5160,stable,B2,B2,厩舎,厩舎,/ˈsteɪbəlz/,/stˈeɪbəl/,The horses were kept in the stables.,The horses were kept in the stable.,馬は厩舎に飼われていた。,馬は厩舎に飼われていた。,屈折IPAの原形化 / 例文の原形主語整合化
5170,harm,B2,B2,害,害,/ˈhɑrmz/,/hˈɑːrm/,Smoking harms your health.,Smoking harm your health.,喫煙はあなたの健康に害を及ぼす。,喫煙はあなたの健康に害を及ぼす。,屈折IPAの原形化 / 例文の原形主語整合化
5174,membership,B2,B2,会員資格,会員資格,/ˈmɛmbərˌʃɪps/,/mˈembɚʃˌɪp/,The gym offers various memberships to its clients.,The gym offers various membership to its clients.,そのジムは顧客にさまざまな会員資格を提供しています。,そのジムは顧客にさまざまな会員資格を提供しています。,屈折IPAの原形化 / 例文の原形主語整合化
5175,mount,B2,B2,取り付ける,取り付ける,/ˈmaʊnts/,/mˈaʊnt/,He mounts the camera on the tripod.,I mount the camera on the tripod.,彼はカメラを三脚に取り付ける。,私はカメラを三脚に取り付ける。,屈折IPAの原形化 / 例文の原形主語整合化
5176,proposal,B2,B2,提案,提案,/prəˈpoʊzəlz/,/prəpˈoʊzəl/,They reviewed several proposals before making a decision.,They reviewed several proposal before making a decision.,彼らは決定を下す前にいくつかの提案を検討した。,彼らは決定を下す前にいくつかの提案を検討した。,屈折IPAの原形化 / 例文の原形主語整合化
5180,assessment,B2,B2,評価,評価,/əˈsɛsmənts/,/əsˈesmənt/,The students received their assessments at the end of the term.,The students received their assessment at the end of the term.,学生たちは学期末に評価を受け取りました。,学生たちは学期末に評価を受け取りました。,屈折IPAの原形化 / 例文の原形主語整合化
5184,extension,B2,B2,拡張機能,拡張機能,/ɪˈkstɛnʃənz/,/ɪkstˈenʃən/,The library has extensions to the building.,The library has extension to the building.,図書館には建物の拡張部分がある。,図書館には建物の拡張部分がある。,屈折IPAの原形化 / 例文の原形主語整合化
5188,loose,B2,B2,ゆるい,ゆるい,/ˈluːs/,/lˈuːs/,The button is loose.,The button is loose.,ボタンが緩んでいます。,ボタンが緩んでいます。,屈折IPAの原形化
5191,package,B2,B2,小包,小包,/ˈpækədʒəz/,/pˈækədʒ/,I'm expecting some packages today.,I'm expecting some package today.,今日、いくつかの小包が届く予定です。,今日、いくつかの小包が届く予定です。,屈折IPAの原形化 / 例文の原形主語整合化
5195,shock,B2,B2,衝撃,衝撃,/ˈʃɑks/,/ʃˈɑːk/,The news gave her a big shock.,The news gave her a big shock.,そのニュースは彼女に大きな衝撃を与えた。,そのニュースは彼女に大きな衝撃を与えた。,屈折IPAの原形化
5196,silence,B2,B2,沈黙,沈黙,/ˈsaɪləns/,/sˈaɪləns/,There was a long silence.,There was a long silence.,長い沈黙がありました。,長い沈黙がありました。,屈折IPAの原形化
5208,temple,B2,B2,寺院,寺院,/ˈtɛmpəlz/,/tˈempəl/,They visited many temples in Kyoto.,They visited many temple in Kyoto.,彼らは京都で多くの寺院を訪れた。,彼らは京都で多くの寺院を訪れた。,屈折IPAの原形化 / 例文の原形主語整合化
5210,chase,B2,B2,追いかける,追いかける,/ˈtʃeɪsəz/,/tʃˈeɪs/,The cat chases the mouse around the house.,The cat chase the mouse around the house.,猫は家の中でネズミを追いかける。,猫は家の中でネズミを追いかける。,屈折IPAの原形化 / 例文の原形主語整合化
5216,legend,B2,B2,伝説,伝説,/ˈlɛdʒəndz/,/lˈedʒənd/,The story was passed down as one of many legends.,The story was passed down as one of many legend.,その物語は多くの伝説の一つとして語り継がれた。,その物語は多くの伝説の一つとして語り継がれた。,屈折IPAの原形化 / 例文の原形主語整合化
5217,procedure,B2,B2,手順,手順,/prəˈsiːdʒərz/,/prəsˈiːdʒɚ/,The company has standardized procedures for handling complaints.,The company has standardized procedure for handling complaints.,会社には苦情を処理するための標準化された手順がある。,会社には苦情を処理するための標準化された手順がある。,屈折IPAの原形化 / 例文の原形主語整合化
5227,reveal,B2,B2,明らかにする、暴露する,明らかにする、暴露する,/rɪˈviːlz/,/rɪvˈiːl/,The study reveals new insights into the disease.,The study reveal new insights into the disease.,その研究は病気に関する新しい洞察を明らかにする。,その研究は病気に関する新しい洞察を明らかにする。,屈折IPAの原形化 / 例文の原形主語整合化
5237,kit,B2,B2,キット,キット,/ˈkɪts/,/kˈɪt/,They sell first aid kits.,They sell first aid kit.,彼らは救急キットを販売しています。,彼らは救急キットを販売しています。,屈折IPAの原形化 / 例文の原形主語整合化
5239,racist,B2,B2,人種差別主義者,人種差別主義者,/ˈreɪsɪsts/,/rˈeɪsɪst/,Racists spread hateful propaganda.,racist spread hateful propaganda.,人種差別主義者は憎悪に満ちたプロパガンダを広める。,人種差別主義者は憎悪に満ちたプロパガンダを広める。,屈折IPAの原形化 / 例文の原形主語整合化
5241,walker,B2,B2,歩行者,歩行者,/ˈwɔkərz/,/wˈɔːkɚ/,The park is popular with walkers and joggers.,The park is popular with walker and joggers.,その公園は歩行者やジョギングをする人に人気です。,その公園は歩行者やジョギングをする人に人気です。,屈折IPAの原形化 / 例文の原形主語整合化
5243,aspect,B2,B2,側面,側面,/ˈæˌspɛkts/,/ˈæspˌekt/,There are many aspects to consider when buying a house.,There are many aspect to consider when buying a house.,家を買うときには考慮すべき多くの側面がある。,家を買うときには考慮すべき多くの側面がある。,屈折IPAの原形化 / 例文の原形主語整合化
5244,boost,B2,B2,促進する,促進する,/ˈbuːsts/,/bˈuːst/,The new policy boosts economic growth.,The new policy boost economic growth.,新しい政策は経済成長を促進する。,新しい政策は経済成長を促進する。,屈折IPAの原形化 / 例文の原形主語整合化
5246,crack,B2,B2,ひび,ひび,/ˈkræks/,/krˈæk/,The earthquake caused cracks in the walls.,The earthquake caused crack in the walls.,地震で壁にひびが入った。,地震で壁にひびが入った。,屈折IPAの原形化 / 例文の原形主語整合化
5250,institution,B2,B2,機関,機関,/ˌɪnstɪˈtuːʃənz/,/ˌɪnstɪtˈuːʃən/,Educational institutions play a vital role in society.,Educational institution play a vital role in society.,教育機関は社会において重要な役割を果たしています。,教育機関は社会において重要な役割を果たしています。,屈折IPAの原形化 / 例文の原形主語整合化
5253,priority,B2,B2,優先事項,優先事項,/praɪˈɔrətiz/,/praɪˈɔːrətiː/,We need to set our priorities for the project.,We need to set our priorities for the project.,私たちはプロジェクトの優先順位を設定する必要がある。,私たちはプロジェクトの優先順位を設定する必要がある。,屈折IPAの原形化
5256,root,B2,B2,根,根,/ˈruːts/,/rˈuːt/,The roots of the tree were very deep.,The root of the tree were very deep.,その木の根は非常に深かった。,その木の根は非常に深かった。,屈折IPAの原形化 / 例文の原形主語整合化
5259,bid,B2,B2,入札,入札,/ˈbɪdz/,/bˈɪd/,They submitted bids for the project.,They submitted bid for the project.,彼らはプロジェクトに入札した。,彼らはプロジェクトに入札した。,屈折IPAの原形化 / 例文の原形主語整合化
5264,desert,B2,B2,砂漠,砂漠,/ˈdɛzərts/,/dˈezɚt/,The camels travel across the deserts.,The camels travel across the desert.,ラクダは砂漠を横断する。,ラクダは砂漠を横断する。,屈折IPAの原形化 / 例文の原形主語整合化
5268,organic,B2,B2,有機物、有機栽培,有機物、有機栽培,/ɔˈrɡænɪks/,/ɔːrɡˈænɪk/,She only buys organics at the farmers market.,She only buys organic at the farmers market.,彼女はファーマーズマーケットで有機栽培のものだけを買います。,私はファーマーズマーケットで有機栽培のものだけを買います。,屈折IPAの原形化 / 例文の原形主語整合化
5274,citizen,B2,B2,市民,市民,/ˈsɪtəzənz/,/sˈɪtəzən/,The citizens voted in the election.,The citizen voted in the election.,市民は選挙で投票した。,市民は選挙で投票した。,屈折IPAの原形化 / 例文の原形主語整合化
5275,intense,B2,B2,強烈な,強烈な,/ɪˈntɛns/,/ɪntˈens/,The sun was so intense that we had to wear sunglasses.,The sun was so intense that we had to wear sunglasses.,太陽がとても強烈だったので、サングラスをかけなければならなかった。,太陽がとても強烈だったので、サングラスをかけなければならなかった。,屈折IPAの原形化
5276,lifetime,B2,B2,生涯,生涯,/ˈlaɪˌftaɪmz/,/lˈaɪftˌaɪm/,She has dedicated her lifetimes to helping the poor.,She has dedicated her lifetime to helping the poor.,彼女は貧しい人々を助けることに生涯を捧げてきた。,私は貧しい人々を助けることに生涯を捧げてきた。,屈折IPAの原形化 / 例文の原形主語整合化
5277,medal,B2,B2,メダル,メダル,/ˈmɛdəlz/,/mˈedəl/,He won three medals at the Olympics.,He won three medal at the Olympics.,彼はオリンピックで3つのメダルを獲得した。,私はオリンピックで3つのメダルを獲得した。,屈折IPAの原形化 / 例文の原形主語整合化
5278,mortgage,B2,B2,住宅ローン,住宅ローン,/ˈmɔrɡədʒəz/,/mˈɔːrɡədʒ/,They took out a mortgage to buy their house.,They took out a mortgage to buy their house.,彼らは家を買うために住宅ローンを組んだ。,彼らは家を買うために住宅ローンを組んだ。,屈折IPAの原形化
5279,narrow,B2,B2,狭める,狭める,/ˈnɛroʊz/,/nˈeroʊ/,The path narrows as it goes uphill.,The path narrow as it goes uphill.,道は上り坂になるにつれて狭くなる。,道は上り坂になるにつれて狭くなる。,屈折IPAの原形化 / 例文の原形主語整合化
5285,angle,B2,B2,角度,角度,/ˈæŋɡəlz/,/ˈæŋɡəl/,The building has sharp angles.,The building has sharp angle.,その建物は鋭い角度を持っている。,その建物は鋭い角度を持っている。,屈折IPAの原形化 / 例文の原形主語整合化
5287,forum,B2,B2,フォーラム,フォーラム,/ˈfɔrəmz/,/fˈɔːrəm/,They discussed the topic in online forums.,They discussed the topic in online forum.,彼らはオンラインフォーラムでそのトピックについて議論した。,彼らはオンラインフォーラムでそのトピックについて議論した。,屈折IPAの原形化 / 例文の原形主語整合化
5288,hence,B2,B2,したがって,したがって,/ˈhɛns/,/hˈens/,"He was tired, hence he went to bed early.","He was tired, hence he went to bed early.",彼は疲れていた、したがって早く寝た。,彼は疲れていた、したがって早く寝た。,屈折IPAの原形化
5290,pace,B2,B2,歩調,歩調,/ˈpeɪsɪz/,/pˈeɪs/,He walked at a slow pace.,He walked at a slow pace.,彼はゆっくりとした歩調で歩いた。,彼はゆっくりとした歩調で歩いた。,屈折IPAの原形化
5292,regulation,B2,B2,規制,規制,/ˌrɛɡjəˈleɪʃənz/,/rˌeɡjəlˈeɪʃən/,The company must comply with strict safety regulations.,The company must comply with strict safety regulation.,会社は厳格な安全規制を遵守しなければならない。,会社は厳格な安全規制を遵守しなければならない。,屈折IPAの原形化 / 例文の原形主語整合化
5293,resident,B2,B2,住民,住民,/ˈrɛzɪdənts/,/rˈezɪdənt/,The residents of the neighborhood organized a cleanup event.,The resident of the neighborhood organized a cleanup event.,近所の住民は清掃イベントを企画した。,近所の住民は清掃イベントを企画した。,屈折IPAの原形化 / 例文の原形主語整合化
5298,creek,B2,B2,小川,小川,/ˈkriːks/,/krˈiːk/,There are many creeks in the forest.,There are many creek in the forest.,森の中には多くの小川があります。,森の中には多くの小川があります。,屈折IPAの原形化 / 例文の原形主語整合化
5299,fraud,B2,B2,詐欺,詐欺,/ˈfrɔdz/,/frˈɔːd/,He was convicted of several counts of frauds.,He was convicted of several counts of fraud.,彼はいくつかの詐欺罪で有罪判決を受けました。,私はいくつかの詐欺罪で有罪判決を受けました。,屈折IPAの原形化 / 例文の原形主語整合化
5305,regret,B2,B2,後悔,後悔,/rɪˈɡrɛts/,/rəɡrˈet/,He has no regrets about his decision.,He has no regret about his decision.,彼は自分の決断について後悔していない。,私は自分の決断について後悔していない。,屈折IPAの原形化 / 例文の原形主語整合化
5307,settle,B2,B2,定住する、落ち着く,定住する、落ち着く,/ˈsɛtəlz/,/sˈetəl/,She settles in the new city.,I settle in the new city.,彼女は新しい街に定住する。,私は新しい街に定住する。,屈折IPAの原形化 / 例文の原形主語整合化
5312,divorce,B2,B2,離婚,離婚,/dɪˈvɔrs/,/dɪvˈɔːrs/,They are going through a divorce after ten years of marriage.,They are going through a divorce after ten years of marriage.,彼らは結婚10年後に離婚を経験しています。,彼らは結婚10年後に離婚を経験しています。,屈折IPAの原形化
5320,objective,B2,B2,目標,目標,/əˈbdʒɛktɪvz/,/əbdʒˈektɪv/,The team set clear objectives for the project.,The team set clear objective for the project.,チームはプロジェクトに対して明確な目標を設定した。,チームはプロジェクトに対して明確な目標を設定した。,屈折IPAの原形化 / 例文の原形主語整合化
5324,breast,B2,B2,胸,胸,/ˈbrɛsts/,/brˈest/,The bird was protecting its breasts.,The bird was protecting its breast.,鳥は胸を保護していた。,鳥は胸を保護していた。,屈折IPAの原形化 / 例文の原形主語整合化
5327,dozen,B2,B2,数十,数十,/ˈdʌzənz/,/dˈʌzən/,There are dozens of books on the shelf.,There are dozen of books on the shelf.,棚には数十冊の本があります。,棚には数十冊の本があります。,屈折IPAの原形化 / 例文の原形主語整合化
5328,exception,B2,B2,例外,例外,/ɪˈksɛpʃənz/,/ɪksˈepʃən/,There are a few exceptions to the rule.,There are a few exception to the rule.,その規則にはいくつかの例外がある。,その規則にはいくつかの例外がある。,屈折IPAの原形化 / 例文の原形主語整合化
5330,input,B2,B2,入力,入力,/ˈɪˌnpʊts/,/ˈɪnpˌʊt/,The software requires specific inputs.,The software requires specific input.,そのソフトウェアは特定の入力を必要とする。,そのソフトウェアは特定の入力を必要とする。,屈折IPAの原形化 / 例文の原形主語整合化
5333,sequence,B2,B2,連続,連続,/ˈsiːkwəns/,/sˈiːkwəns/,The sequence of events led to a surprising conclusion.,The sequence of events led to a surprising conclusion.,一連の出来事が驚くべき結論につながった。,一連の出来事が驚くべき結論につながった。,屈折IPAの原形化
5335,tear,B2,B2,涙,涙,/ˈtɛrz/,/tˈer/,Tears streamed down her face.,tear streamed down her face.,涙が彼女の顔を流れ落ちた。,涙が彼女の顔を流れ落ちた。,屈折IPAの原形化 / 例文の原形主語整合化
5336,terrorist,B2,B2,テロリスト,テロリスト,/ˈtɛrərəsts/,/tˈerɚɪst/,The terrorists were planning an attack on the city.,The terrorist were planning an attack on the city.,テロリストたちは都市への攻撃を計画していました。,テロリストたちは都市への攻撃を計画していました。,屈折IPAの原形化 / 例文の原形主語整合化
5339,contribute,B2,B2,貢献する,貢献する,/kəˈntrɪbjuts/,/kəntrˈɪbjuːt/,Exercise contributes to good health.,Exercise contribute to good health.,運動は健康に貢献する。,運動は健康に貢献する。,屈折IPAの原形化 / 例文の原形主語整合化
5340,contribution,B2,B2,貢献,貢献,/ˌkɑntrəˈbjuːʃənz/,/kˌɑːntrəbjˈuːʃən/,Her contributions to the project were invaluable.,Her contribution to the project were invaluable.,彼女のプロジェクトへの貢献は非常に貴重だった。,彼女のプロジェクトへの貢献は非常に貴重だった。,屈折IPAの原形化 / 例文の原形主語整合化
5353,fundamental,B2,B2,基本,基本,/ˌfʌndəˈmɛntəlz/,/fˌʌndəmˈentəl/,You need to understand the fundamentals before moving on.,You need to understand the fundamental before moving on.,先に進む前に基本を理解する必要があります。,先に進む前に基本を理解する必要があります。,屈折IPAの原形化 / 例文の原形主語整合化
5356,infection,B2,B2,感染症,感染症,/ɪˈnfɛkʃənz/,/ɪnfˈekʃən/,They were treated for bacterial infections.,They were treated for bacterial infection.,彼らは細菌感染症の治療を受けた。,彼らは細菌感染症の治療を受けた。,屈折IPAの原形化 / 例文の原形主語整合化
5361,reward,B2,B2,報酬,報酬,/rɪˈwɔrdz/,/rɪwˈɔːrd/,Hard work brings its own rewards.,Hard work brings its own reward.,努力はそれ自身の報酬をもたらす。,努力はそれ自身の報酬をもたらす。,屈折IPAの原形化 / 例文の原形主語整合化
5368,component,B2,B2,部品,部品,/kəˈmpoʊnənts/,/kəmpˈoʊnənt/,The machine is made up of many components.,The machine is made up of many component.,その機械は多くの部品で構成されている。,その機械は多くの部品で構成されている。,屈折IPAの原形化 / 例文の原形主語整合化
5370,cure,B2,B2,治療法,治療法,/ˈkjʊrz/,/kjˈʊr/,The doctor is looking for cures for the disease.,The doctor is looking for cure for the disease.,医者はその病気の治療法を探している。,医者はその病気の治療法を探している。,屈折IPAの原形化 / 例文の原形主語整合化
5379,preparation,B2,B2,準備,準備,/ˌprɛpərˈeɪʃən/,/ˌprɛpərˈeɪʃən/,They are making preparations for the trip.,They are making preparation for the trip.,彼らは旅行の準備をしている。,彼らは旅行の準備をしている。,例文の原形主語整合化
5381,romance,B2,B2,恋愛,恋愛,/roʊˈmænsɪz/,/roʊmˈæns/,She enjoys reading romances.,She enjoys reading romance.,彼女は恋愛小説を読むのを楽しんでいる。,私は恋愛小説を読むのを楽しんでいる。,屈折IPAの原形化 / 例文の原形主語整合化
5389,database,B2,B2,データベース,データベース,/ˈdeɪtəˌbeɪsɪz/,/dˈeɪtəbˌeɪs/,The company stores its information in several databases.,The company stores its information in several database.,会社は情報を複数のデータベースに保存している。,会社は情報を複数のデータベースに保存している。,屈折IPAの原形化 / 例文の原形主語整合化
5390,disorder,B2,B2,障害、混乱,障害、混乱,/dɪˈsɔrdərz/,/dɪsˈɔːrdɚ/,The doctor diagnosed the patient with several sleep disorders.,The doctor diagnosed the patient with several sleep disorder.,医師は患者をいくつかの睡眠障害と診断した。,医師は患者をいくつかの睡眠障害と診断した。,屈折IPAの原形化 / 例文の原形主語整合化
5394,praise,B2,B2,褒める,褒める,/ˈpreɪz/,/prˈeɪz/,The teacher praised her excellent work.,The teacher praised her excellent work.,先生は彼女の素晴らしい出来栄えを褒めた。,先生は彼女の素晴らしい出来栄えを褒めた。,屈折IPAの原形化
5398,slave,B2,B2,奴隷,奴隷,/ˈsleɪv/,/ˈsleɪv/,Slaves were forced to work without pay.,slave were forced to work without pay.,奴隷は無給で働くことを強制された。,奴隷は無給で働くことを強制された。,例文の原形主語整合化
5401,affair,B2,B2,問題,問題,/əˈfɛrz/,/əfˈer/,He was handling his business affairs.,He was handling his business affair.,彼は自分のビジネス問題を処理していた。,私は自分のビジネス問題を処理していた。,屈折IPAの原形化 / 例文の原形主語整合化
5406,enable,B2,B2,可能にする,可能にする,/ɛˈneɪbəlz/,/enˈeɪbəl/,This software enables us to work more efficiently.,This software enable us to work more efficiently.,このソフトウェアは私たちがより効率的に働くことを可能にする。,このソフトウェアは私たちがより効率的に働くことを可能にする。,屈折IPAの原形化 / 例文の原形主語整合化
5407,equity,B2,B2,株式,株式,/ˈɛkwətiz/,/ˈekwətiː/,The company holds significant equities in other companies.,The company holds significant equities in other companies.,その会社は他の会社にかなりの株式を保有しています。,その会社は他の会社にかなりの株式を保有しています。,屈折IPAの原形化
5416,certificate,B2,B2,証明書,証明書,/sərˈtɪfɪkəts/,/sɚtˈɪfɪkət/,She received several certificates for her work.,She received several certificate for her work.,彼女は仕事に対していくつかの証明書を受け取った。,私は仕事に対していくつかの証明書を受け取った。,屈折IPAの原形化 / 例文の原形主語整合化
5421,drag,B2,B2,引きずる,引きずる,/ˈdræɡz/,/drˈæɡ/,The dog drags his leash when he's excited.,The dog drag his leash when he's excited.,犬は興奮するとリードを引きずる。,犬は興奮するとリードを引きずる。,屈折IPAの原形化 / 例文の原形主語整合化
5422,estimate,B2,B2,見積もり、概算,見積もり、概算,/ˈɛstəməts/,/ˈestəmət/,The contractor provided an estimate for the repairs.,The contractor provided an estimate for the repairs.,請負業者は修理の見積もりを提供した。,請負業者は修理の見積もりを提供した。,屈折IPAの原形化
5423,fool,B2,B2,愚か者,愚か者,/ˈfuːlz/,/fˈuːl/,Only fools would believe such a story.,Only fool would believe such a story.,そんな話を信じるのは愚か者だけだろう。,そんな話を信じるのは愚か者だけだろう。,屈折IPAの原形化 / 例文の原形主語整合化
5424,framework,B2,B2,枠組み,枠組み,/ˈfreɪˌmwɜːrks/,/frˈeɪmwˌɜːrk/,The new frameworks will improve the security of the system.,The new framework will improve the security of the system.,新しい枠組みはシステムのセキュリティを向上させるだろう。,新しい枠組みはシステムのセキュリティを向上させるだろう。,屈折IPAの原形化 / 例文の原形主語整合化
5425,interaction,B2,B2,相互作用,相互作用,/ˌɪntərˈækʃənz/,/ˌɪntɚˈækʃən/,Social interactions are important for healthy development.,Social interaction are important for healthy development.,社会的な相互作用は健全な発達にとって重要である。,社会的な相互作用は健全な発達にとって重要である。,屈折IPAの原形化 / 例文の原形主語整合化
5430,recover,B2,B2,回復する,回復する,/rɪˈkʌvərz/,/rɪkˈʌvɚ/,The economy recovers after a recession.,The economy recover after a recession.,景気は不況の後で回復します。,景気は不況の後で回復します。,屈折IPAの原形化 / 例文の原形主語整合化
5433,tale,B2,B2,物語,物語,/ˈteɪlz/,/tˈeɪl/,He tells interesting tales about his travels.,He tells interesting tale about his travels.,彼は旅行についての興味深い物語を語る。,私は旅行についての興味深い物語を語る。,屈折IPAの原形化 / 例文の原形主語整合化
5435,ton,B2,B2,たくさんの,たくさんの,/ˈtʌnz/,/tˈʌn/,There were tons of people at the concert.,There were ton of people at the concert.,コンサートにはたくさんの人がいました。,コンサートにはたくさんの人がいました。,屈折IPAの原形化 / 例文の原形主語整合化
5438,consideration,B2,B2,考慮事項,考慮事項,/kəˌnsɪdərˈeɪʃənz/,/kənsˌɪdɚˈeɪʃən/,There are several important considerations to take into account before making a decision.,There are several important consideration to take into account before making a decision.,決断を下す前に考慮すべきいくつかの重要な事項がある。,決断を下す前に考慮すべきいくつかの重要な事項がある。,屈折IPAの原形化 / 例文の原形主語整合化
5440,dependent,B2,B2,扶養家族,扶養家族,/dɪˈpɛndənts/,/dɪpˈendənt/,He has several dependents to support.,He has several dependent to support.,彼には養うべき扶養家族が何人かいる。,彼には養うべき扶養家族が何人かいる。,屈折IPAの原形化 / 例文の原形主語整合化
5441,globe,B2,B2,地球儀,地球儀,/ˈɡloʊbz/,/ɡlˈoʊb/,He collected many globes from different countries.,He collected many globe from different countries.,彼は異なる国々の多くの地球儀を集めた。,私は異なる国々の多くの地球儀を集めた。,屈折IPAの原形化 / 例文の原形主語整合化
5444,slip,B2,B2,滑る,滑る,/ˈslɪps/,/slˈɪp/,"Be careful, the floor slips.","Be careful, the floor slip.",気をつけて、床が滑ります。,気をつけて、床が滑ります。,屈折IPAの原形化 / 例文の原形主語整合化
5445,specialist,B2,B2,専門家,専門家,/ˈspɛʃələsts/,/spˈeʃələst/,The hospital has specialists in many fields.,The hospital has specialist in many fields.,その病院には多くの分野の専門家がいる。,その病院には多くの分野の専門家がいる。,屈折IPAの原形化 / 例文の原形主語整合化
5446,submit,B2,B2,提出する,提出する,/ˌsʌˈbmɪts/,/səbmˈɪt/,He submits his report to the manager every week.,I submit his report to the manager every week.,彼は毎週マネージャーにレポートを提出します。,私は毎週マネージャーにレポートを提出します。,屈折IPAの原形化 / 例文の原形主語整合化
5456,opera,B2,B2,オペラ,オペラ,/ˈɑprəz/,/ˈɑːprə/,She enjoys going to the operas.,She enjoys going to the opera.,彼女はオペラに行くのを楽しんでいる。,私はオペラに行くのを楽しんでいる。,屈折IPAの原形化 / 例文の原形主語整合化
5463,stroke,B2,B2,ストローク,ストローク,/ˈstroʊks/,/strˈoʊk/,The swimmer practiced his strokes every day.,The swimmer practiced his stroke every day.,その水泳選手は毎日ストロークの練習をした。,その水泳選手は毎日ストロークの練習をした。,屈折IPAの原形化 / 例文の原形主語整合化
5465,tune,B2,B2,曲,曲,/ˈtuːnz/,/tˈuːn/,He knows many tunes on the guitar.,He knows many tune on the guitar.,彼はギターでたくさんの曲を知っている。,私はギターでたくさんの曲を知っている。,屈折IPAの原形化 / 例文の原形主語整合化
5476,panic,B2,B2,パニックになる,パニックになる,/ˈpænɪks/,/pˈænɪk/,She panics when she can't find her phone.,I panic when she can't find her phone.,彼女は自分の電話が見つからないとパニックになる。,私は自分の電話が見つからないとパニックになる。,屈折IPAの原形化 / 例文の原形主語整合化
5478,requirement,B2,B2,要件,要件,/rɪˈkwaɪrmənts/,/rɪkwˈaɪrmənt/,The job has specific requirements.,The job has specific requirement.,その仕事には特定の要件があります。,その仕事には特定の要件があります。,屈折IPAの原形化 / 例文の原形主語整合化
5492,signature,B2,B2,署名,署名,/ˈsɪɡnətʃərz/,/sˈɪɡnətʃɚ/,We need your signatures on the contract.,We need your signature on the contract.,契約書にあなたの署名が必要です。,契約書にあなたの署名が必要です。,屈折IPAの原形化 / 例文の原形主語整合化
5493,trigger,B2,B2,引き金,引き金,/ˈtrɪɡərz/,/trˈɪɡɚ/,The argument was the trigger for their breakup.,The argument was the trigger for their breakup.,その議論が彼らの別れの引き金となった。,その議論が彼らの別れの引き金となった。,屈折IPAの原形化
5494,vary,B2,B2,異なる,異なる,/ˈvɛriz/,/vˈeriː/,The cost of living varies from city to city.,The cost of living varies from city to city.,生活費は都市によって異なる。,生活費は都市によって異なる。,屈折IPAの原形化
5500,diverse,B2,B2,多様な,多様な,/daɪˈvɜːrs/,/daɪvˈɜːrs/,The city has a diverse population of different cultures.,The city has a diverse population of different cultures.,その都市にはさまざまな文化を持つ多様な人口がいます。,その都市にはさまざまな文化を持つ多様な人口がいます。,屈折IPAの原形化
5506,tunnel,B2,B2,トンネル,トンネル,/ˈtʌnəlz/,/tˈʌnəl/,The train passed through several tunnels.,The train passed through several tunnel.,列車はいくつかのトンネルを通過しました。,列車はいくつかのトンネルを通過しました。,屈折IPAの原形化 / 例文の原形主語整合化
5507,wound,B2,B2,傷,傷,/ˈwuːndz/,/wˈaʊnd/,The soldier suffered severe wounds in the battle.,The soldier suffered severe wound in the battle.,兵士は戦闘で重傷を負った。,兵士は戦闘で重傷を負った。,屈折IPAの原形化 / 例文の原形主語整合化
5514,expense,B2,B2,費用,費用,/ɪˈkspɛnsəz/,/ɪkspˈens/,The company will cover all of your travel expenses.,The company will cover all of your travel expense.,会社はあなたのすべての旅費を負担します。,会社はあなたのすべての旅費を負担します。,屈折IPAの原形化 / 例文の原形主語整合化
5516,graphic,B2,B2,グラフィック,グラフィック,/ˈɡræfɪks/,/ɡrˈæfɪk/,The website has some very professional graphics.,The website has some very professional graphic.,そのウェブサイトには非常にプロフェッショナルなグラフィックがいくつかある。,そのウェブサイトには非常にプロフェッショナルなグラフィックがいくつかある。,屈折IPAの原形化 / 例文の原形主語整合化
5519,palm,B2,B2,手のひら,手のひら,/ˈpɑmz/,/pˈɑːm/,He has sweaty palms.,He has sweaty palm.,彼は手のひらに汗をかいています。,私は手のひらに汗をかいています。,屈折IPAの原形化 / 例文の原形主語整合化
5527,bearing,B2,B2,軸受,軸受,/ˈbɛrɪŋz/,/bˈerɪŋ/,The bearings needed to be replaced.,The bearing needed to be replaced.,軸受は交換が必要だった。,軸受は交換が必要だった。,屈折IPAの原形化 / 例文の原形主語整合化
5531,cruise,B2,B2,クルーズ,クルーズ,/ˈkruːz/,/krˈuːz/,We went on a cruise last summer.,We went on a cruise last summer.,私たちは昨年の夏にクルーズに行った。,私たちは昨年の夏にクルーズに行った。,屈折IPAの原形化
5536,imagination,B2,B2,想像力,想像力,/ɪˌmædʒəˈneɪʃən/,/ɪˌmædʒəˈneɪʃən/,Children often have vivid imaginations.,Children often have vivid imagination.,子供たちはしばしば鮮やかな想像力を持っています。,子供たちはしばしば鮮やかな想像力を持っています。,例文の原形主語整合化
5537,interpretation,B2,B2,解釈,解釈,/ɪˌntɜːrprɪˈteɪʃən/,/ɪˌntɜːrprɪˈteɪʃən/,There are many possible interpretations of this event.,There are many possible interpretation of this event.,この出来事には多くの解釈が可能です。,この出来事には多くの解釈が可能です。,例文の原形主語整合化
5540,outfit,B2,B2,服装,服装,/ˈaʊˌtfɪts/,/ˈaʊtfˌɪt/,She has many stylish outfits.,She has many stylish outfit.,彼女はたくさんのスタイリッシュな服装を持っている。,私はたくさんのスタイリッシュな服装を持っている。,屈折IPAの原形化 / 例文の原形主語整合化
5541,pension,B2,B2,年金,年金,/ˈpɛnʃənz/,/pˈenʃən/,The government is responsible for providing adequate pensions for its citizens.,The government is responsible for providing adequate pension for its citizens.,政府は国民に十分な年金を支給する責任がある。,政府は国民に十分な年金を支給する責任がある。,屈折IPAの原形化 / 例文の原形主語整合化
5542,permit,B2,B2,許可証,許可証,/pərˈmɪts/,/pɚmˈɪt/,You need a permit to build a house here.,You need a permit to build a house here.,ここに家を建てるには許可証が必要です。,ここに家を建てるには許可証が必要です。,屈折IPAの原形化
5548,clinic,B2,B2,診療所,診療所,/ˈklɪnɪks/,/klˈɪnɪk/,There are several free clinics in the area.,There are several free clinic in the area.,この地域にはいくつかの無料診療所がある。,この地域にはいくつかの無料診療所がある。,屈折IPAの原形化 / 例文の原形主語整合化
5549,disability,B2,B2,障害,障害,/dɪsəˈbɪlətiz/,/dˌɪsəbˈɪlɪtiː/,The building was designed to be accessible to people with disabilities.,The building was designed to be accessible to people with disabilities.,その建物は障害を持つ人々が利用しやすいように設計された。,その建物は障害を持つ人々が利用しやすいように設計された。,屈折IPAの原形化
5550,evaluation,B2,B2,評価,評価,/ɪˌvæljuˈeɪʃənz/,/ɪvˌæljuːˈeɪʃən/,The company conducts annual performance evaluations.,The company conducts annual performance evaluation.,その会社は年間の業績評価を実施している。,その会社は年間の業績評価を実施している。,屈折IPAの原形化 / 例文の原形主語整合化
5553,hood,B2,B2,フード,フード,/ˈhʊdz/,/hˈʊd/,She pulled up the hoods on their coats.,She pulled up the hood on their coats.,彼女は彼らのコートのフードをかぶせた。,私は彼らのコートのフードをかぶせた。,屈折IPAの原形化 / 例文の原形主語整合化
5558,bug,B2,B2,虫,虫,/ˈbʌɡz/,/bˈʌɡ/,There are many bugs in the garden.,There are many bug in the garden.,庭にはたくさんの虫がいる。,庭にはたくさんの虫がいる。,屈折IPAの原形化 / 例文の原形主語整合化
5560,cave,B2,B2,洞窟,洞窟,/ˈkeɪvz/,/kˈeɪv/,They explored the caves in the mountains.,They explored the cave in the mountains.,彼らは山の中の洞窟を探検した。,彼らは山の中の洞窟を探検した。,屈折IPAの原形化 / 例文の原形主語整合化
5561,demonstrate,B2,B2,実証する、示す,実証する、示す,/ˈdɛməˌnstreɪts/,/dˈemənstrˌeɪt/,This experiment demonstrates the principle of gravity.,This experiment demonstrate the principle of gravity.,この実験は重力の原理を実証する。,この実験は重力の原理を実証する。,屈折IPAの原形化 / 例文の原形主語整合化
5563,flip,B2,B2,ひっくり返す,ひっくり返す,/ˈflɪps/,/flˈɪp/,He flips the pancakes.,I flip the pancakes.,彼はパンケーキをひっくり返します。,私はパンケーキをひっくり返します。,屈折IPAの原形化 / 例文の原形主語整合化
5566,occupation,B2,B2,職業,職業,/ˌɑkjəˈpeɪʃənz/,/ˌɑːkjəpˈeɪʃən/,What are your occupations?,What are your occupation?,あなたの職業は何ですか？,あなたの職業は何ですか？,屈折IPAの原形化 / 例文の原形主語整合化
5568,patience,B2,B2,忍耐,忍耐,/ˈpeɪʃəns/,/pˈeɪʃəns/,It takes patience to learn a new skill.,It takes patience to learn a new skill.,新しいスキルを学ぶには忍耐が必要だ。,新しいスキルを学ぶには忍耐が必要だ。,屈折IPAの原形化
5571,resist,B2,B2,抵抗する,抵抗する,/rɪˈzɪsts/,/rɪzˈɪst/,This material resists wear and tear.,This material resist wear and tear.,この素材は摩耗や損傷に強い。,この素材は摩耗や損傷に強い。,屈折IPAの原形化 / 例文の原形主語整合化
5577,confusion,B2,B2,混乱,混乱,/kəˈnfjuːʒənz/,/kənfjˈuːʒən/,There were many confusions about the new policy.,There were many confusion about the new policy.,新しい政策について多くの混乱があった。,新しい政策について多くの混乱があった。,屈折IPAの原形化 / 例文の原形主語整合化
5579,destiny,B2,B2,運命,運命,/ˈdɛstəniz/,/dˈestəniː/,We cannot control our destinies.,We cannot control our destinies.,私たちは自分たちの運命をコントロールすることはできない。,私たちは自分たちの運命をコントロールすることはできない。,屈折IPAの原形化
5584,insight,B2,B2,洞察、見識,洞察、見識,/ˈɪˌnsaɪts/,/ˈɪnsˌaɪt/,The book offers new insights into the human mind.,The book offers new insight into the human mind.,その本は人間の心についての新たな洞察を提供している。,その本は人間の心についての新たな洞察を提供している。,屈折IPAの原形化 / 例文の原形主語整合化
5590,ram,B2,B2,雄羊,雄羊,/ˈræmz/,/rˈæm/,The rams were butting heads in the field.,The ram were butting heads in the field.,雄羊たちは野原で頭突きをしていた。,雄羊たちは野原で頭突きをしていた。,屈折IPAの原形化 / 例文の原形主語整合化
5591,scenario,B2,B2,シナリオ,シナリオ,/sɪˈnɛrioʊz/,/sɪnˈeriːoʊ/,We discussed various possible scenarios.,We discussed various possible scenario.,私たちは様々な可能性のあるシナリオについて議論しました。,私たちは様々な可能性のあるシナリオについて議論しました。,屈折IPAの原形化 / 例文の原形主語整合化
5593,trace,B2,B2,痕跡,痕跡,/ˈtreɪs/,/trˈeɪs/,They found traces of the missing person in the forest.,They found trace of the missing person in the forest.,彼らは森の中で行方不明者の痕跡を見つけた。,彼らは森の中で行方不明者の痕跡を見つけた。,屈折IPAの原形化 / 例文の原形主語整合化
5596,acknowledge,B2,B2,認める,認める,/æˈknɑlɪdʒɪz/,/æknˈɑːlɪdʒ/,The company acknowledges the mistake.,The company acknowledge the mistake.,その会社は間違いを認める。,その会社は間違いを認める。,屈折IPAの原形化 / 例文の原形主語整合化
5601,cancel,B2,B2,キャンセルする,キャンセルする,/ˈkænsəlz/,/kˈænsəl/,She cancels the appointment.,I cancel the appointment.,彼女は予約をキャンセルする。,私は予約をキャンセルする。,屈折IPAの原形化 / 例文の原形主語整合化
5602,cherry,B2,B2,さくらんぼ,さくらんぼ,/ˈtʃɛriz/,/tʃˈeriː/,I love to eat cherries.,I love to eat cherries.,私はさくらんぼを食べるのが大好きです。,私はさくらんぼを食べるのが大好きです。,屈折IPAの原形化
5603,collapse,B2,B2,崩壊する,崩壊する,/kəˈlæpsɪz/,/kəlˈæps/,The building collapses during the earthquake.,The building collapse during the earthquake.,地震で建物が崩壊する。,地震で建物が崩壊する。,屈折IPAの原形化 / 例文の原形主語整合化
5604,compound,B2,B2,化合物,化合物,/ˈkɑmpaʊndz/,/kˈɑːmpaʊnd/,Water is a compound of hydrogen and oxygen.,Water is a compound of hydrogen and oxygen.,水は水素と酸素の化合物です。,水は水素と酸素の化合物です。,屈折IPAの原形化
5611,significance,B2,B2,重要性,重要性,/səˈɡnɪfɪkəns/,/səɡnˈɪfɪkəns/,The significance of the event cannot be overstated.,The significance of the event cannot be overstated.,そのイベントの重要性はどれだけ強調しても足りない。,そのイベントの重要性はどれだけ強調しても足りない。,屈折IPAの原形化
5612,spray,B2,B2,スプレーする,スプレーする,/ˈspreɪz/,/sprˈeɪ/,He sprays the plants with water.,I spray the plants with water.,彼は植物に水をスプレーする。,私は植物に水をスプレーする。,屈折IPAの原形化 / 例文の原形主語整合化
5615,decrease,B2,B2,減少,減少,/dɪˈkriːs/,/dɪkrˈiːs/,The number of students has decreased this year.,The number of students has decreased this year.,今年は生徒数が減少しました。,今年は生徒数が減少しました。,屈折IPAの原形化
5617,lease,B2,B2,賃貸契約,賃貸契約,/ˈliːsɪz/,/lˈiːs/,They signed the leases on their new apartment.,They signed the lease on their new apartment.,彼らは新しいアパートの賃貸契約に署名した。,彼らは新しいアパートの賃貸契約に署名した。,屈折IPAの原形化 / 例文の原形主語整合化
5626,creature,B2,B2,生き物,生き物,/ˈkriːtʃərz/,/krˈiːtʃɚ/,Many different creatures live in the forest.,Many different creature live in the forest.,多くの異なる生き物が森に住んでいる。,多くの異なる生き物が森に住んでいる。,屈折IPAの原形化 / 例文の原形主語整合化
5629,embrace,B2,B2,受け入れる,受け入れる,/ɛˈmbreɪs/,/embrˈeɪs/,We should embrace diversity in our society.,We should embrace diversity in our society.,私たちは社会の多様性を受け入れるべきだ。,私たちは社会の多様性を受け入れるべきだ。,屈折IPAの原形化
5635,parade,B2,B2,パレード,パレード,/pərˈeɪdz/,/pɚˈeɪd/,The city holds many parades during the year.,The city holds many parade during the year.,その都市では一年を通して多くのパレードが開催されます。,その都市では一年を通して多くのパレードが開催されます。,屈折IPAの原形化 / 例文の原形主語整合化
5641,shade,B2,B2,日よけ,日よけ,/ˈʃeɪdz/,/ʃˈeɪd/,We lowered the shades to block out the sun.,We lowered the shade to block out the sun.,私たちは太陽を遮るために日よけを下ろしました。,私たちは太陽を遮るために日よけを下ろしました。,屈折IPAの原形化 / 例文の原形主語整合化
5646,crop,B2,B2,作物,作物,/ˈkrɑps/,/krˈɑːp/,The farmers grow different crops.,The farmers grow different crop.,農家はさまざまな作物を育てている。,農家はさまざまな作物を育てている。,屈折IPAの原形化 / 例文の原形主語整合化
5652,screening,B2,B2,試写会,試写会,/ˈskriːnɪŋz/,/skrˈiːnɪŋ/,The movie is having private screenings this week.,The movie is having private screening this week.,その映画は今週、プライベートな試写会を開催している。,その映画は今週、プライベートな試写会を開催している。,屈折IPAの原形化 / 例文の原形主語整合化
5659,accent,B2,B2,アクセント,アクセント,/ˈæksɛnts/,/əksˈent/,She spoke with a strong British accent.,She spoke with a strong British accent.,彼女は強いイギリス訛りで話しました。,彼女は強いイギリス訛りで話しました。,屈折IPAの原形化
5660,addiction,B2,B2,依存症,依存症,/əˈdɪkʃənz/,/ədˈɪkʃən/,He is struggling with several addictions.,He is struggling with several addiction.,彼はいくつかの依存症に苦しんでいる。,私はいくつかの依存症に苦しんでいる。,屈折IPAの原形化 / 例文の原形主語整合化
5663,duration,B2,B2,期間,期間,/ˈdʊˈreɪʃənz/,/dˈʊrˈeɪʃən/,The durations of the classes are about 50 minutes.,The duration of the classes are about 50 minutes.,授業の時間は約50分です。,授業の時間は約50分です。,屈折IPAの原形化 / 例文の原形主語整合化
5668,lean,B2,B2,傾く,傾く,/ˈliːnz/,/lˈiːn/,The tower leans slightly to one side.,The tower lean slightly to one side.,その塔は少し片側に傾いている。,その塔は少し片側に傾いている。,屈折IPAの原形化 / 例文の原形主語整合化
5672,pearl,B2,B2,真珠,真珠,/ˈpɜːrlz/,/pˈɜːrl/,She wore a necklace of pearls.,She wore a necklace of pearl.,彼女は真珠のネックレスをしていた。,私は真珠のネックレスをしていた。,屈折IPAの原形化 / 例文の原形主語整合化
5673,peer,B2,B2,同僚,同僚,/ˈpɪr/,/ˈpɪr/,He is respected by his peers.,He is respected by his peer.,彼は同僚から尊敬されている。,私は同僚から尊敬されている。,例文の原形主語整合化
5674,pile,B2,B2,積み重ね,積み重ね,/ˈpaɪlz/,/pˈaɪl/,There were piles of books on the table.,There were pile of books on the table.,テーブルの上には本の積み重ねがあった。,テーブルの上には本の積み重ねがあった。,屈折IPAの原形化 / 例文の原形主語整合化
5675,scream,B2,B2,悲鳴,悲鳴,/ˈskriːmz/,/skrˈiːm/,The screams could be heard from far away.,The scream could be heard from far away.,遠くから悲鳴が聞こえた。,遠くから悲鳴が聞こえた。,屈折IPAの原形化 / 例文の原形主語整合化
5677,tragedy,B2,B2,悲劇,悲劇,/ˈtrædʒədiz/,/trˈædʒədiː/,The tragedies of war are immense.,The tragedies of war are immense.,戦争の悲劇は計り知れない。,戦争の悲劇は計り知れない。,屈折IPAの原形化
5679,arrow,B2,B2,矢印,矢印,/ˈæroʊz/,/ˈæroʊ/,The sign shows the direction with arrows.,The sign shows the direction with arrow.,標識は矢印で方向を示している。,標識は矢印で方向を示している。,屈折IPAの原形化 / 例文の原形主語整合化
5680,cabin,B2,B2,小屋,小屋,/ˈkæbənz/,/kˈæbən/,They stayed in cozy cabins in the woods.,They stayed in cozy cabin in the woods.,彼らは森の中の居心地の良い小屋に滞在した。,彼らは森の中の居心地の良い小屋に滞在した。,屈折IPAの原形化 / 例文の原形主語整合化
5682,consultant,B2,B2,コンサルタント,コンサルタント,/kəˈnsʌltənts/,/kənsˈʌltənt/,The company hired consultants to advise them on their strategy.,The company hired consultant to advise them on their strategy.,その会社は戦略について助言するためにコンサルタントを雇った。,その会社は戦略について助言するためにコンサルタントを雇った。,屈折IPAの原形化 / 例文の原形主語整合化
5690,owe,B2,B2,借りている,借りている,/ˈoʊz/,/ˈoʊ/,He owes me twenty dollars.,I owe me twenty dollars.,彼は私に20ドル借りています。,私は私に20ドル借りています。,屈折IPAの原形化 / 例文の原形主語整合化
5692,precise,B2,B2,正確な,正確な,/prɪˈsaɪs/,/prɪsˈaɪs/,The instructions were very precise and easy to follow.,The instructions were very precise and easy to follow.,指示は非常に正確で、従うのが簡単だった。,指示は非常に正確で、従うのが簡単だった。,屈折IPAの原形化
5693,prospect,B2,B2,見込み,見込み,/ˈprɑspɛkt/,/ˈprɑspɛkt/,The company has good prospects for growth.,The company has good prospect for growth.,その会社は成長の見込みがある。,その会社は成長の見込みがある。,例文の原形主語整合化
5696,theft,B2,B2,窃盗,窃盗,/ˈθɛfts/,/θˈeft/,There have been many thefts in the neighborhood.,There have been many theft in the neighborhood.,近所で多くの窃盗事件が起きている。,近所で多くの窃盗事件が起きている。,屈折IPAの原形化 / 例文の原形主語整合化
5697,visa,B2,B2,ビザ,ビザ,/ˈviːzəz/,/vˈiːzə/,You need a visa to travel to that country.,You need a visa to travel to that country.,その国へ旅行するにはビザが必要です。,その国へ旅行するにはビザが必要です。,屈折IPAの原形化
5699,curriculum,B2,B2,カリキュラム,カリキュラム,/kərˈɪkjələmz/,/kɚˈɪkjələm/,The curriculums are being updated to include new subjects.,The curriculum are being updated to include new subjects.,カリキュラムは新しい科目を含むように更新されている。,カリキュラムは新しい科目を含むように更新されている。,屈折IPAの原形化 / 例文の原形主語整合化
5700,deadline,B2,B2,締め切り,締め切り,/ˈdɛˌdlaɪnz/,/dˈedlˌaɪn/,We are working hard to meet the deadlines.,We are working hard to meet the deadline.,私たちは締め切りを守るために一生懸命働いています。,私たちは締め切りを守るために一生懸命働いています。,屈折IPAの原形化 / 例文の原形主語整合化
5708,tribe,B2,B2,部族,部族,/ˈtraɪbz/,/trˈaɪb/,The tribes have their own unique culture.,The tribe have their own unique culture.,部族は独自の文化を持っている。,部族は独自の文化を持っている。,屈折IPAの原形化 / 例文の原形主語整合化
5711,alternate,B2,B2,交互にする,交互にする,/ˈɔltərˌneɪts/,/ˈɔːltɚnət/,The students alternate between reading and writing.,The students alternate between reading and writing.,生徒たちは読書と執筆を交互に行う。,生徒たちは読書と執筆を交互に行う。,屈折IPAの原形化
5713,bankruptcy,B2,B2,倒産,倒産,/ˈbæŋkrəptsiz/,/bˈæŋkrəpsiː/,The company has faced multiple bankruptcies.,The company has faced multiple bankruptcies.,その会社は複数の倒産に直面しました。,その会社は複数の倒産に直面しました。,屈折IPAの原形化
5714,canon,B2,B2,規範、標準,規範、標準,/ˈkænənz/,/kˈænən/,These are the canons of good taste and etiquette.,These are the canon of good taste and etiquette.,これらは上品さとエチケットの規範である。,これらは上品さとエチケットの規範である。,屈折IPAの原形化 / 例文の原形主語整合化
5720,hybrid,B2,B2,ハイブリッド,ハイブリッド,/ˈhaɪbrədz/,/hˈaɪbrəd/,The new car is a hybrid that uses both gas and electricity.,The new car is a hybrid that uses both gas and electricity.,その新しい車は、ガソリンと電気の両方を使うハイブリッド車です。,その新しい車は、ガソリンと電気の両方を使うハイブリッド車です。,屈折IPAの原形化
5723,preference,B2,B2,好み,好み,/ˈprɛfərəns/,/prˈefɚəns/,He expressed a preference for tea over coffee.,He expressed a preference for tea over coffee.,彼はコーヒーより紅茶を好むと表明した。,彼はコーヒーより紅茶を好むと表明した。,屈折IPAの原形化
5725,proportion,B2,B2,"割合,比率","割合,比率",/prəˈpɔrʃənz/,/prəpˈɔːrʃən/,The proportions of the building were carefully considered to create a sense of balance.,The proportion of the building were carefully considered to create a sense of balance.,建物の割合は、バランスの感覚を作り出すために慎重に検討された。,建物の割合は、バランスの感覚を作り出すために慎重に検討された。,屈折IPAの原形化 / 例文の原形主語整合化
5729,voter,B2,B2,有権者,有権者,/ˈvoʊtərz/,/vˈoʊtɚ/,Voters will choose the new president.,voter will choose the new president.,有権者が新しい大統領を選ぶだろう。,有権者が新しい大統領を選ぶだろう。,屈折IPAの原形化 / 例文の原形主語整合化
5730,booth,B2,B2,ブース,ブース,/ˈbuːθs/,/bˈuːθ/,They set up several booths at the craft fair.,They set up several booth at the craft fair.,彼らはクラフトフェアでいくつかのブースを設置した。,彼らはクラフトフェアでいくつかのブースを設置した。,屈折IPAの原形化 / 例文の原形主語整合化
5731,cliff,B2,B2,崖,崖,/ˈklɪfs/,/klˈɪf/,The house was built on the cliffs overlooking the sea.,The house was built on the cliff overlooking the sea.,その家は海を見下ろす崖の上に建てられた。,その家は海を見下ろす崖の上に建てられた。,屈折IPAの原形化 / 例文の原形主語整合化
5735,lung,B2,B2,肺,肺,/ˈlʌŋz/,/lˈʌŋ/,Smoking can damage your lungs.,Smoking can damage your lung.,喫煙はあなたの肺を傷つける可能性があります。,喫煙はあなたの肺を傷つける可能性があります。,屈折IPAの原形化 / 例文の原形主語整合化
5740,pose,B2,B2,提起する,提起する,/ˈpoʊz/,/pˈoʊz/,The new regulations pose a problem for small businesses.,The new regulations pose a problem for small businesses.,新しい規制は中小企業にとって問題を引き起こす。,新しい規制は中小企業にとって問題を引き起こす。,屈折IPAの原形化
5747,bombing,B2,B2,爆撃、爆破,爆撃、爆破,/ˈbɑmɪŋz/,/bˈɑːmɪŋ/,The city was heavily damaged by the bombings.,The city was heavily damaged by the bombing.,その都市は爆撃によって大きな被害を受けた。,その都市は爆撃によって大きな被害を受けた。,屈折IPAの原形化 / 例文の原形主語整合化
5751,forecast,B2,B2,予測,予測,/fɔˈrkæsts/,/fˈɔːrkˌæst/,The weather forecasts predict heavy rain tomorrow.,The weather forecast predict heavy rain tomorrow.,天気予報は明日、大雨を予測している。,天気予報は明日、大雨を予測している。,屈折IPAの原形化 / 例文の原形主語整合化
5752,hug,B2,B2,ハグ,ハグ,/ˈhʌɡz/,/hˈʌɡ/,She gave me a big hug.,She gave me a big hug.,彼女は私に大きなハグをしました。,彼女は私に大きなハグをしました。,屈折IPAの原形化
5753,olive,B2,B2,オリーブ,オリーブ,/ˈɑləv/,/ˈɑləv/,I love to eat olives.,I love to eat olive.,私はオリーブを食べるのが大好きです。,私はオリーブを食べるのが大好きです。,例文の原形主語整合化
5763,fabric,B2,B2,織物,織物,/ˈfæbrɪks/,/fˈæbrɪk/,These fabrics are very delicate.,These fabric are very delicate.,これらの織物はとても繊細です。,これらの織物はとても繊細です。,屈折IPAの原形化 / 例文の原形主語整合化
5765,freak,B2,B2,奇形,奇形,/ˈfriːks/,/frˈiːk/,The carnival featured a tent of sideshow freaks.,The carnival featured a tent of sideshow freak.,カーニバルには、見世物の奇形を集めたテントがあった。,カーニバルには、見世物の奇形を集めたテントがあった。,屈折IPAの原形化 / 例文の原形主語整合化
5769,myth,B2,B2,神話,神話,/ˈmɪθs/,/mˈɪθ/,The story is based on ancient myths.,The story is based on ancient myth.,その物語は古代の神話に基づいている。,その物語は古代の神話に基づいている。,屈折IPAの原形化 / 例文の原形主語整合化
5775,adjust,B2,B2,調整する,調整する,/əˈdʒʌsts/,/ədʒˈʌst/,The camera automatically adjusts to the light.,The camera automatically adjust to the light.,カメラは自動的に光に調整する。,カメラは自動的に光に調整する。,屈折IPAの原形化 / 例文の原形主語整合化
5780,blanket,B2,B2,毛布,毛布,/ˈblæŋkəts/,/blˈæŋkət/,We needed extra blankets because it was so cold.,We needed extra blanket because it was so cold.,とても寒かったので、追加の毛布が必要だった。,とても寒かったので、追加の毛布が必要だった。,屈折IPAの原形化 / 例文の原形主語整合化
5783,flame,B2,B2,炎,炎,/ˈfleɪmz/,/flˈeɪm/,The flames reached high into the sky.,The flame reached high into the sky.,炎は空高く立ち上りました。,炎は空高く立ち上りました。,屈折IPAの原形化 / 例文の原形主語整合化
5788,obligation,B2,B2,義務、責務（複数形）,義務、責務（複数形）,/ˌɑbləˈɡeɪʃənz/,/ˌɑːbləɡˈeɪʃən/,We have many obligations to fulfill.,We have many obligation to fulfill.,私たちには果たすべき多くの義務がある。,私たちには果たすべき多くの義務がある。,屈折IPAの原形化 / 例文の原形主語整合化
5791,reed,B2,B2,葦,葦,/ˈriːdz/,/rˈiːd/,The reeds swayed in the wind by the lake.,The reed swayed in the wind by the lake.,湖畔の葦が風に揺れていた。,湖畔の葦が風に揺れていた。,屈折IPAの原形化 / 例文の原形主語整合化
5792,scare,B2,B2,恐怖を与える,恐怖を与える,/ˈskɛrz/,/skˈer/,The horror movie scares many people.,The horror movie scare many people.,そのホラー映画は多くの人を怖がらせます。,そのホラー映画は多くの人を怖がらせます。,屈折IPAの原形化 / 例文の原形主語整合化
5795,assure,B2,B2,保証する,保証する,/əˈʃʊrz/,/əʃˈʊr/,The company assures that the product is safe.,The company assure that the product is safe.,会社はその製品が安全であることを保証する。,会社はその製品が安全であることを保証する。,屈折IPAの原形化 / 例文の原形主語整合化
5798,expertise,B2,B2,専門知識、専門技術,専門知識、専門技術,/ˌɛkspərˈtiːz/,/ˌekspɚtˈiːz/,He has a lot of expertise in software development.,He has a lot of expertise in software development.,彼はソフトウェア開発に関する多くの専門知識を持っています。,彼はソフトウェア開発に関する多くの専門知識を持っています。,屈折IPAの原形化
5804,observe,B2,B2,観察する,観察する,/əˈbzɜːrvz/,/əbzˈɜːrv/,The scientist observes the behavior of the animals in their natural habitat.,The scientist observe the behavior of the animals in their natural habitat.,科学者は動物の自然の生息地での行動を観察する。,科学者は動物の自然の生息地での行動を観察する。,屈折IPAの原形化 / 例文の原形主語整合化
5805,password,B2,B2,パスワード,パスワード,/ˈpæˌswɜːrdz/,/pˈæswˌɜːrd/,You should change your passwords regularly.,You should change your password regularly.,パスワードは定期的に変更すべきです。,パスワードは定期的に変更すべきです。,屈折IPAの原形化 / 例文の原形主語整合化
5813,apology,B2,B2,謝罪,謝罪,/əˈpɑlədʒiz/,/əpˈɑːlədʒiː/,He offered apologies for his rude behavior.,He offered apologies for his rude behavior.,彼は自分の無礼な振る舞いについて謝罪した。,彼は自分の無礼な振る舞いについて謝罪した。,屈折IPAの原形化
5815,buzz,B2,B2,ブンブン鳴る,ブンブン鳴る,/ˈbʌzɪz/,/bˈʌz/,The bee buzzes around the flower.,The bee buzzes around the flower.,蜂が花の周りをブンブン鳴っている。,蜂が花の周りをブンブン鳴っている。,屈折IPAの原形化
5816,declare,B2,B2,宣言する,宣言する,/dɪˈklɛrz/,/dɪklˈer/,The president declares a state of emergency.,The president declare a state of emergency.,大統領は非常事態を宣言する。,大統領は非常事態を宣言する。,屈折IPAの原形化 / 例文の原形主語整合化
5819,foul,B2,B2,反則,反則,/ˈfaʊlz/,/fˈaʊl/,The player committed several fouls during the game.,The player committed several foul during the game.,選手は試合中にいくつかの反則を犯した。,選手は試合中にいくつかの反則を犯した。,屈折IPAの原形化 / 例文の原形主語整合化
5822,measurement,B2,B2,測定値,測定値,/ˈmɛʒərmənts/,/mˈeʒɚmənt/,The measurements were accurate.,The measurement were accurate.,測定値は正確だった。,測定値は正確だった。,屈折IPAの原形化 / 例文の原形主語整合化
5825,stack,B2,B2,積み重ね,積み重ね,/ˈstæks/,/stˈæk/,There were stacks of books on the table.,There were stack of books on the table.,テーブルの上には本の積み重ねがあった。,テーブルの上には本の積み重ねがあった。,屈折IPAの原形化 / 例文の原形主語整合化
5826,stance,B2,B2,立場、姿勢,立場、姿勢,/ˈstæns/,/stˈæns/,The politician stated his stance on the issue.,The politician stated his stance on the issue.,その政治家は問題に対する彼の立場を述べた。,その政治家は問題に対する彼の立場を述べた。,屈折IPAの原形化
5829,withdraw,B2,B2,引き出す,引き出す,/wɪˈðdrɔz/,/wɪðdrˈɔː/,He withdraws money from his bank account every month.,I withdraw money from his bank account every month.,彼は毎月銀行口座からお金を引き出します。,私は毎月銀行口座からお金を引き出します。,屈折IPAの原形化 / 例文の原形主語整合化
5834,enhance,B2,B2,高める,高める,/ɛˈnhæns/,/enhˈæns/,The new software will enhance the speed of the system.,The new software will enhance the speed of the system.,新しいソフトウェアは、システムの速度を高めるでしょう。,新しいソフトウェアは、システムの速度を高めるでしょう。,屈折IPAの原形化
5835,likewise,B2,B2,同様に,同様に,/ˈlaɪˌkwaɪz/,/lˈaɪkwˌaɪz/,"He enjoys playing sports, and likewise, his sister does too.","He enjoys playing sports, and likewise, his sister does too.",彼はスポーツをするのが好きで、同様に彼の妹もそうである。,彼はスポーツをするのが好きで、同様に彼の妹もそうである。,屈折IPAの原形化
5839,shallow,B2,B2,浅瀬,浅瀬,/ˈʃæloʊs/,/ʃˈæloʊ/,The children played in the shallows.,The children played in the shallow.,子供たちは浅瀬で遊んだ。,子供たちは浅瀬で遊んだ。,屈折IPAの原形化 / 例文の原形主語整合化
5841,sponsor,B2,B2,スポンサー,スポンサー,/ˈspɑnsərz/,/spˈɑːnsɚ/,The event has many sponsors.,The event has many sponsor.,そのイベントには多くのスポンサーがついている。,そのイベントには多くのスポンサーがついている。,屈折IPAの原形化 / 例文の原形主語整合化
5842,strengthen,B2,B2,強化する,強化する,/ˈstrɛŋθənz/,/strˈeŋθən/,Exercise strengthens your muscles.,Exercise strengthen your muscles.,運動はあなたの筋肉を強化する。,運動はあなたの筋肉を強化する。,屈折IPAの原形化 / 例文の原形主語整合化
5844,workplace,B2,B2,職場,職場,/ˈwɜːrˌkpleɪs/,/wˈɜːrkplˌeɪs/,He has been working hard in the workplace.,He has been working hard in the workplace.,彼は職場で一生懸命働いている。,彼は職場で一生懸命働いている。,屈折IPAの原形化
5848,elect,B2,B2,選出する,選出する,/ɪˈlɛkts/,/ɪlˈekt/,The people elects the new president every four years.,The people elect the new president every four years.,人々は4年ごとに新しい大統領を選出する。,人々は4年ごとに新しい大統領を選出する。,屈折IPAの原形化 / 例文の原形主語整合化
5850,ladder,B2,B2,はしご,はしご,/ˈlædərz/,/lˈædɚ/,He climbed up the ladders to reach the roof.,He climbed up the ladder to reach the roof.,彼は屋根に届くために梯子を登った。,私は屋根に届くために梯子を登った。,屈折IPAの原形化 / 例文の原形主語整合化
5851,mineral,B2,B2,ミネラル,ミネラル,/ˈmɪnərəlz/,/mˈɪnɚəl/,Our bodies need various minerals to stay healthy.,Our bodies need various mineral to stay healthy.,私たちの体は健康を保つために様々なミネラルが必要です。,私たちの体は健康を保つために様々なミネラルが必要です。,屈折IPAの原形化 / 例文の原形主語整合化
5854,pill,B2,B2,錠剤,錠剤,/ˈpɪlz/,/pˈɪl/,The doctor prescribed some pills for the pain.,The doctor prescribed some pill for the pain.,医者は痛みのためにいくつかの錠剤を処方しました。,医者は痛みのためにいくつかの錠剤を処方しました。,屈折IPAの原形化 / 例文の原形主語整合化
5859,accommodate,B2,B2,収容する、適応させる,収容する、適応させる,/əˈkɑməˌdeɪts/,/əkˈɑːmədˌeɪt/,The hotel accommodates up to 200 guests.,The hotel accommodate up to 200 guests.,そのホテルは最大200人のゲストを収容できる。,そのホテルは最大200人のゲストを収容できる。,屈折IPAの原形化 / 例文の原形主語整合化
5864,convenience,B2,B2,便利さ,便利さ,/kəˈnviːnjənsɪz/,/kənvˈiːnjəns/,"The area has many conveniences, like grocery stores and cafes.","The area has many convenience, like grocery stores and cafes.",その地域には、食料品店やカフェなど、多くの便利さがある。,その地域には、食料品店やカフェなど、多くの便利さがある。,屈折IPAの原形化 / 例文の原形主語整合化
5870,mansion,B2,B2,大邸宅,大邸宅,/ˈmæntʃənz/,/mˈænʃən/,They live in a large mansion.,They live in a large mansion.,彼らは大きな大邸宅に住んでいる。,彼らは大きな大邸宅に住んでいる。,屈折IPAの原形化
5872,probability,B2,B2,確率,確率,/ˌprɑbəˈbɪlətiz/,/prˌɑːbəbˈɪlətiː/,The probabilities of rain are quite high today.,The probabilities of rain are quite high today.,今日の雨の確率はかなり高い。,今日の雨の確率はかなり高い。,屈折IPAの原形化
5873,rider,B2,B2,乗り手,乗り手,/ˈraɪdərz/,/rˈaɪdɚ/,The riders were all wearing helmets.,The rider were all wearing helmets.,乗り手たちは皆ヘルメットをかぶっていた。,乗り手たちは皆ヘルメットをかぶっていた。,屈折IPAの原形化 / 例文の原形主語整合化
5874,civilization,B2,B2,文明,文明,/ˌsɪvəlɪˈzeɪʃən/,/ˌsɪvəlɪˈzeɪʃən/,Ancient civilizations left behind many impressive artifacts.,Ancient civilization left behind many impressive artifacts.,古代文明は多くの印象的な遺物を残した。,古代文明は多くの印象的な遺物を残した。,例文の原形主語整合化
5876,disappointment,B2,B2,失望,失望,/dɪsəˈpɔɪntmənts/,/dˌɪsəpˈɔɪntmənt/,There were many disappointments during the project.,There were many disappointment during the project.,プロジェクトの間、多くの失望があった。,プロジェクトの間、多くの失望があった。,屈折IPAの原形化 / 例文の原形主語整合化
5877,disk,B2,B2,ディスク,ディスク,/ˈdɪsks/,/dˈɪsk/,He has a collection of old disks.,He has a collection of old disk.,彼は古いディスクのコレクションを持っている。,私は古いディスクのコレクションを持っている。,屈折IPAの原形化 / 例文の原形主語整合化
5881,orchestra,B2,B2,オーケストラ,オーケストラ,/ˈɔrkəstrəz/,/ˈɔːrkəstrə/,Several orchestras will perform at the festival.,Several orchestra will perform at the festival.,フェスティバルではいくつかのオーケストラが演奏します。,フェスティバルではいくつかのオーケストラが演奏します。,屈折IPAの原形化 / 例文の原形主語整合化
5884,sympathy,B2,B2,同情、共感,同情、共感,/ˈsɪmpəθiz/,/sˈɪmpəθiː/,We express our sympathies to the family.,We express our sympathies to the family.,私たちは家族に同情の意を表します。,私たちは家族に同情の意を表します。,屈折IPAの原形化
5897,lottery,B2,B2,宝くじ,宝くじ,/ˈlɑtəriz/,/lˈɑːtɚiː/,She likes to play the lotteries.,She likes to play the lotteries.,彼女は宝くじをするのが好きだ。,彼女は宝くじをするのが好きだ。,屈折IPAの原形化
5898,pause,B2,B2,一時停止,一時停止,/ˈpɔz/,/pˈɔːz/,Please pause the video here.,Please pause the video here.,ここでビデオを一時停止してください。,ここでビデオを一時停止してください。,屈折IPAの原形化
5907,dock,B2,B2,ドック,ドック,/ˈdɑks/,/dˈɑːk/,The ship was docked at the docks.,The ship was docked at the dock.,船はドックに停泊していました。,船はドックに停泊していました。,屈折IPAの原形化 / 例文の原形主語整合化
5908,entrepreneur,B2,B2,起業家,起業家,/ˌɑntrəprəˈnɜːrz/,/ˌɑːntrəprənˈɜːr/,The city is attracting many young entrepreneurs.,The city is attracting many young entrepreneur.,その都市は多くの若い起業家を惹きつけている。,その都市は多くの若い起業家を惹きつけている。,屈折IPAの原形化 / 例文の原形主語整合化
5914,negotiate,B2,B2,交渉する、協議する,交渉する、協議する,/nɪˈɡoʊʃiˌeɪts/,/nəɡˈoʊʃiːˌeɪt/,The company negotiates contracts with suppliers.,The company negotiate contracts with suppliers.,その会社はサプライヤーと契約を交渉する。,その会社はサプライヤーと契約を交渉する。,屈折IPAの原形化 / 例文の原形主語整合化
5915,propose,B2,B2,提案する,提案する,/prəˈpoʊz/,/prəpˈoʊz/,I would like to propose a new plan.,I would like to propose a new plan.,新しい計画を提案したい。,新しい計画を提案したい。,屈折IPAの原形化
5919,adapt,B2,B2,適応する,適応する,/əˈdæpts/,/ədˈæpt/,The organism adapts to its environment.,The organism adapt to its environment.,生物はその環境に適応する。,生物はその環境に適応する。,屈折IPAの原形化 / 例文の原形主語整合化
5922,expose,B2,B2,さらす,さらす,/ɪˈkspoʊz/,/ɪkspˈoʊz/,He was exposed to the sun for too long.,He was exposed to the sun for too long.,彼は太陽に長時間さらされました。,彼は太陽に長時間さらされました。,屈折IPAの原形化
5926,habitat,B2,B2,生息地,生息地,/ˈhæbəˌtæts/,/hˈæbətˌæt/,Protecting the habitats of endangered species is essential.,Protecting the habitat of endangered species is essential.,絶滅危惧種の生息地を保護することは不可欠である。,絶滅危惧種の生息地を保護することは不可欠である。,屈折IPAの原形化 / 例文の原形主語整合化
5928,jaw,B2,B2,あご,あご,/ˈdʒɔz/,/dʒˈɔː/,The shark has powerful jaws.,The shark has powerful jaw.,サメは強力なあごを持っています。,サメは強力なあごを持っています。,屈折IPAの原形化 / 例文の原形主語整合化
5929,manufacture,B2,B2,製造する,製造する,/ˌmænjəˈfæktʃərz/,/mˌænjəfˈæktʃɚ/,The company manufactures car parts.,The company manufacture car parts.,その会社は自動車部品を製造している。,その会社は自動車部品を製造している。,屈折IPAの原形化 / 例文の原形主語整合化
5933,satisfy,B2,B2,満足させる,満足させる,/ˈsætɪˌsfaɪz/,/sˈætəsfˌaɪ/,The meal satisfies my hunger.,The meal satisfies my hunger.,その食事は私の空腹を満たす。,その食事は私の空腹を満たす。,屈折IPAの原形化
5937,certification,B2,B2,資格,資格,/ˌsɜːrtəfəˈkeɪʃənz/,/sˌɜːrtəfəkˈeɪʃən/,He earned several certifications in his field.,He earned several certification in his field.,彼はその分野でいくつかの資格を取得しました。,私はその分野でいくつかの資格を取得しました。,屈折IPAの原形化 / 例文の原形主語整合化
5938,characteristic,B2,B2,特性,特性,/ˌkɛrəktərˈɪstɪks/,/kˌerəktɚˈɪstɪk/,The cat has several unique characteristics.,The cat has several unique characteristic.,その猫はいくつかの独特な特性を持っている。,その猫はいくつかの独特な特性を持っている。,屈折IPAの原形化 / 例文の原形主語整合化
5947,licence,B2,B2,免許,免許,/ˈlaɪsəns/,/lˈaɪsəns/,He obtained a driving licence last year.,He obtained a driving licence last year.,彼は昨年、運転免許を取得した。,彼は昨年、運転免許を取得した。,屈折IPAの原形化
5950,resign,B2,B2,辞任する,辞任する,/rɪˈzaɪnz/,/rɪzˈaɪn/,The director of the company resigns due to a disagreement on the project.,The director of the company resign due to a disagreement on the project.,その会社の取締役は、プロジェクトに関する意見の相違のために辞任します。,その会社の取締役は、プロジェクトに関する意見の相違のために辞任します。,屈折IPAの原形化 / 例文の原形主語整合化
5953,sweep,B2,B2,掃除する,掃除する,/ˈswiːps/,/swˈiːp/,She sweeps the floor every day.,I sweep the floor every day.,彼女は毎日床を掃く。,私は毎日床を掃く。,屈折IPAの原形化 / 例文の原形主語整合化
5954,therapist,B2,B2,セラピスト,セラピスト,/ˈθɛrəpɪsts/,/θˈerəpəst/,The therapists helped patients cope with their stress.,The therapist helped patients cope with their stress.,セラピストは患者がストレスに対処するのを助けた。,セラピストは患者がストレスに対処するのを助けた。,屈折IPAの原形化 / 例文の原形主語整合化
5958,coincidence,B2,B2,偶然の一致,偶然の一致,/koʊˈɪnsədənsɪz/,/koʊˈɪnsɪdəns/,It's amazing how many coincidences there are.,It's amazing how many coincidence there are.,偶然の一致が非常に多いのは驚くべきことです。,偶然の一致が非常に多いのは驚くべきことです。,屈折IPAの原形化 / 例文の原形主語整合化
5960,investor,B2,B2,投資家,投資家,/ɪˈnvɛstərz/,/ɪnvˈestɚ/,The company attracted many investors.,The company attracted many investor.,その会社は多くの投資家を引き付けた。,その会社は多くの投資家を引き付けた。,屈折IPAの原形化 / 例文の原形主語整合化
5965,puzzle,B2,B2,パズル,パズル,/ˈpʌzəlz/,/pˈʌzəl/,I enjoy solving puzzles in my free time.,I enjoy solving puzzle in my free time.,暇な時間にパズルを解くのが好きです。,暇な時間にパズルを解くのが好きです。,屈折IPAの原形化 / 例文の原形主語整合化
5966,scholar,B2,B2,学者,学者,/ˈskɑlərz/,/skˈɑːlɚ/,The scholars debated the historical texts.,The scholar debated the historical texts.,学者たちは歴史的文献について議論した。,学者たちは歴史的文献について議論した。,屈折IPAの原形化 / 例文の原形主語整合化
5975,ballet,B2,B2,バレエ,バレエ,/bæˈleɪz/,/bælˈeɪ/,She enjoys watching ballets.,She enjoys watching ballet.,彼女はバレエを見るのが好きだ。,私はバレエを見るのが好きだ。,屈折IPAの原形化 / 例文の原形主語整合化
5976,bargain,B2,B2,掘り出し物,掘り出し物,/ˈbɑrɡənz/,/bˈɑːrɡən/,She loves finding bargains at the flea market.,She loves finding bargain at the flea market.,彼女はフリーマーケットで掘り出し物を見つけるのが好きだ。,私はフリーマーケットで掘り出し物を見つけるのが好きだ。,屈折IPAの原形化 / 例文の原形主語整合化
5983,messenger,B2,B2,使者,使者,/ˈmɛsəndʒərz/,/mˈesəndʒɚ/,The messengers arrived with a message.,The messenger arrived with a message.,使者たちがメッセージを持って到着した。,使者たちがメッセージを持って到着した。,屈折IPAの原形化 / 例文の原形主語整合化
5989,fare,B2,B2,運賃,運賃,/ˈfɛrz/,/fˈer/,The train fares have increased recently.,The train fare have increased recently.,電車の運賃は最近値上がりした。,電車の運賃は最近値上がりした。,屈折IPAの原形化 / 例文の原形主語整合化
5990,float,B2,B2,浮く,浮く,/ˈfloʊts/,/flˈoʊt/,The boat floats on the water.,The boat float on the water.,ボートは水に浮きます。,ボートは水に浮きます。,屈折IPAの原形化 / 例文の原形主語整合化
5994,oppose,B2,B2,反対する,反対する,/əˈpoʊzɪz/,/əpˈoʊz/,He strongly opposes the new tax policy.,He strongly oppose the new tax policy.,彼は新しい税制に強く反対している。,私は新しい税制に強く反対している。,屈折IPAの原形化 / 例文の原形主語整合化
5998,spice,B2,B2,香辛料,香辛料,/ˈspaɪs/,/spˈaɪs/,She added some spice to the curry.,She added some spice to the curry.,彼女はカレーに香辛料を足した。,彼女はカレーに香辛料を足した。,屈折IPAの原形化
6001,workforce,B2,B2,労働力,労働力,/ˈwɜːrˌkfɔrsz/,/wˈɜːrkfˌɔːrs/,The company has a large workforce.,The company has a large workforce.,その会社は大規模な労働力を抱えている。,その会社は大規模な労働力を抱えている。,屈折IPAの原形化
6002,arise,B2,B2,生じる、発生する,生じる、発生する,/ərˈaɪz/,/ɚˈaɪz/,Problems can arise unexpectedly.,Problems can arise unexpectedly.,問題は予期せず発生することがある。,問題は予期せず発生することがある。,屈折IPAの原形化
6003,conjunction,B2,B2,接続詞,接続詞,/kəˈndʒʌŋkʃənz/,/kəndʒˈʌŋkʃən/,"'And,' 'but,' and 'or' are common conjunctions.","'And,' 'but,' and 'or' are common conjunction.",「そして」、「しかし」、「または」は一般的な接続詞です。,「そして」、「しかし」、「または」は一般的な接続詞です。,屈折IPAの原形化 / 例文の原形主語整合化
6005,merchandise,B2,B2,商品,商品,/ˈmɜːrtʃəˌndaɪz/,/mˈɜːrtʃəndˌaɪz/,The store sells a variety of merchandise.,The store sells a variety of merchandise.,その店は様々な商品を販売している。,その店は様々な商品を販売している。,屈折IPAの原形化
6006,norm,B2,B2,規範、基準,規範、基準,/ˈnɔrmz/,/nˈɔːrm/,We need to establish social norms of behavior.,We need to establish social norm of behavior.,私たちは行動の社会規範を確立する必要がある。,私たちは行動の社会規範を確立する必要がある。,屈折IPAの原形化 / 例文の原形主語整合化
6009,triangle,B2,B2,三角形,三角形,/ˈtraɪˌæŋɡəlz/,/trˈaɪˌæŋɡəl/,The quilt is made of many triangles.,The quilt is made of many triangle.,そのキルトはたくさんの三角形でできている。,そのキルトはたくさんの三角形でできている。,屈折IPAの原形化 / 例文の原形主語整合化
6012,illustration,B2,B2,挿絵,挿絵,/ˌɪləˈstreɪʃənz/,/ˌɪləstrˈeɪʃən/,The book is filled with illustrations.,The book is filled with illustration.,その本は挿絵でいっぱいだ。,その本は挿絵でいっぱいだ。,屈折IPAの原形化 / 例文の原形主語整合化
6013,impose,B2,B2,課す,課す,/ɪˈmpoʊz/,/ɪmpˈoʊz/,The government will impose new taxes.,The government will impose new taxes.,政府は新しい税金を課すだろう。,政府は新しい税金を課すだろう。,屈折IPAの原形化
6015,outline,B2,B2,輪郭,輪郭,/ˈaʊˌtlaɪnz/,/ˈaʊtlˌaɪn/,The outlines of the mountains were visible in the distance.,The outline of the mountains were visible in the distance.,遠くに山の輪郭が見えた。,遠くに山の輪郭が見えた。,屈折IPAの原形化 / 例文の原形主語整合化
6016,showcase,B2,B2,展示する,展示する,/ˈʃoʊˌkeɪsɪz/,/ʃˈoʊkˌeɪs/,The museum showcases local artists' work.,The museum showcase local artists' work.,その美術館は地元のアーティストの作品を展示している。,その美術館は地元のアーティストの作品を展示している。,屈折IPAの原形化 / 例文の原形主語整合化
6017,collector,B2,B2,収集家,収集家,/kəˈlɛktərz/,/kəlˈektɚ/,Antique car collectors are meeting this weekend.,Antique car collector are meeting this weekend.,アンティークカーの収集家たちが今週末に集まる。,アンティークカーの収集家たちが今週末に集まる。,屈折IPAの原形化 / 例文の原形主語整合化
6022,necessity,B2,B2,必需品,必需品,/nəˈsɛsɪtiz/,/nəsˈesətiː/,"The basic necessities of life include food, water, and shelter.","The basic necessities of life include food, water, and shelter.",生活の基本的な必需品には、食料、水、そして住居が含まれます。,生活の基本的な必需品には、食料、水、そして住居が含まれます。,屈折IPAの原形化
6026,shortage,B2,B2,不足,不足,/ˈʃɔrtədʒəz/,/ʃˈɔːrtədʒ/,There were shortages of food during the war.,There were shortage of food during the war.,戦争中は食糧不足があった。,戦争中は食糧不足があった。,屈折IPAの原形化 / 例文の原形主語整合化
6029,balloon,B2,B2,風船,風船,/bəˈluːnz/,/bəlˈuːn/,They are playing with balloons.,They are playing with balloon.,彼らは風船で遊んでいます。,彼らは風船で遊んでいます。,屈折IPAの原形化 / 例文の原形主語整合化
6031,gesture,B2,B2,身振り,身振り,/ˈdʒɛstʃərz/,/dʒˈestʃɚ/,He used hand gestures to communicate with them.,He used hand gesture to communicate with them.,彼は彼らとコミュニケーションをとるために手ぶりを使った。,私は彼らとコミュニケーションをとるために手ぶりを使った。,屈折IPAの原形化 / 例文の原形主語整合化
6032,historian,B2,B2,歴史家,歴史家,/hɪˈstɔriənz/,/hɪstˈɔːriːən/,Historians research and write about the past.,historian research and write about the past.,歴史家は過去を調査し、それについて執筆する。,歴史家は過去を調査し、それについて執筆する。,屈折IPAの原形化 / 例文の原形主語整合化
6035,monument,B2,B2,記念碑,記念碑,/ˈmɑnjəmənts/,/mˈɑːnjuːmənt/,There are many historical monuments in the city.,There are many historical monument in the city.,市内には多くの歴史的な記念碑がある。,市内には多くの歴史的な記念碑がある。,屈折IPAの原形化 / 例文の原形主語整合化
6036,particle,B2,B2,粒子,粒子,/ˈpɑrtəkəlz/,/pˈɑːrtəkəl/,Tiny particles of dust filled the air.,Tiny particle of dust filled the air.,微細な塵の粒子が空気を満たしていた。,微細な塵の粒子が空気を満たしていた。,屈折IPAの原形化 / 例文の原形主語整合化
6046,mosque,B2,B2,モスク,モスク,/ˈmɑsks/,/mˈɑːsk/,Many Muslims gather in mosques.,Many Muslims gather in mosque.,多くのイスラム教徒がモスクに集まる。,多くのイスラム教徒がモスクに集まる。,屈折IPAの原形化 / 例文の原形主語整合化
6047,plague,B2,B2,疫病,疫病,/ˈpleɪɡz/,/plˈeɪɡ/,The plague spread quickly.,The plague spread quickly.,疫病は急速に広がった。,疫病は急速に広がった。,屈折IPAの原形化
6048,recruit,B2,B2,新兵,新兵,/rəˈkruːts/,/rəkrˈuːt/,They are training new recruits.,They are training new recruit.,彼らは新兵を訓練している。,彼らは新兵を訓練している。,屈折IPAの原形化 / 例文の原形主語整合化
6050,specialty,B2,B2,専門,専門,/ˈspɛʃəltiz/,/spˈeʃəltiː/,The restaurant is known for its seafood specialties.,The restaurant is known for its seafood specialties.,そのレストランはシーフードの専門で知られています。,そのレストランはシーフードの専門で知られています。,屈折IPAの原形化
6052,tomb,B2,B2,墓,墓,/ˈtuːmz/,/tˈuːm/,The tombs were very old.,The tomb were very old.,その墓はとても古かった。,その墓はとても古かった。,屈折IPAの原形化 / 例文の原形主語整合化
6053,attachment,B2,B2,付属品,付属品,/əˈtætʃmənts/,/ətˈætʃmənt/,The vacuum cleaner has several attachments.,The vacuum cleaner has several attachment.,掃除機にはいくつかの付属品がある。,掃除機にはいくつかの付属品がある。,屈折IPAの原形化 / 例文の原形主語整合化
6055,candle,B2,B2,ろうそく,ろうそく,/ˈkændəlz/,/kˈændəl/,We lit candles for the birthday cake.,We lit candle for the birthday cake.,誕生日ケーキのためにろうそくに火をつけた。,誕生日ケーキのためにろうそくに火をつけた。,屈折IPAの原形化 / 例文の原形主語整合化
6060,intersection,B2,B2,交差点,交差点,/ˌɪntərˈsɛkʃənz/,/ˌɪntɚsˈekʃən/,Be careful when driving through intersections.,Be careful when driving through intersection.,交差点を運転する際は注意してください。,交差点を運転する際は注意してください。,屈折IPAの原形化 / 例文の原形主語整合化
6065,terrace,B2,B2,テラス,テラス,/ˈtɛrəs/,/tˈerəs/,They had a dinner on the terrace.,They had a dinner on the terrace.,彼らはテラスで夕食をとった。,彼らはテラスで夕食をとった。,屈折IPAの原形化
6067,bully,B2,B2,いじめっ子,いじめっ子,/ˈbʊliz/,/bˈʊliː/,The bullies tormented the younger kids.,The bullies tormented the younger kids.,いじめっ子たちは年下の子供たちを苦しめた。,いじめっ子たちは年下の子供たちを苦しめた。,屈折IPAの原形化
6069,consult,B2,B2,相談する,相談する,/kəˈnsʌlts/,/kənsˈʌlt/,She consults a doctor for her health concerns.,I consult a doctor for her health concerns.,彼女は健康上の懸念について医師に相談します。,私は健康上の懸念について医師に相談します。,屈折IPAの原形化 / 例文の原形主語整合化
6071,dominate,B2,B2,支配する,支配する,/ˈdɑməˌneɪts/,/dˈɑːmənˌeɪt/,The skyscraper dominates the city skyline.,The skyscraper dominate the city skyline.,その超高層ビルは街のスカイラインを支配している。,その超高層ビルは街のスカイラインを支配している。,屈折IPAの原形化 / 例文の原形主語整合化
6072,economist,B2,B2,経済学者,経済学者,/ɪˈkɑnəmɪsts/,/ɪkˈɑːnəmɪst/,Economists analyze the economic system.,economist analyze the economic system.,経済学者は経済システムを分析します。,経済学者は経済システムを分析します。,屈折IPAの原形化 / 例文の原形主語整合化
6075,marker,B2,B2,目印、標識,目印、標識,/ˈmɑrkərz/,/mˈɑːrkɚ/,The markers indicated the trail.,The marker indicated the trail.,標識が道を示していた。,標識が道を示していた。,屈折IPAの原形化 / 例文の原形主語整合化
6085,zip,B2,B2,ジッパー,ジッパー,/ˈzɪps/,/zˈɪp/,The zips on his jacket were broken.,The zip on his jacket were broken.,彼のジャケットのジッパーが壊れていた。,彼のジャケットのジッパーが壊れていた。,屈折IPAの原形化 / 例文の原形主語整合化
6089,coral,B2,B2,サンゴ,サンゴ,/ˈkɔrəlz/,/kˈɔːrəl/,Corals are important for marine ecosystems.,coral are important for marine ecosystems.,サンゴは海洋生態系にとって重要である。,サンゴは海洋生態系にとって重要である。,屈折IPAの原形化 / 例文の原形主語整合化
6095,prompt,B2,B2,促す,促す,/ˈprɑmpts/,/prˈɑːmpt/,The teacher prompts the students to think critically.,The teacher prompt the students to think critically.,先生は生徒たちに批判的に考えるように促す。,先生は生徒たちに批判的に考えるように促す。,屈折IPAの原形化 / 例文の原形主語整合化
6096,referee,B2,B2,審判,審判,/ˌrɛfərˈiːz/,/rˌefɚˈiː/,The referees made a fair call in the game.,The referee made a fair call in the game.,審判は試合で公正な判定を下しました。,審判は試合で公正な判定を下しました。,屈折IPAの原形化 / 例文の原形主語整合化
6097,relay,B2,B2,リレー,リレー,/ˈriːˌleɪz/,/rˈiːlˌeɪ/,The team won the relay race.,The team won the relay race.,そのチームはリレー競走で優勝した。,そのチームはリレー競走で優勝した。,屈折IPAの原形化
6098,clarify,B2,B2,明確にする,明確にする,/ˈklɛrəˌfaɪz/,/klˈerəfˌaɪ/,The explanation clarifies the situation.,The explanation clarifies the situation.,その説明は状況を明確にする。,その説明は状況を明確にする。,屈折IPAの原形化
6101,explorer,B2,B2,探検家,探検家,/ɪˈksplɔrərz/,/ɪksplˈɔːrɚ/,The explorers discovered new lands.,The explorer discovered new lands.,探検家たちは新しい土地を発見した。,探検家たちは新しい土地を発見した。,屈折IPAの原形化 / 例文の原形主語整合化
6110,tub,B2,B2,風呂桶,風呂桶,/ˈtʌbz/,/tˈʌb/,They have a few tubs in their bathroom.,They have a few tub in their bathroom.,彼らのバスルームにはいくつかの風呂桶がある。,彼らのバスルームにはいくつかの風呂桶がある。,屈折IPAの原形化 / 例文の原形主語整合化
6111,utter,B2,B2,発する,発する,/ˈʌtərz/,/ˈʌtɚ/,He rarely utters a word in public.,He rarely utter a word in public.,彼は公の場でめったに言葉を発しない。,私は公の場でめったに言葉を発しない。,屈折IPAの原形化 / 例文の原形主語整合化
6112,bracket,B2,B2,括弧,括弧,/ˈbrækəts/,/brˈækɪt/,The text within the brackets is optional.,The text within the bracket is optional.,括弧内のテキストはオプションです。,括弧内のテキストはオプションです。,屈折IPAの原形化 / 例文の原形主語整合化
6120,spill,B2,B2,こぼれる,こぼれる,/ˈspɪlz/,/spˈɪl/,Be careful not to cause spills on the table.,Be careful not to cause spill on the table.,テーブルにこぼさないように気を付けて。,テーブルにこぼさないように気を付けて。,屈折IPAの原形化 / 例文の原形主語整合化
6122,supplier,B2,B2,供給業者,供給業者,/səˈplaɪərz/,/səplˈaɪɚ/,We are looking for reliable suppliers.,We are looking for reliable supplier.,私たちは信頼できる供給業者を探している。,私たちは信頼できる供給業者を探している。,屈折IPAの原形化 / 例文の原形主語整合化
6123,swan,B2,B2,白鳥,白鳥,/ˈswɑnz/,/swˈɑːn/,The swans were swimming on the lake.,The swan were swimming on the lake.,白鳥が湖で泳いでいました。,白鳥が湖で泳いでいました。,屈折IPAの原形化 / 例文の原形主語整合化
6124,cone,B2,B2,コーン,コーン,/ˈkoʊnz/,/kˈoʊn/,They sold ice cream cones at the beach.,They sold ice cream cone at the beach.,彼らはビーチでアイスクリームコーンを売っていた。,彼らはビーチでアイスクリームコーンを売っていた。,屈折IPAの原形化 / 例文の原形主語整合化
6125,convey,B2,B2,伝える,伝える,/kəˈnveɪ/,/kəˈnveɪ/,The painting conveys a sense of sadness.,The painting convey a sense of sadness.,その絵は悲しみを伝えている。,その絵は悲しみを伝えている。,例文の原形主語整合化
6127,decay,B2,B2,腐敗する,腐敗する,/dəˈkeɪz/,/dəkˈeɪ/,The fruit decays quickly if not refrigerated.,The fruit decay quickly if not refrigerated.,果物は冷蔵しないとすぐに腐敗します。,果物は冷蔵しないとすぐに腐敗します。,屈折IPAの原形化 / 例文の原形主語整合化
6129,exploit,B2,B2,功績,功績,/ˈɛˌksplɔɪts/,/ˈeksplˌɔɪt/,His exploits were well-known.,His exploit were well-known.,彼の功績はよく知られていた。,彼の功績はよく知られていた。,屈折IPAの原形化 / 例文の原形主語整合化
6130,gateway,B2,B2,ゲートウェイ,ゲートウェイ,/ˈɡeɪˌtweɪz/,/ɡˈeɪtwˌeɪ/,These cities are the gateways to the region.,These cities are the gateway to the region.,これらの都市はこの地域へのゲートウェイです。,これらの都市はこの地域へのゲートウェイです。,屈折IPAの原形化 / 例文の原形主語整合化
6132,imply,B2,B2,意味する,意味する,/ɪˈmplaɪz/,/ɪmplˈaɪ/,Her silence implies that she agrees.,Her silence implies that she agrees.,彼女の沈黙は彼女が同意していることを意味する。,彼女の沈黙は彼女が同意していることを意味する。,屈折IPAの原形化
6136,ramp,B2,B2,スロープ,スロープ,/ˈræmps/,/rˈæmp/,The ramps are for wheelchairs.,The ramp are for wheelchairs.,スロープは車椅子用です。,スロープは車椅子用です。,屈折IPAの原形化 / 例文の原形主語整合化
6137,sage,B2,B2,賢人,賢人,/ˈseɪdʒɪz/,/sˈeɪdʒ/,The sages debated the meaning of life.,The sage debated the meaning of life.,賢人たちは人生の意味について議論した。,賢人たちは人生の意味について議論した。,屈折IPAの原形化 / 例文の原形主語整合化
6142,certainty,B2,B2,確実性、確かなこと,確実性、確かなこと,/ˈsɜːrtəntiz/,/sˈɜːrtəntiː/,Life has few certainties.,Life has few certainties.,人生には確かなことがほとんどない。,人生には確かなことがほとんどない。,屈折IPAの原形化
6146,decoration,B2,B2,装飾,装飾,/ˌdɛkərˈeɪʃən/,/ˌdɛkərˈeɪʃən/,The decorations for the party are lovely.,The decoration for the party are lovely.,パーティーの装飾は素敵だ。,パーティーの装飾は素敵だ。,例文の原形主語整合化
6151,scent,B2,B2,香り,香り,/ˈsɛnts/,/sˈent/,The garden was full of sweet scents.,The garden was full of sweet scent.,庭は甘い香りでいっぱいだった。,庭は甘い香りでいっぱいだった。,屈折IPAの原形化 / 例文の原形主語整合化
6154,absorb,B2,B2,吸収する,吸収する,/əˈbzɔrbz/,/əbzˈɔːrb/,The sponge absorbs water quickly.,The sponge absorb water quickly.,スポンジは水を素早く吸収する。,スポンジは水を素早く吸収する。,屈折IPAの原形化 / 例文の原形主語整合化
6156,advancement,B2,B2,進歩,進歩,/əˈdvænsmənts/,/ədvˈænsmənt/,Advancements in technology are changing our lives.,advancement in technology are changing our lives.,テクノロジーの進歩は私たちの生活を変えています。,テクノロジーの進歩は私たちの生活を変えています。,屈折IPAの原形化 / 例文の原形主語整合化
6159,doom,B2,B2,破滅させる,破滅させる,/ˈduːmz/,/dˈuːm/,His bad decisions dooms the company to failure.,His bad decisions doom the company to failure.,彼の悪い決断は会社を破滅に導く。,彼の悪い決断は会社を破滅に導く。,屈折IPAの原形化 / 例文の原形主語整合化
6164,masterpiece,B2,B2,傑作,傑作,/ˈmæstərˌpiːsəz/,/mˈæstɚpˌiːs/,The museum is home to several masterpieces of art.,The museum is home to several masterpiece of art.,その美術館にはいくつかの美術の傑作がある。,その美術館にはいくつかの美術の傑作がある。,屈折IPAの原形化 / 例文の原形主語整合化
6165,narrator,B2,B2,ナレーター,ナレーター,/ˈnɛˌreɪtərz/,/nˈereɪtɚ/,The documentary has multiple narrators.,The documentary has multiple narrator.,そのドキュメンタリーには複数のナレーターがいる。,そのドキュメンタリーには複数のナレーターがいる。,屈折IPAの原形化 / 例文の原形主語整合化
6167,partisan,B2,B2,党派,党派,/ˈpɑrtəzənz/,/pˈɑːrtəzən/,The partisans supported their leader blindly.,The partisan supported their leader blindly.,党派は盲目的に彼らの指導者を支持した。,党派は盲目的に彼らの指導者を支持した。,屈折IPAの原形化 / 例文の原形主語整合化
6168,pupil,B2,B2,瞳、生徒,瞳、生徒,/ˈpjuːpəlz/,/pjˈuːpəl/,The pupil of his eye dilated in the dark.,The pupil of his eye dilated in the dark.,暗闇で彼の瞳孔が広がった。,暗闇で彼の瞳孔が広がった。,屈折IPAの原形化
6170,roommate,B2,B2,ルームメイト,ルームメイト,/ˈruːˌmeɪts/,/rˈuːmˌeɪt/,I share an apartment with two roommates.,I share an apartment with two roommate.,私は2人のルームメイトとアパートを共有している。,私は2人のルームメイトとアパートを共有している。,屈折IPAの原形化 / 例文の原形主語整合化
6172,suburb,B2,B2,郊外,郊外,/ˈsʌbərbz/,/sˈʌbɚb/,They live in the suburbs of the city.,They live in the suburb of the city.,彼らは都市の郊外に住んでいる。,彼らは都市の郊外に住んでいる。,屈折IPAの原形化 / 例文の原形主語整合化
6175,altar,B2,B2,祭壇,祭壇,/ˈɔltərz/,/ˈɔːltɚ/,They placed flowers on the altars.,They placed flowers on the altar.,彼らは祭壇に花を置いた。,彼らは祭壇に花を置いた。,屈折IPAの原形化 / 例文の原形主語整合化
6179,evolve,B2,B2,進化する,進化する,/ɪˈvɑlvz/,/ɪvˈɑːlv/,The company evolves its products to meet market demands.,The company evolve its products to meet market demands.,その会社は市場の需要を満たすために製品を進化させています。,その会社は市場の需要を満たすために製品を進化させています。,屈折IPAの原形化 / 例文の原形主語整合化
6182,microwave,B2,B2,電子レンジ,電子レンジ,/ˈmaɪkroʊˌweɪvz/,/mˈaɪkrəwˌeɪv/,The leftovers were reheated in the microwaves.,The leftovers were reheated in the microwave.,残り物は電子レンジで温め直された。,残り物は電子レンジで温め直された。,屈折IPAの原形化 / 例文の原形主語整合化
6183,ounce,B2,B2,オンス,オンス,/ˈaʊns/,/ˈaʊns/,This bottle contains 10 ounces of liquid.,This bottle contains 10 ounce of liquid.,このボトルには10オンスの液体が入っている。,このボトルには10オンスの液体が入っている。,例文の原形主語整合化
6185,psychologist,B2,B2,心理学者,心理学者,/saɪˈkɑlədʒəsts/,/saɪkˈɑːlədʒəst/,Psychologists study human behavior.,psychologist study human behavior.,心理学者は人間の行動を研究する。,心理学者は人間の行動を研究する。,屈折IPAの原形化 / 例文の原形主語整合化
6206,fascist,B2,B2,ファシスト,ファシスト,/ˈfæʃəsts/,/fˈæʃəst/,The country was ruled by fascists during the war.,The country was ruled by fascist during the war.,その国は戦時中にファシストによって統治されていた。,その国は戦時中にファシストによって統治されていた。,屈折IPAの原形化 / 例文の原形主語整合化
6229,receptor,B2,B2,受容体,受容体,/rəˈsɛptərz/,/riːsˈeptɚ/,Hormones bind to specific receptors on cell surfaces.,Hormones bind to specific receptor on cell surfaces.,ホルモンは細胞表面の特定の受容体に結合する。,ホルモンは細胞表面の特定の受容体に結合する。,屈折IPAの原形化 / 例文の原形主語整合化
6243,trillion,B2,B2,兆,兆,/ˈtrɪljən/,/ˈtrɪljən/,The national debt is in the trillions.,The national debt is in the trillion.,国の債務は兆単位である。,国の債務は兆単位である。,例文の原形主語整合化
6263,greenhouse,B2,B2,温室,温室,/ˈɡriːˌnhaʊs/,/ɡrˈiːnhˌaʊs/,He grew tomatoes in his greenhouse.,He grew tomatoes in his greenhouse.,彼は温室でトマトを育てた。,彼は温室でトマトを育てた。,屈折IPAの原形化
6264,invalid,B2,B2,病人、体の不自由な人,病人、体の不自由な人,/ˈɪnvələdz/,/ˈɪnvələd/,The hospital had special facilities for invalids.,The hospital had special facilities for invalid.,その病院には体の不自由な人のための特別な設備があった。,その病院には体の不自由な人のための特別な設備があった。,屈折IPAの原形化 / 例文の原形主語整合化
6273,negotiation,B2,B2,交渉,交渉,/nəˌɡoʊʃiˈeɪʃənz/,/nɪɡˌoʊʃiːˈeɪʃən/,The trade negotiations are ongoing.,The trade negotiation are ongoing.,貿易交渉は継続中です。,貿易交渉は継続中です。,屈折IPAの原形化 / 例文の原形主語整合化
6280,penguin,B2,B2,ペンギン,ペンギン,/ˈpɛŋɡwən/,/ˈpɛŋɡwən/,Penguins live in cold areas.,penguin live in cold areas.,ペンギンは寒い地域に住んでいます。,ペンギンは寒い地域に住んでいます。,例文の原形主語整合化
6301,audition,B2,B2,オーディション,オーディション,/ˌɔˈdɪʃənz/,/ɑːdˈɪʃən/,The auditions for the play were this week.,The audition for the play were this week.,その演劇のオーディションは今週だった。,その演劇のオーディションは今週だった。,屈折IPAの原形化 / 例文の原形主語整合化
6310,conquest,B2,B2,征服,征服,/ˈkɑˌnkwɛsts/,/kˈɑːŋkwest/,The general led his army to many conquests.,The general led his army to many conquest.,将軍は彼の軍隊を多くの征服に導いた。,将軍は彼の軍隊を多くの征服に導いた。,屈折IPAの原形化 / 例文の原形主語整合化
6314,digit,B2,B2,数字,数字,/ˈdɪdʒəts/,/dˈɪdʒət/,The phone number has ten digits.,The phone number has ten digit.,電話番号は10桁だ。,電話番号は10桁だ。,屈折IPAの原形化 / 例文の原形主語整合化
6328,herb,B2,B2,ハーブ,ハーブ,/ˈɜːrb/,/ˈɜːrb/,She grows herbs in her garden.,She grows herb in her garden.,彼女は庭でハーブを育てている。,私は庭でハーブを育てている。,例文の原形主語整合化
6331,kidnapping,B2,B2,誘拐,誘拐,/ˈkɪˌdnæpɪŋz/,/kˈɪdnˌæpɪŋ/,The police are investigating several kidnappings in the area.,The police are investigating several kidnapping in the area.,警察は地域で発生しているいくつかの誘拐事件を捜査しています。,警察は地域で発生しているいくつかの誘拐事件を捜査しています。,屈折IPAの原形化 / 例文の原形主語整合化
6343,presenter,B2,B2,司会者,司会者,/ˈprɛzəntərz/,/prˈezəntɚ/,The presenters announced the award winners.,The presenter announced the award winners.,司会者たちは賞の受賞者を発表した。,司会者たちは賞の受賞者を発表した。,屈折IPAの原形化 / 例文の原形主語整合化
6346,registry,B2,B2,登録簿,登録簿,/ˈrɛdʒɪstriz/,/rˈedʒɪstriː/,The registries contain important information.,The registries contain important information.,登録簿には重要な情報が含まれている。,登録簿には重要な情報が含まれている。,屈折IPAの原形化
6354,seminar,B2,B2,セミナー,セミナー,/ˈsɛməˌnɑrz/,/sˈemənˌɑːr/,The university offers several seminars on various topics.,The university offers several seminar on various topics.,大学は様々なトピックに関するいくつかのセミナーを提供している。,大学は様々なトピックに関するいくつかのセミナーを提供している。,屈折IPAの原形化 / 例文の原形主語整合化
6356,stereo,B2,B2,ステレオ,ステレオ,/ˈstɛriˌoʊz/,/stˈeriːˌoʊ/,He has a good music system with great stereos.,He has a good music system with great stereo.,彼は素晴らしいステレオを備えた優れた音楽システムを持っている。,私は素晴らしいステレオを備えた優れた音楽システムを持っている。,屈折IPAの原形化 / 例文の原形主語整合化
6358,textbook,B2,B2,教科書,教科書,/ˈtɛˌkstbʊks/,/tˈekstbˌʊk/,Students need to buy their textbooks before school starts.,Students need to buy their textbook before school starts.,生徒は学校が始まる前に教科書を買う必要があります。,生徒は学校が始まる前に教科書を買う必要があります。,屈折IPAの原形化 / 例文の原形主語整合化
6373,billionaire,B2,B2,億万長者,億万長者,/ˌbɪljəˈnɛrz/,/bˌɪljənˈer/,Many billionaires are involved in philanthropic activities.,Many billionaire are involved in philanthropic activities.,多くの億万長者が慈善活動に関与している。,多くの億万長者が慈善活動に関与している。,屈折IPAの原形化 / 例文の原形主語整合化
6378,catalyst,B2,B2,触媒,触媒,/ˈkætələsts/,/kˈætələst/,Enzymes act as biological catalysts.,Enzymes act as biological catalyst.,酵素は生物学的触媒として機能する。,酵素は生物学的触媒として機能する。,屈折IPAの原形化 / 例文の原形主語整合化
6379,cedar,B2,B2,杉の木,杉の木,/ˈsiːdərz/,/sˈiːdɚ/,The mountains were covered in cedars.,The mountains were covered in cedar.,山々は杉の木で覆われていた。,山々は杉の木で覆われていた。,屈折IPAの原形化 / 例文の原形主語整合化
6384,designation,B2,B2,指定,指定,/ˌdɛzəˈɡneɪʃənz/,/dˌezəɡnˈeɪʃən/,The designations of the posts were clear.,The designation of the posts were clear.,ポストの指定は明確だった。,ポストの指定は明確だった。,屈折IPAの原形化 / 例文の原形主語整合化
6385,dice,B2,B2,サイコロ,サイコロ,/ˈdaɪs/,/dˈaɪs/,We need a pair of dice to play this game.,We need a pair of dice to play this game.,このゲームをするには一組のサイコロが必要です。,このゲームをするには一組のサイコロが必要です。,屈折IPAの原形化
6386,diploma,B2,B2,卒業証書,卒業証書,/dɪˈploʊməz/,/dɪplˈoʊmə/,They received their diplomas at the graduation ceremony.,They received their diploma at the graduation ceremony.,彼らは卒業式で卒業証書を受け取った。,彼らは卒業式で卒業証書を受け取った。,屈折IPAの原形化 / 例文の原形主語整合化
6394,gram,B2,B2,グラム,グラム,/ˈɡræm/,/ˈɡræm/,We need 200 grams of flour for the recipe.,We need 200 gram of flour for the recipe.,レシピには200グラムの小麦粉が必要です。,レシピには200グラムの小麦粉が必要です。,例文の原形主語整合化
6405,payroll,B2,B2,給与台帳,給与台帳,/ˈpeɪˌroʊlz/,/pˈeɪrˌoʊl/,The company has thousands of employees on its payrolls.,The company has thousands of employees on its payroll.,その会社は給与台帳に数千人の従業員を抱えている。,その会社は給与台帳に数千人の従業員を抱えている。,屈折IPAの原形化 / 例文の原形主語整合化
6414,restriction,B2,B2,制限,制限,/riˈstrɪkʃənz/,/riːstrˈɪkʃən/,There are restrictions on the amount of luggage you can take.,There are restriction on the amount of luggage you can take.,持ち込める荷物の量には制限があります。,持ち込める荷物の量には制限があります。,屈折IPAの原形化 / 例文の原形主語整合化
6418,shipment,B2,B2,貨物,貨物,/ˈʃɪpmənts/,/ʃˈɪpmənt/,The shipments were delayed due to the storm.,The shipment were delayed due to the storm.,貨物は嵐のために遅れた。,貨物は嵐のために遅れた。,屈折IPAの原形化 / 例文の原形主語整合化
6445,dwarf,B2,B2,小人,小人,/ˈdwɔrvz/,/dwˈɔːrf/,The dwarves worked in the mine.,The dwarves worked in the mine.,小人たちは鉱山で働いていました。,小人たちは鉱山で働いていました。,屈折IPAの原形化
6453,glucose,B2,B2,グルコース,グルコース,/ˈɡluːˌkoʊs/,/ɡlˈuːkˌoʊs/,Glucose is the primary source of energy for the human body.,Glucose is the primary source of energy for the human body.,グルコースは人体にとって主要なエネルギー源です。,グルコースは人体にとって主要なエネルギー源です。,屈折IPAの原形化
6465,migrant,B2,B2,移民,移民,/ˈmaɪɡrənts/,/mˈaɪɡrənt/,The country is accepting more migrants.,The country is accepting more migrant.,その国はより多くの移民を受け入れている。,その国はより多くの移民を受け入れている。,屈折IPAの原形化 / 例文の原形主語整合化
6473,pyramid,B2,B2,ピラミッド,ピラミッド,/ˈpɪrəmɪd/,/ˈpɪrəmɪd/,The Egyptian pyramids are very famous.,The Egyptian pyramid are very famous.,エジプトのピラミッドは非常に有名です。,エジプトのピラミッドは非常に有名です。,例文の原形主語整合化
6486,textile,B2,B2,織物、繊維製品,織物、繊維製品,/ˈtɛˌkstaɪlz/,/tˈekstˌaɪl/,The company manufactures a wide variety of textiles.,The company manufactures a wide variety of textile.,その会社は多種多様な織物を製造しています。,その会社は多種多様な織物を製造しています。,屈折IPAの原形化 / 例文の原形主語整合化
6493,valuation,B2,B2,評価額,評価額,/væljuˈeɪʃənz/,/væljuːˈeɪʃən/,The company's valuations have increased significantly.,The company's valuation have increased significantly.,その会社の評価額は大幅に増加した。,その会社の評価額は大幅に増加した。,屈折IPAの原形化 / 例文の原形主語整合化
6502,authorization,B2,B2,承認,承認,/ˌɔθərəˈzeɪʃənz/,/ˌɔːθɚəzˈeɪʃən/,The project requires all the necessary authorizations before it can begin.,The project requires all the necessary authorization before it can begin.,プロジェクトを開始する前に、必要なすべての承認が必要となる。,プロジェクトを開始する前に、必要なすべての承認が必要となる。,屈折IPAの原形化 / 例文の原形主語整合化
6505,boxer,B2,B2,ボクサー,ボクサー,/ˈbɑksərz/,/bˈɑːksɚ/,The boxers fought a tough match.,The boxer fought a tough match.,ボクサーたちは厳しい試合を戦った。,ボクサーたちは厳しい試合を戦った。,屈折IPAの原形化 / 例文の原形主語整合化
6517,disappearance,B2,B2,消失,消失,/ˌdɪsəˈpɪrəns/,/dˌɪsəpˈɪrəns/,The disappearance of the ship remains a mystery.,The disappearance of the ship remains a mystery.,その船の消失は謎のままです。,その船の消失は謎のままです。,屈折IPAの原形化
6522,endurance,B2,B2,持久力,持久力,/ˈɛndərəns/,/ˈendɚəns/,The marathon tests the runner's endurance.,The marathon tests the runner's endurance.,マラソンはランナーの持久力を試す。,マラソンはランナーの持久力を試す。,屈折IPAの原形化
6524,evacuation,B2,B2,避難,避難,/ɪˌvækjəˈweɪʃənz/,/ɪvˌækjəwˈeɪʃən/,Evacuations were ordered due to the approaching hurricane.,evacuation were ordered due to the approaching hurricane.,近づいているハリケーンのため、避難が指示された。,近づいているハリケーンのため、避難が指示された。,屈折IPAの原形化 / 例文の原形主語整合化
6528,groove,B2,B2,溝,溝,/ˈɡruːvz/,/ɡrˈuːv/,The record has many grooves.,The record has many groove.,そのレコードには多くの溝があります。,そのレコードには多くの溝があります。,屈折IPAの原形化 / 例文の原形主語整合化
6529,hedge,B2,B2,生け垣,生け垣,/ˈhɛdʒɪz/,/hˈedʒ/,The garden was surrounded by tall hedges.,The garden was surrounded by tall hedge.,庭は高い生け垣で囲まれていた。,庭は高い生け垣で囲まれていた。,屈折IPAの原形化 / 例文の原形主語整合化
6537,notebook,B2,B2,ノート,ノート,/ˈnoʊˌtbʊks/,/nˈoʊtbˌʊk/,I need some notebooks for school.,I need some notebook for school.,学校用にノートがいくつか必要です。,学校用にノートがいくつか必要です。,屈折IPAの原形化 / 例文の原形主語整合化
6552,seizure,B2,B2,発作、差し押さえ,発作、差し押さえ,/ˈsiːʒərz/,/sˈiːʒɚ/,He had several seizures after the accident.,He had several seizure after the accident.,彼は事故後、数回発作を起こした。,私は事故後、数回発作を起こした。,屈折IPAの原形化 / 例文の原形主語整合化
6554,stud,B2,B2,スタッド,スタッド,/ˈstʌd/,/ˈstʌd/,The wall was held up by studs.,The wall was held up by stud.,壁はスタッドで支えられていた。,壁はスタッドで支えられていた。,例文の原形主語整合化
6566,vanity,B2,B2,虚栄心、虚しさ,虚栄心、虚しさ,/ˈvænətiz/,/vˈænətiː/,He was consumed by his own vanities.,He was consumed by his own vanities.,彼は自身の虚栄心に囚われていた。,彼は自身の虚栄心に囚われていた。,屈折IPAの原形化
6569,aerospace,B2,B2,航空宇宙,航空宇宙,/ˈɛroʊˌspeɪs/,/ˈeroʊspˌeɪs/,He works in the aerospace industry.,He works in the aerospace industry.,彼は航空宇宙産業で働いている。,彼は航空宇宙産業で働いている。,屈折IPAの原形化
6572,anticipate,B2,B2,予期する、予想する,予期する、予想する,/æˈntɪsəˌpeɪts/,/æntˈɪsəpˌeɪt/,The company anticipates a strong demand for its new product.,The company anticipate a strong demand for its new product.,その会社は、新製品に対する強い需要を予想しています。,その会社は、新製品に対する強い需要を予想しています。,屈折IPAの原形化 / 例文の原形主語整合化
6574,arose,B2,B2,生じた、起こった,生じた、起こった,/ərˈoʊz/,/ɚˈoʊz/,A conflict arose between the two groups.,A conflict arose between the two groups.,2つのグループ間で対立が生じた。,2つのグループ間で対立が生じた。,屈折IPAの原形化
6585,coil,B2,B2,コイル,コイル,/ˈkɔɪlz/,/kˈɔɪl/,The springs were in the shape of coils.,The springs were in the shape of coil.,スプリングはコイルの形をしていた。,スプリングはコイルの形をしていた。,屈折IPAの原形化 / 例文の原形主語整合化
6588,covenant,B2,B2,契約,契約,/ˈkʌvənənts/,/kˈʌvənənt/,They signed covenants agreeing to the terms.,They signed covenant agreeing to the terms.,彼らは条件に同意する契約に署名した。,彼らは条件に同意する契約に署名した。,屈折IPAの原形化 / 例文の原形主語整合化
6589,disgrace,B2,B2,不名誉,不名誉,/dɪˈsɡreɪs/,/dɪsɡrˈeɪs/,His behavior brought disgrace to his family.,His behavior brought disgrace to his family.,彼の行動は家族に不名誉をもたらしました。,彼の行動は家族に不名誉をもたらしました。,屈折IPAの原形化
6594,excel,B2,B2,"優れている,秀でている","優れている,秀でている",/ɪˈksɛlz/,/ɪksˈel/,She excels in mathematics.,I excel in mathematics.,彼女は数学に優れている。,私は数学に優れている。,屈折IPAの原形化 / 例文の原形主語整合化
6601,hose,B2,B2,ホース,ホース,/ˈhoʊzɪz/,/hˈoʊz/,They used hoses to put out the fire.,They used hose to put out the fire.,彼らは火を消すためにホースを使った。,彼らは火を消すためにホースを使った。,屈折IPAの原形化 / 例文の原形主語整合化
6607,magnet,B2,B2,磁石,磁石,/ˈmæɡnəts/,/mˈæɡnət/,These magnets can hold the paper on the board.,These magnet can hold the paper on the board.,これらの磁石は紙をボードに固定することができます。,これらの磁石は紙をボードに固定することができます。,屈折IPAの原形化 / 例文の原形主語整合化
6608,metaphor,B2,B2,比喩,比喩,/ˈmɛtəfɔrz/,/mˈetəfɔːr/,His speech was full of metaphors.,His speech was full of metaphor.,彼のスピーチは比喩に満ちていた。,彼のスピーチは比喩に満ちていた。,屈折IPAの原形化 / 例文の原形主語整合化
6609,millionaire,B2,B2,大富豪,大富豪,/ˌmɪljəˈnɛrz/,/mˌɪljənˈer/,Many millionaires live in that city.,Many millionaire live in that city.,その都市には多くの大富豪が住んでいる。,その都市には多くの大富豪が住んでいる。,屈折IPAの原形化 / 例文の原形主語整合化
6611,pact,B2,B2,協定,協定,/ˈpækts/,/pˈækt/,The countries signed several trade pacts.,The countries signed several trade pact.,その国々はいくつかの貿易協定に調印しました。,その国々はいくつかの貿易協定に調印しました。,屈折IPAの原形化 / 例文の原形主語整合化
6616,proxy,B2,B2,代理人,代理人,/ˈprɑksiz/,/prˈɑːksiː/,He appointed a proxy to vote on his behalf.,He appointed a proxy to vote on his behalf.,彼は自分の代わりに投票する代理人を任命した。,彼は自分の代わりに投票する代理人を任命した。,屈折IPAの原形化
6621,revolt,B2,B2,反乱,反乱,/riˈvoʊlts/,/rɪvˈoʊlt/,The workers revolted against their low wages.,The workers revolted against their low wages.,労働者たちは低賃金に反乱を起こした。,労働者たちは低賃金に反乱を起こした。,屈折IPAの原形化
6625,rumor,B2,B2,噂,噂,/ˈruːmərz/,/rˈuːmɚ/,Rumors of a merger spread quickly.,rumor of a merger spread quickly.,合併の噂はすぐに広まった。,合併の噂はすぐに広まった。,屈折IPAの原形化 / 例文の原形主語整合化
6627,saddle,B2,B2,鞍,鞍,/ˈsædəlz/,/sˈædəl/,The saddles are old but durable.,The saddle are old but durable.,鞍は古いですが耐久性があります。,鞍は古いですが耐久性があります。,屈折IPAの原形化 / 例文の原形主語整合化
6629,shrine,B2,B2,神社,神社,/ˈʃraɪnz/,/ʃrˈaɪn/,There are many beautiful shrines in Japan.,There are many beautiful shrine in Japan.,日本には多くの美しい神社がある。,日本には多くの美しい神社がある。,屈折IPAの原形化 / 例文の原形主語整合化
6636,undertake,B2,B2,引き受ける,引き受ける,/ˈʌndərˌteɪks/,/ˈʌndɚtˌeɪk/,The company undertakes large-scale construction projects.,The company undertake large-scale construction projects.,その会社は大規模な建設プロジェクトを引き受ける。,その会社は大規模な建設プロジェクトを引き受ける。,屈折IPAの原形化 / 例文の原形主語整合化
6639,vest,B2,B2,ベスト,ベスト,/ˈvɛsts/,/vˈest/,He is wearing a warm vest today.,He is wearing a warm vest today.,彼は今日、暖かいベストを着ています。,彼は今日、暖かいベストを着ています。,屈折IPAの原形化
6651,brace,B2,B2,矯正器具,矯正器具,/ˈbreɪsəz/,/brˈeɪs/,She wore braces to straighten her teeth.,She wore brace to straighten her teeth.,彼女は歯を矯正するために矯正器具を着用しました。,私は歯を矯正するために矯正器具を着用しました。,屈折IPAの原形化 / 例文の原形主語整合化
6652,caption,B2,B2,キャプション,キャプション,/ˈkæpʃənz/,/kˈæpʃən/,The photos had captions explaining them.,The photos had caption explaining them.,写真にはそれらを説明するキャプションがついていた。,写真にはそれらを説明するキャプションがついていた。,屈折IPAの原形化 / 例文の原形主語整合化
6656,deluxe,B2,B2,豪華な,豪華な,/dəˈlʌks/,/dəlˈʌks/,They stayed in a deluxe suite at the hotel.,They stayed in a deluxe suite at the hotel.,彼らはそのホテルの豪華なスイートに宿泊した。,彼らはそのホテルの豪華なスイートに宿泊した。,屈折IPAの原形化
6658,disguise,B2,B2,変装,変装,/dɪˈsɡaɪz/,/dɪsɡˈaɪz/,He wore a disguise to the party.,He wore a disguise to the party.,彼はパーティーに変装して行った。,彼はパーティーに変装して行った。,屈折IPAの原形化
6660,ensemble,B2,B2,アンサンブル,アンサンブル,/ɑˈnsɑmbəlz/,/ɑːnsˈɑːmbəl/,The chamber music ensemble played beautifully.,The chamber music ensemble played beautifully.,室内楽アンサンブルは美しく演奏した。,室内楽アンサンブルは美しく演奏した。,屈折IPAの原形化
6663,grease,B2,B2,グリース,グリース,/ˈɡriːs/,/ɡrˈiːs/,He used grease to lubricate the machine.,He used grease to lubricate the machine.,彼は機械を潤滑するためにグリースを使った。,彼は機械を潤滑するためにグリースを使った。,屈折IPAの原形化
6665,hallway,B2,B2,廊下,廊下,/ˈhɔˌlweɪz/,/hˈɔːlwˌeɪ/,The hallways of the school were very crowded.,The hallway of the school were very crowded.,学校の廊下はとても混雑していた。,学校の廊下はとても混雑していた。,屈折IPAの原形化 / 例文の原形主語整合化
6667,hulk,B2,B2,廃船、巨大な塊,廃船、巨大な塊,/ˈhʌlks/,/hˈʌlk/,The hulks of abandoned ships dotted the harbor.,The hulk of abandoned ships dotted the harbor.,放棄された船の廃船が港に点在していた。,放棄された船の廃船が港に点在していた。,屈折IPAの原形化 / 例文の原形主語整合化
6673,integrate,B2,B2,統合する,統合する,/ˈɪntəˌɡreɪts/,/ˈɪntəɡrˌeɪt/,The software integrates various functions.,The software integrate various functions.,そのソフトウェアは様々な機能を統合する。,そのソフトウェアは様々な機能を統合する。,屈折IPAの原形化 / 例文の原形主語整合化
6680,obstacle,B2,B2,障害,障害,/ˈɑbstəkəlz/,/ˈɑːbstəkəl/,They overcame many obstacles.,They overcame many obstacle.,彼らは多くの障害を克服した。,彼らは多くの障害を克服した。,屈折IPAの原形化 / 例文の原形主語整合化
6684,pixel,B2,B2,ピクセル,ピクセル,/ˈpɪksəl/,/ˈpɪksəl/,The image is made up of millions of pixels.,The image is made up of millions of pixel.,画像は数百万のピクセルで構成されています。,画像は数百万のピクセルで構成されています。,例文の原形主語整合化
6686,prose,B2,B2,散文,散文,/ˈproʊz/,/prˈoʊz/,His writing style is characterized by clear and concise prose.,His writing style is characterized by clear and concise prose.,彼の文体は、明快で簡潔な散文を特徴としている。,彼の文体は、明快で簡潔な散文を特徴としている。,屈折IPAの原形化
6699,slogan,B2,B2,スローガン,スローガン,/ˈsloʊɡənz/,/slˈoʊɡən/,The company used catchy slogans in their advertising campaign.,The company used catchy slogan in their advertising campaign.,その会社は広告キャンペーンでキャッチーなスローガンを使った。,その会社は広告キャンペーンでキャッチーなスローガンを使った。,屈折IPAの原形化 / 例文の原形主語整合化
6702,thrill,B2,B2,スリル,スリル,/ˈθrɪlz/,/θrˈɪl/,The roller coaster gave us incredible thrills.,The roller coaster gave us incredible thrill.,そのジェットコースターは私たちに信じられないほどのスリルを与えた。,そのジェットコースターは私たちに信じられないほどのスリルを与えた。,屈折IPAの原形化 / 例文の原形主語整合化
6715,accuse,B2,B2,告発する,告発する,/əˈkjuːz/,/əkjˈuːz/,They accused him of stealing.,They accused him of stealing.,彼らは彼を盗みで告発した。,彼らは彼を盗みで告発した。,屈折IPAの原形化
6716,ada,B2,B2,ADAS,ADAS,/ˈeɪdəz/,/ˈeɪdə/,ADAS stands for Alzheimer's Disease Assessment Scale.,ada stands for Alzheimer's Disease Assessment Scale.,ADASは、アルツハイマー病評価尺度を表す。,ADASは、アルツハイマー病評価尺度を表す。,屈折IPAの原形化 / 例文の原形主語整合化
6721,apocalypse,B2,B2,黙示録,黙示録,/əˈpɑkəˌlɪps/,/əpˈɑːkəlˌɪps/,Some people believe we are nearing the apocalypse.,Some people believe we are nearing the apocalypse.,一部の人々は、私たちが黙示録に近づいていると信じている。,一部の人々は、私たちが黙示録に近づいていると信じている。,屈折IPAの原形化
6728,boulder,B2,B2,巨石,巨石,/ˈboʊldərz/,/bˈoʊldɚ/,The path was blocked by large boulders.,The path was blocked by large boulder.,その道は大きな巨石によって塞がれていた。,その道は大きな巨石によって塞がれていた。,屈折IPAの原形化 / 例文の原形主語整合化
6730,consolidation,B2,B2,硬化,硬化,/kəˌnsɑlɪˈdeɪʃənz/,/kənsˌɑːlədˈeɪʃən/,Lung consolidations can indicate pneumonia.,Lung consolidation can indicate pneumonia.,肺の硬化は肺炎を示す可能性がある。,肺の硬化は肺炎を示す可能性がある。,屈折IPAの原形化 / 例文の原形主語整合化
6734,cosmetic,B2,B2,化粧品,化粧品,/kɑˈzmɛtɪks/,/kɑːzmˈetɪk/,She bought some new cosmetics at the department store.,She bought some new cosmetic at the department store.,彼女はデパートでいくつかの新しい化粧品を買った。,私はデパートでいくつかの新しい化粧品を買った。,屈折IPAの原形化 / 例文の原形主語整合化
6736,detector,B2,B2,検出器,検出器,/dɪˈtɛktərz/,/dɪtˈektɚ/,The building has smoke detectors.,The building has smoke detector.,その建物には煙探知機がある。,その建物には煙探知機がある。,屈折IPAの原形化 / 例文の原形主語整合化
6739,directive,B2,B2,指令,指令,/daɪˈrɛktɪvz/,/dɚˈektɪv/,The manager issued directives to the staff.,The manager issued directive to the staff.,マネージャーはスタッフに指令を発行した。,マネージャーはスタッフに指令を発行した。,屈折IPAの原形化 / 例文の原形主語整合化
6756,limitation,B2,B2,制限、限界,制限、限界,/ˌlɪmɪˈteɪʃən/,/ˌlɪmɪˈteɪʃən/,There are limitations to what we can achieve.,There are limitation to what we can achieve.,私たちが達成できることには制限があります。,私たちが達成できることには制限があります。,例文の原形主語整合化
6757,litter,B2,B2,ゴミ,ゴミ,/ˈlɪtərz/,/lˈɪtɚ/,They cleaned up the litters in the park.,They cleaned up the litter in the park.,彼らは公園のゴミを片付けた。,彼らは公園のゴミを片付けた。,屈折IPAの原形化 / 例文の原形主語整合化
6761,milestone,B2,B2,節目,節目,/ˈmaɪˌlstoʊnz/,/mˈaɪlstˌoʊn/,The company has reached several milestones this year.,The company has reached several milestone this year.,その会社は今年いくつかの節目を迎えた。,その会社は今年いくつかの節目を迎えた。,屈折IPAの原形化 / 例文の原形主語整合化
6764,pedestrian,B2,B2,歩行者,歩行者,/pəˈdɛstriənz/,/pədˈestriːən/,Pedestrians should always use the crosswalk.,pedestrian should always use the crosswalk.,歩行者は常に横断歩道を使うべきだ。,歩行者は常に横断歩道を使うべきだ。,屈折IPAの原形化 / 例文の原形主語整合化
6770,prophecy,B2,B2,予言,予言,/ˈprɑfəsiz/,/prˈɑːfəsiː/,Some believe that these prophecies will come true.,Some believe that these prophecies will come true.,これらの予言が実現すると信じている人もいる。,これらの予言が実現すると信じている人もいる。,屈折IPAの原形化
6792,theorem,B2,B2,定理,定理,/ˈθɪrəmz/,/θˈɪrəm/,He proved the theorems with elegant logic.,He proved the theorem with elegant logic.,彼はエレガントな論理で定理を証明した。,私はエレガントな論理で定理を証明した。,屈折IPAの原形化 / 例文の原形主語整合化
6802,adore,B2,B2,崇拝する、溺愛する,崇拝する、溺愛する,/əˈdɔrz/,/ədˈɔːr/,He adores his grandchildren.,I adore his grandchildren.,彼は孫たちを溺愛している。,私は孫たちを溺愛している。,屈折IPAの原形化 / 例文の原形主語整合化
6810,chronicle,B2,B2,年代記,年代記,/ˈkrɑnɪkəlz/,/krˈɑːnɪkəl/,The book chronicles the events of the war from beginning to end.,The book chronicle the events of the war from beginning to end.,その本は戦争の出来事を最初から最後まで年代順に記録している。,その本は戦争の出来事を最初から最後まで年代順に記録している。,屈折IPAの原形化 / 例文の原形主語整合化
6820,cutter,B2,B2,カッター,カッター,/ˈkʌtərz/,/kˈʌtɚ/,She used cutters to prune the rose bush.,She used cutter to prune the rose bush.,彼女はバラの茂みを剪定するためにカッターを使った。,私はバラの茂みを剪定するためにカッターを使った。,屈折IPAの原形化 / 例文の原形主語整合化
6825,emission,B2,B2,排出量,排出量,/ɪˈmɪʃənz/,/ɪmˈɪʃən/,The factory is reducing its carbon emissions.,The factory is reducing its carbon emission.,工場は炭素排出量を削減しています。,工場は炭素排出量を削減しています。,屈折IPAの原形化 / 例文の原形主語整合化
6828,fin,B2,B2,ヒレ,ヒレ,/ˈfɪnz/,/fˈɪn/,The fish used its fins to swim.,The fish used its fin to swim.,魚は泳ぐためにヒレを使った。,魚は泳ぐためにヒレを使った。,屈折IPAの原形化 / 例文の原形主語整合化
6832,fracture,B2,B2,骨折,骨折,/ˈfræktʃərz/,/frˈæktʃɚ/,He sustained multiple fractures in the accident.,He sustained multiple fracture in the accident.,彼は事故で複数の骨折を負った。,私は事故で複数の骨折を負った。,屈折IPAの原形化 / 例文の原形主語整合化
6833,functionality,B2,B2,機能、機能性,機能、機能性,/functionalities/,/fˌʌŋkʃənˈælɪtiː/,The software has many new functionalities.,The software has many new functionalities.,そのソフトウェアには多くの新しい機能がある。,そのソフトウェアには多くの新しい機能がある。,屈折IPAの原形化
6836,highland,B2,B2,高地,高地,/ˈhaɪləndz/,/hˈaɪlənd/,The highlands were known for their beautiful scenery.,The highland were known for their beautiful scenery.,高地は美しい景色で知られていた。,高地は美しい景色で知られていた。,屈折IPAの原形化 / 例文の原形主語整合化
6842,millennium,B2,B2,千年紀,千年紀,/məˈlɛniəmz/,/məlˈeniːəm/,The pyramids have stood for millenniums.,The pyramids have stood for millennium.,ピラミッドは何千年もの間立っている。,ピラミッドは何千年もの間立っている。,屈折IPAの原形化 / 例文の原形主語整合化
6845,offender,B2,B2,犯罪者,犯罪者,/əˈfɛndərz/,/əfˈendɚ/,The police are looking for the offenders.,The police are looking for the offender.,警察は犯罪者を探しています。,警察は犯罪者を探しています。,屈折IPAの原形化 / 例文の原形主語整合化
6848,prairie,B2,B2,大草原,大草原,/ˈpreɪriz/,/prˈeriː/,The prairies stretched out for miles.,The prairie stretched out for miles.,大草原は何マイルにもわたって広がっていた。,大草原は何マイルにもわたって広がっていた。,屈折IPAの原形化 / 例文の原形主語整合化
6849,prank,B2,B2,いたずら,いたずら,/ˈpræŋks/,/prˈæŋk/,The boys played harmless pranks on each other.,The boys played harmless prank on each other.,少年たちはお互いに無害ないたずらをした。,少年たちはお互いに無害ないたずらをした。,屈折IPAの原形化 / 例文の原形主語整合化
6852,quartz,B2,B2,水晶,水晶,/ˈkwɔrts/,/kwˈɔːrts/,The watch has a quartz crystal movement.,The watch has a quartz crystal movement.,その時計は水晶振動子のムーブメントを持っている。,その時計は水晶振動子のムーブメントを持っている。,屈折IPAの原形化
6861,spear,B2,B2,槍,槍,/ˈspɪrz/,/spˈɪr/,The warriors were armed with spears and shields.,The warriors were armed with spear and shields.,戦士たちは槍と盾で武装していた。,戦士たちは槍と盾で武装していた。,屈折IPAの原形化 / 例文の原形主語整合化
6862,stain,B2,B2,しみ,しみ,/ˈsteɪnz/,/stˈeɪn/,There are stains on the carpet.,There are stain on the carpet.,カーペットにはしみがあります。,カーペットにはしみがあります。,屈折IPAの原形化 / 例文の原形主語整合化
6866,technician,B2,B2,技術者,技術者,/tɛˈknɪʃənz/,/teknˈɪʃən/,The technicians fixed the machine.,The technician fixed the machine.,技術者たちは機械を修理した。,技術者たちは機械を修理した。,屈折IPAの原形化 / 例文の原形主語整合化
6874,allegiance,B2,B2,忠誠,忠誠,/əˈliːdʒəns/,/əlˈiːdʒəns/,He swore allegiance to the king.,He swore allegiance to the king.,彼は王に忠誠を誓った。,彼は王に忠誠を誓った。,屈折IPAの原形化
6876,avatar,B2,B2,アバター、化身,アバター、化身,/ˈævəˌtɑrz/,/ˈævətˌɑːr/,"In the online game, users create their own avatars.","In the online game, users create their own avatar.",オンラインゲームでは、ユーザーは自分のアバターを作成する。,オンラインゲームでは、ユーザーは自分のアバターを作成する。,屈折IPAの原形化 / 例文の原形主語整合化
6878,blaze,B2,B2,炎,炎,/ˈbleɪzɪz/,/blˈeɪz/,The forest fire caused blazes across the hillside.,The forest fire caused blaze across the hillside.,その山火事は丘の中腹に炎を引き起こした。,その山火事は丘の中腹に炎を引き起こした。,屈折IPAの原形化 / 例文の原形主語整合化
6891,emphasize,B2,B2,強調する,強調する,/ˈɛmfəˌsaɪz/,/ˈemfəsˌaɪz/,The speaker emphasized the importance of education.,The speaker emphasized the importance of education.,講演者は教育の重要性を強調した。,講演者は教育の重要性を強調した。,屈折IPAの原形化
6899,ghetto,B2,B2,ゲットー,ゲットー,/ˈɡɛtoʊz/,/ɡˈetoʊ/,Many people lived in poverty in the ghettos of the city.,Many people lived in poverty in the ghetto of the city.,多くの人々が都市のゲットーで貧困の中で暮らしていた。,多くの人々が都市のゲットーで貧困の中で暮らしていた。,屈折IPAの原形化 / 例文の原形主語整合化
6904,inconvenience,B2,B2,不便,不便,/ˌɪnkəˈnviːnjəns/,/ˌɪnkənvˈiːnjəns/,We apologize for any inconvenience caused.,We apologize for any inconvenience caused.,ご不便をおかけして申し訳ありません。,ご不便をおかけして申し訳ありません。,屈折IPAの原形化
6922,rabbi,B2,B2,ラビ,ラビ,/ˈræˌbaɪz/,/rˈæbˌaɪ/,The rabbis offered guidance to their community.,The rabbi offered guidance to their community.,ラビたちは彼らのコミュニティに指導を提供した。,ラビたちは彼らのコミュニティに指導を提供した。,屈折IPAの原形化 / 例文の原形主語整合化
6924,scoop,B2,B2,スクープ,スクープ,/ˈskuːps/,/skˈuːp/,She used two scoops of ice cream.,She used two scoop of ice cream.,彼女はアイスクリームを2スクープ使った。,私はアイスクリームを2スクープ使った。,屈折IPAの原形化 / 例文の原形主語整合化
6933,sol,B2,B2,靴底,靴底,/ˈsoʊlz/,/sˈɑːl/,The soles of his shoes were worn out.,The soles of his shoes were worn out.,彼の靴底はすり減っていた。,彼の靴底はすり減っていた。,屈折IPAの原形化
6934,squadron,B2,B2,飛行隊,飛行隊,/ˈskwɑdrənz/,/skwˈɑːdrən/,The air force had several squadrons stationed in the area.,The air force had several squadron stationed in the area.,空軍はその地域にいくつかの飛行隊を駐屯させていた。,空軍はその地域にいくつかの飛行隊を駐屯させていた。,屈折IPAの原形化 / 例文の原形主語整合化
6938,taco,B2,B2,タコス,タコス,/ˈtɑkoʊz/,/tˈɑːkoʊ/,We had delicious tacos for dinner at the Mexican restaurant.,We had delicious taco for dinner at the Mexican restaurant.,私たちはメキシコ料理店で夕食に美味しいタコスを食べた。,私たちはメキシコ料理店で夕食に美味しいタコスを食べた。,屈折IPAの原形化 / 例文の原形主語整合化
6939,takeover,B2,B2,買収,買収,/ˈteɪˌkoʊvərz/,/tˈeɪkˌoʊvɚ/,The company is involved in several hostile takeovers.,The company is involved in several hostile takeover.,その会社はいくつかの敵対的買収に関わっている。,その会社はいくつかの敵対的買収に関わっている。,屈折IPAの原形化 / 例文の原形主語整合化
6943,traitor,B2,B2,裏切り者、反逆者,裏切り者、反逆者,/ˈtreɪtərz/,/trˈeɪtɚ/,The king declared that the rebels were traitors.,The king declared that the rebels were traitor.,王は反逆者たちが裏切り者だと宣言した。,王は反逆者たちが裏切り者だと宣言した。,屈折IPAの原形化 / 例文の原形主語整合化
6945,underestimate,B2,B2,過小評価する,過小評価する,/ˌʌndərˈɛstɪmɪts/,/ˈʌndɚˈestəmˌeɪt/,The company underestimates the importance of customer service.,The company underestimate the importance of customer service.,その会社は顧客サービスの重要性を過小評価している。,その会社は顧客サービスの重要性を過小評価している。,屈折IPAの原形化 / 例文の原形主語整合化
6956,betrayal,B2,B2,裏切り,裏切り,/bɪˈtreɪəlz/,/bɪtrˈeɪəl/,The novel explores the themes of loyalty and betrayals in wartime.,The novel explores the themes of loyalty and betrayal in wartime.,その小説は、戦時中の忠誠心と裏切りのテーマを探求しています。,その小説は、戦時中の忠誠心と裏切りのテーマを探求しています。,屈折IPAの原形化 / 例文の原形主語整合化
6969,efficacy,B2,B2,有効性、効果,有効性、効果,/efficacies/,/ˈefɪkˌæsiː/,The efficacies of different treatments were compared in the study.,The efficacies of different treatments were compared in the study.,その研究では、さまざまな治療法の有効性が比較されました。,その研究では、さまざまな治療法の有効性が比較されました。,屈折IPAの原形化
6974,freelance,B2,B2,フリーランスの,フリーランスの,/ˈfriːˌlæns/,/frˈiːlˌæns/,She works as a freelance writer.,She works as a freelance writer.,彼女はフリーランスのライターとして働いている。,彼女はフリーランスのライターとして働いている。,屈折IPAの原形化
6981,obese,B2,B2,肥満の,肥満の,/oʊˈbiːs/,/oʊbˈiːs/,The doctor said he was obese and needed to lose weight.,The doctor said he was obese and needed to lose weight.,医者は彼が肥満で、体重を減らす必要があると言った。,医者は彼が肥満で、体重を減らす必要があると言った。,屈折IPAの原形化
6990,protector,B2,B2,保護者、保護するもの,保護者、保護するもの,/prəˈtɛktərz/,/prətˈektɚ/,These walls are protectors of the ancient site.,These walls are protector of the ancient site.,これらの壁は古代遺跡の保護者である。,これらの壁は古代遺跡の保護者である。,屈折IPAの原形化 / 例文の原形主語整合化
6993,reel,B2,B2,リール,リール,/ˈriːlz/,/rˈiːl/,He bought new fishing reels.,He bought new fishing reel.,彼は新しい釣りリールを買った。,私は新しい釣りリールを買った。,屈折IPAの原形化 / 例文の原形主語整合化
6994,rehearsal,B2,B2,リハーサル,リハーサル,/rɪˈhɜːrsəlz/,/rɪhˈɜːrsəl/,They had many rehearsals before the play.,They had many rehearsal before the play.,彼らは劇の前に多くのリハーサルを行った。,彼らは劇の前に多くのリハーサルを行った。,屈折IPAの原形化 / 例文の原形主語整合化
6995,reinforce,B2,B2,強化する,強化する,/ˌriːɪˈnfɔrsɪz/,/rˌiːɪnfˈɔːrs/,The evidence reinforces the theory.,The evidence reinforce the theory.,その証拠は理論を強化する。,その証拠は理論を強化する。,屈折IPAの原形化 / 例文の原形主語整合化
6999,rna,B2,B2,RNA,RNA,/rnas/,/rnas/,RNAs play a variety of important roles in cells.,rna play a variety of important roles in cells.,RNAは細胞内でさまざまな重要な役割を果たします。,RNAは細胞内でさまざまな重要な役割を果たします。,例文の原形主語整合化
7008,swelling,B2,B2,腫れ,腫れ,/ˈswɛlɪŋz/,/swˈelɪŋ/,The swellings on his arm were painful.,The swelling on his arm were painful.,彼の腕の腫れは痛かった。,彼の腕の腫れは痛かった。,屈折IPAの原形化 / 例文の原形主語整合化
7015,vengeance,B2,B2,復讐,復讐,/ˈvɛndʒəns/,/vˈendʒəns/,He sought vengeance for the wrong done to him.,He sought vengeance for the wrong done to him.,彼は自分にされた不正に対して復讐を求めた。,彼は自分にされた不正に対して復讐を求めた。,屈折IPAの原形化
7021,believer,B2,B2,信者,信者,/bəˈliːvərz/,/bəlˈiːvɚ/,The believers gathered for the religious ceremony.,The believer gathered for the religious ceremony.,信者たちは宗教儀式のために集まりました。,信者たちは宗教儀式のために集まりました。,屈折IPAの原形化 / 例文の原形主語整合化
7028,cite,B2,B2,引用する,引用する,/ˈsaɪts/,/sˈaɪt/,The author cites several sources in his book.,The author cite several sources in his book.,著者は著書の中でいくつかの資料を引用している。,著者は著書の中でいくつかの資料を引用している。,屈折IPAの原形化 / 例文の原形主語整合化
7031,dent,B2,B2,へこみ,へこみ,/ˈdɛnts/,/dˈent/,There are some dents on the car door.,There are some dent on the car door.,車のドアにはいくつかのへこみがある。,車のドアにはいくつかのへこみがある。,屈折IPAの原形化 / 例文の原形主語整合化
7032,depart,B2,B2,出発する,出発する,/dɪˈpɑrts/,/dɪpˈɑːrt/,The train departs at 8:00 AM.,The train depart at 8:00 AM.,列車は午前8時に出発する。,列車は午前8時に出発する。,屈折IPAの原形化 / 例文の原形主語整合化
7043,govern,B2,B2,統治する、支配する,統治する、支配する,/ˈɡʌvərn/,/ˈɡʌvərn/,The government governs the country.,The government govern the country.,政府は国を統治する。,政府は国を統治する。,例文の原形主語整合化
7045,hacker,B2,B2,ハッカー,ハッカー,/ˈhækərz/,/hˈækɚ/,The system was attacked by hackers.,The system was attacked by hacker.,そのシステムはハッカーに攻撃されました。,そのシステムはハッカーに攻撃されました。,屈折IPAの原形化 / 例文の原形主語整合化
7048,inaugural,B2,B2,就任式,就任式,/ɪˈnɔɡərəlz/,/ɪnˈɔːɡɚəl/,The inaugurals were held on the capital.,The inaugural were held on the capital.,就任式は首都で行われた。,就任式は首都で行われた。,屈折IPAの原形化 / 例文の原形主語整合化
7050,intern,B2,B2,インターン,インターン,/ˈɪntərnz/,/ˈɪntɚn/,The company hired several interns for the summer.,The company hired several intern for the summer.,その会社は夏の間、数人のインターンを雇った。,その会社は夏の間、数人のインターンを雇った。,屈折IPAの原形化 / 例文の原形主語整合化
7052,lag,B2,B2,遅れる,遅れる,/ˈlæɡz/,/lˈæɡ/,The project lags behind schedule.,The project lag behind schedule.,プロジェクトはスケジュールより遅れている。,プロジェクトはスケジュールより遅れている。,屈折IPAの原形化 / 例文の原形主語整合化
7053,locality,B2,B2,地域,地域,/loʊˈkælɪtiz/,/loʊkˈælətiː/,The project aimed to improve the infrastructure of rural localities.,The project aimed to improve the infrastructure of rural localities.,そのプロジェクトは地方のインフラを改善することを目的としていた。,そのプロジェクトは地方のインフラを改善することを目的としていた。,屈折IPAの原形化
7054,lure,B2,B2,誘惑する,誘惑する,/ˈlʊrz/,/lˈʊr/,The advertisement lures people to buy the product.,The advertisement lure people to buy the product.,その広告は人々を誘惑して製品を買わせる。,その広告は人々を誘惑して製品を買わせる。,屈折IPAの原形化 / 例文の原形主語整合化
7059,monarchy,B2,B2,君主制、君主国,君主制、君主国,/ˈmɑnɑrkiz/,/mˈɑːnɑːrkiː/,Many historical monarchies have transitioned to democratic governments.,Many historical monarchies have transitioned to democratic governments.,多くの歴史的な君主制が、民主的な政府に移行した。,多くの歴史的な君主制が、民主的な政府に移行した。,屈折IPAの原形化
7081,transmit,B2,B2,伝達する,伝達する,/træˈnzmɪts/,/trænzmˈɪt/,The virus transmits through the air.,The virus transmit through the air.,ウイルスは空気を介して伝達します。,ウイルスは空気を介して伝達します。,屈折IPAの原形化 / 例文の原形主語整合化
7083,tutor,B2,B2,家庭教師,家庭教師,/ˈtuːtərz/,/tˈuːtɚ/,He hires tutors for his children.,He hires tutor for his children.,彼は子供たちのために家庭教師を雇っている。,私は子供たちのために家庭教師を雇っている。,屈折IPAの原形化 / 例文の原形主語整合化
7085,verge,B2,B2,縁,縁,/ˈvɜːrdʒɪz/,/vˈɜːrdʒ/,The car veered off the road and stopped at the verges.,The car veered off the road and stopped at the verge.,車は道路から逸れ、縁で止まった。,車は道路から逸れ、縁で止まった。,屈折IPAの原形化 / 例文の原形主語整合化
7086,wander,B2,B2,さまよう,さまよう,/ˈwɑndərz/,/wˈɑːndɚ/,The old man wanders around the neighborhood.,The old man wander around the neighborhood.,その老人は近所をさまよっている。,その老人は近所をさまよっている。,屈折IPAの原形化 / 例文の原形主語整合化
7087,yeast,B2,B2,酵母,酵母,/ˈjiːsts/,/jˈiːst/,Yeasts are essential in the process of making bread and beer.,yeast are essential in the process of making bread and beer.,酵母はパンやビールを作る過程で不可欠である。,酵母はパンやビールを作る過程で不可欠である。,屈折IPAの原形化 / 例文の原形主語整合化
7090,assassin,B2,B2,暗殺者,暗殺者,/əˈsæsənz/,/əsˈæsən/,The assassins were hired to eliminate the target.,The assassin were hired to eliminate the target.,暗殺者たちは、標的を排除するために雇われた。,暗殺者たちは、標的を排除するために雇われた。,屈折IPAの原形化 / 例文の原形主語整合化
7099,circumstance,B2,B2,状況,状況,/ˈsɜːrkəˌmstæns/,/sˈɜːrkəmstˌæns/,The circumstances of the accident are unclear.,The circumstance of the accident are unclear.,事故の状況は不明確です。,事故の状況は不明確です。,屈折IPAの原形化 / 例文の原形主語整合化
7110,distributor,B2,B2,販売業者,販売業者,/dɪˈstrɪbjətərz/,/dɪstrˈɪbjətɚ/,We are looking for distributors in your region.,We are looking for distributor in your region.,あなたの地域で販売業者を探しています。,あなたの地域で販売業者を探しています。,屈折IPAの原形化 / 例文の原形主語整合化
7116,erase,B2,B2,消す,消す,/ɪˈreɪs/,/ɪrˈeɪs/,Please erase the board.,Please erase the board.,黒板を消してください。,黒板を消してください。,屈折IPAの原形化
7119,forbid,B2,B2,禁じる,禁じる,/fərˈbɪd/,/fərˈbɪd/,The school forbids students from using cell phones in class.,The school forbid students from using cell phones in class.,学校は生徒が授業中に携帯電話を使用することを禁じている。,学校は生徒が授業中に携帯電話を使用することを禁じている。,例文の原形主語整合化
7133,morale,B2,B2,"士気,モラール","士気,モラール",/mərˈælz/,/mɚˈæl/,The team's morales was high after the victory.,The team's morale was high after the victory.,勝利の後、チームの士気は高かった。,勝利の後、チームの士気は高かった。,屈折IPAの原形化 / 例文の原形主語整合化
7136,nerd,B2,B2,オタク,オタク,/ˈnɜːrdz/,/nˈɜːrd/,Those guys are real nerds.,Those guys are real nerd.,あいつらは本当にオタクだ。,あいつらは本当にオタクだ。,屈折IPAの原形化 / 例文の原形主語整合化
7137,novelty,B2,B2,目新しいもの,目新しいもの,/ˈnɑvəltiz/,/nˈɑːvəltiː/,The store sold a lot of unique novelties.,The store sold a lot of unique novelties.,店はたくさんのユニークで目新しいものを売っていました。,店はたくさんのユニークで目新しいものを売っていました。,屈折IPAの原形化
7140,oxide,B2,B2,酸化物,酸化物,/ˈɑˌksaɪdz/,/ˈɑːksˌaɪd/,Oxides are often produced during chemical reactions.,oxide are often produced during chemical reactions.,酸化物は、化学反応中にしばしば生成される。,酸化物は、化学反応中にしばしば生成される。,屈折IPAの原形化 / 例文の原形主語整合化
7158,spur,B2,B2,拍車,拍車,/ˈspɜːrz/,/spˈɜːr/,He wore spurs on his boots for riding horses.,He wore spur on his boots for riding horses.,彼は馬に乗るためにブーツに拍車を付けていた。,私は馬に乗るためにブーツに拍車を付けていた。,屈折IPAの原形化 / 例文の原形主語整合化
7164,tilt,B2,B2,傾く,傾く,/ˈtɪlts/,/tˈɪlt/,The tower tilts slightly.,The tower tilt slightly.,その塔はわずかに傾いている。,その塔はわずかに傾いている。,屈折IPAの原形化 / 例文の原形主語整合化
7168,veil,B2,B2,ベール,ベール,/ˈveɪlz/,/vˈeɪl/,She wore a veil on her wedding day.,She wore a veil on her wedding day.,彼女は結婚式でベールを被った。,彼女は結婚式でベールを被った。,屈折IPAの原形化
7174,blackberry,B2,B2,ブラックベリー,ブラックベリー,/ˈblæˌkbɛriz/,/blˈækbˌeriː/,We picked blackberries in the woods.,We picked blackberries in the woods.,私たちは森でブラックベリーを摘んだ。,私たちは森でブラックベリーを摘んだ。,屈折IPAの原形化
7175,booze,B2,B2,酒,酒,/ˈbuːz/,/bˈuːz/,He drank too much booze at the party.,He drank too much booze at the party.,彼はパーティーで酒を飲みすぎた。,彼はパーティーで酒を飲みすぎた。,屈折IPAの原形化
7187,deception,B2,B2,欺瞞、ごまかし,欺瞞、ごまかし,/dɪˈsɛpʃənz/,/dɪsˈepʃən/,He was caught in a web of deceptions.,He was caught in a web of deception.,彼は欺瞞の網に捉えられた。,私は欺瞞の網に捉えられた。,屈折IPAの原形化 / 例文の原形主語整合化
7203,grenade,B2,B2,手榴弾,手榴弾,/ɡrəˈneɪdz/,/ɡrənˈeɪd/,The soldiers carried grenades.,The soldiers carried grenade.,兵士たちは手榴弾を携行していた。,兵士たちは手榴弾を携行していた。,屈折IPAの原形化 / 例文の原形主語整合化
7204,hamlet,B2,B2,集落,集落,/ˈhæmləts/,/hˈæmlət/,The hamlets were scattered across the countryside.,The hamlet were scattered across the countryside.,集落は田舎に散在していた。,集落は田舎に散在していた。,屈折IPAの原形化 / 例文の原形主語整合化
7211,lobster,B2,B2,ロブスター,ロブスター,/ˈlɑbstərz/,/lˈɑːbstɚ/,They enjoyed grilled lobsters for dinner.,They enjoyed grilled lobster for dinner.,彼らは夕食にグリルしたロブスターを楽しんだ。,彼らは夕食にグリルしたロブスターを楽しんだ。,屈折IPAの原形化 / 例文の原形主語整合化
7217,maze,B2,B2,迷路,迷路,/ˈmeɪz/,/mˈeɪz/,The garden was a complex maze.,The garden was a complex maze.,庭は複雑な迷路だった。,庭は複雑な迷路だった。,屈折IPAの原形化
7220,negligence,B2,B2,怠慢、不注意,怠慢、不注意,/ˈnɛɡlədʒəns/,/nˈeɡlədʒəns/,His negligence caused the accident.,His negligence caused the accident.,彼の怠慢が事故を引き起こした。,彼の怠慢が事故を引き起こした。,屈折IPAの原形化
7232,resonance,B2,B2,共鳴,共鳴,/ˈrɛzənəns/,/rˈezənəns/,The speech had a strong resonance with the audience.,The speech had a strong resonance with the audience.,そのスピーチは聴衆に強い共鳴を呼んだ。,そのスピーチは聴衆に強い共鳴を呼んだ。,屈折IPAの原形化
7253,applicant,B2,B2,応募者,応募者,/ˈæplɪkənts/,/ˈæplɪkənt/,The company received many applicants for the job.,The company received many applicant for the job.,その会社は、その仕事に対して多くの応募者を受け取った。,その会社は、その仕事に対して多くの応募者を受け取った。,屈折IPAの原形化 / 例文の原形主語整合化
7254,approximate,B2,B2,近似する,近似する,/əˈprɑksəməts/,/əprˈɑːksəmət/,The result approximates the actual value.,The result approximate the actual value.,その結果は実際の値に近い。,その結果は実際の値に近い。,屈折IPAの原形化 / 例文の原形主語整合化
7256,baton,B2,B2,バトン,バトン,/bæˈtɑnz/,/bətˈɑːn/,The conductor used a baton to lead the orchestra.,The conductor used a baton to lead the orchestra.,指揮者はオーケストラを指揮するためにバトンを使った。,指揮者はオーケストラを指揮するためにバトンを使った。,屈折IPAの原形化
7265,cove,B2,B2,入り江,入り江,/ˈkoʊvz/,/kˈoʊv/,They anchored the boat in a sheltered cove.,They anchored the boat in a sheltered cove.,彼らは保護された入り江にボートを停泊させた。,彼らは保護された入り江にボートを停泊させた。,屈折IPAの原形化
7279,expo,B2,B2,博覧会,博覧会,/ˈɛkspoʊz/,/ˈekspoʊ/,We visited several expos this year.,We visited several expo this year.,私たちは今年、いくつかの博覧会を訪れました。,私たちは今年、いくつかの博覧会を訪れました。,屈折IPAの原形化 / 例文の原形主語整合化
7280,flank,B2,B2,側面,側面,/ˈflæŋks/,/flˈæŋk/,The flanks of the mountain were covered with snow.,The flank of the mountain were covered with snow.,山の側面は雪で覆われていた。,山の側面は雪で覆われていた。,屈折IPAの原形化 / 例文の原形主語整合化
7292,mutant,B2,B2,突然変異体,突然変異体,/ˈmjuːtənts/,/mjˈuːtənt/,Some mutants have beneficial traits.,Some mutant have beneficial traits.,一部の突然変異体は有益な特性を持っている。,一部の突然変異体は有益な特性を持っている。,屈折IPAの原形化 / 例文の原形主語整合化
7296,nun,B2,B2,修道女,修道女,/ˈnʌnz/,/nˈʌn/,The nuns prayed in the chapel.,The nun prayed in the chapel.,修道女たちは礼拝堂で祈った。,修道女たちは礼拝堂で祈った。,屈折IPAの原形化 / 例文の原形主語整合化
7299,pest,B2,B2,害虫,害虫,/ˈpɛst/,/ˈpɛst/,The garden was full of pests.,The garden was full of pest.,庭は害虫でいっぱいだった。,庭は害虫でいっぱいだった。,例文の原形主語整合化
7300,pillar,B2,B2,柱,柱,/ˈpɪlər/,/ˈpɪlər/,The building has large pillars in the front.,The building has large pillar in the front.,その建物は正面に大きな柱がある。,その建物は正面に大きな柱がある。,例文の原形主語整合化
7306,raf,B2,B2,絶賛する,絶賛する,/ˈreɪvz/,/rˈæf/,The critics raves about the new movie.,The critics raves about the new movie.,批評家たちは新しい映画を絶賛した。,批評家たちは新しい映画を絶賛した。,屈折IPAの原形化
7311,sewer,B2,B2,下水道,下水道,/ˈsuːərz/,/sˈuːɚ/,The city’s sewers need to be updated to handle the increased volume of wastewater.,The city’s sewer need to be updated to handle the increased volume of wastewater.,都市の下水道は、増加した廃水量を処理するために更新する必要がある。,都市の下水道は、増加した廃水量を処理するために更新する必要がある。,屈折IPAの原形化 / 例文の原形主語整合化
7329,affiliation,B2,B2,所属,所属,/əˌfɪliˈeɪʃənz/,/əfˌɪliːˈeɪʃən/,His political affiliations are well known.,His political affiliation are well known.,彼の政治的所属はよく知られています。,彼の政治的所属はよく知られています。,屈折IPAの原形化 / 例文の原形主語整合化
7336,autobiography,B2,B2,自伝,自伝,/ˌɔtəbaɪˈɑɡrəfiz/,/ˌɔːtəbaɪˈɑːɡrəfiː/,Many successful people have written their autobiographies.,Many successful people have written their autobiographies.,多くの成功した人々が自伝を書いている。,多くの成功した人々が自伝を書いている。,屈折IPAの原形化
7339,cache,B2,B2,隠し場所,隠し場所,/ˈkæʃɪz/,/kˈæʃ/,They hid the treasure in secret caches.,They hid the treasure in secret cache.,彼らは秘密の隠し場所に宝を隠した。,彼らは秘密の隠し場所に宝を隠した。,屈折IPAの原形化 / 例文の原形主語整合化
7344,condo,B2,B2,分譲マンション,分譲マンション,/ˈkɑndoʊz/,/kˈɑːndoʊ/,They live in a luxurious condo.,They live in a luxurious condo.,彼らは豪華な分譲マンションに住んでいる。,彼らは豪華な分譲マンションに住んでいる。,屈折IPAの原形化
7347,criticize,B2,B2,批判する,批判する,/ˈkrɪtɪˌsaɪz/,/krˈɪtɪsˌaɪz/,"It's easy to criticize, but harder to offer solutions.","It's easy to criticize, but harder to offer solutions.",批判するのは簡単だが、解決策を提示するのは難しい。,批判するのは簡単だが、解決策を提示するのは難しい。,屈折IPAの原形化
7352,displacement,B2,B2,移動,移動,/dɪˈspleɪsmənts/,/dɪsplˈeɪsmənt/,The earthquake caused many displacements.,The earthquake caused many displacement.,地震は多くの移動を引き起こした。,地震は多くの移動を引き起こした。,屈折IPAの原形化 / 例文の原形主語整合化
7358,enhancement,B2,B2,強化,強化,/ɛˈnhænsmənts/,/enhˈænsmənt/,They are working on enhancements to the software.,They are working on enhancement to the software.,彼らはソフトウェアの強化に取り組んでいます。,彼らはソフトウェアの強化に取り組んでいます。,屈折IPAの原形化 / 例文の原形主語整合化
7363,gill,B2,B2,えら,えら,/ˈɡɪlz/,/ɡˈɪl/,The fish uses gills to breathe underwater.,The fish uses gill to breathe underwater.,魚は水中で呼吸するためにえらを使います。,魚は水中で呼吸するためにえらを使います。,屈折IPAの原形化 / 例文の原形主語整合化
7368,laurel,B2,B2,栄誉、名声,栄誉、名声,/ˈlɔrəlz/,/lˈɔːrəl/,He won many laurels for his achievements.,He won many laurel for his achievements.,彼はその業績に対して多くの栄誉を獲得した。,私はその業績に対して多くの栄誉を獲得した。,屈折IPAの原形化 / 例文の原形主語整合化
7372,lyric,B2,B2,歌詞,歌詞,/ˈlɪrɪks/,/lˈɪrɪk/,The lyrics of the song are beautiful.,The lyric of the song are beautiful.,その歌の歌詞は美しいです。,その歌の歌詞は美しいです。,屈折IPAの原形化 / 例文の原形主語整合化
7377,podium,B2,B2,表彰台,表彰台,/ˈpoʊdiəmz/,/pˈoʊdiːəm/,The athletes stood on the podiums after the race.,The athletes stood on the podium after the race.,選手たちはレース後、表彰台に立ちました。,選手たちはレース後、表彰台に立ちました。,屈折IPAの原形化 / 例文の原形主語整合化
7393,subdivision,B2,B2,細分,細分,/ˈsʌbdɪˌvɪʒən/,/ˈsʌbdɪˌvɪʒən/,The city is divided into subdivisions.,The city is divided into subdivision.,その都市は細分に分けられている。,その都市は細分に分けられている。,例文の原形主語整合化
7404,warden,B2,B2,看守,看守,/ˈwɔrdənz/,/wˈɔːrdən/,The wardens were patrolling the prison.,The warden were patrolling the prison.,看守たちは刑務所を巡回していた。,看守たちは刑務所を巡回していた。,屈折IPAの原形化 / 例文の原形主語整合化
7415,atheist,B2,B2,無神論者,無神論者,/ˈeɪθiəsts/,/ˈeɪθiːəst/,Atheists do not believe in a god.,atheist do not believe in a god.,無神論者は神を信じない。,無神論者は神を信じない。,屈折IPAの原形化 / 例文の原形主語整合化
7419,blossom,B2,B2,花が咲く、開花する,花が咲く、開花する,/ˈblɑsəmz/,/blˈɑːsəm/,Cherry blossoms are beautiful in spring.,Cherry blossom are beautiful in spring.,春には桜の花が美しい。,春には桜の花が美しい。,屈折IPAの原形化 / 例文の原形主語整合化
7425,comprise,B2,B2,構成する,構成する,/kəˈmpraɪzəz/,/kəmprˈaɪz/,The committee comprises experts from various fields.,The committee comprise experts from various fields.,委員会は、さまざまな分野の専門家で構成されている。,委員会は、さまざまな分野の専門家で構成されている。,屈折IPAの原形化 / 例文の原形主語整合化
7438,feud,B2,B2,確執、争い,確執、争い,/ˈfjuːdz/,/fjˈuːd/,The families had a long-standing feud.,The families had a long-standing feud.,その家族間には長年の確執があった。,その家族間には長年の確執があった。,屈折IPAの原形化
7439,filmmaker,B2,B2,映画製作者、映画監督,映画製作者、映画監督,/ˈfɪˌlmeɪkərz/,/fˈɪlmˌeɪkɚ/,The festival showcased the work of emerging filmmakers.,The festival showcased the work of emerging filmmaker.,そのフェスティバルは新進の映画製作者の作品を展示した。,そのフェスティバルは新進の映画製作者の作品を展示した。,屈折IPAの原形化 / 例文の原形主語整合化
7440,furnace,B2,B2,炉,炉,/ˈfɜːrnəs/,/fˈɜːrnəs/,The furnace keeps the house warm in winter.,The furnace keeps the house warm in winter.,炉は冬に家を暖かく保つ。,炉は冬に家を暖かく保つ。,屈折IPAの原形化
7443,heavyweight,B2,B2,重量級選手、大物,重量級選手、大物,/ˈhɛviˌweɪts/,/hˈeviːwˌeɪt/,The heavyweights were competing for the championship.,The heavyweight were competing for the championship.,重量級選手たちはチャンピオンシップを競っていた。,重量級選手たちはチャンピオンシップを競っていた。,屈折IPAの原形化 / 例文の原形主語整合化
7455,paperback,B2,B2,ペーパーバック,ペーパーバック,/ˈpeɪpərˌbæk/,/ˈpeɪpərˌbæk/,I prefer reading paperbacks rather than hardcovers.,I prefer reading paperback rather than hardcovers.,私はハードカバーよりもペーパーバックを読む方が好きだ。,私はハードカバーよりもペーパーバックを読む方が好きだ。,例文の原形主語整合化
7457,pavilion,B2,B2,パビリオン,パビリオン,/pəˈvɪljənz/,/pəvˈɪljən/,The exposition featured many pavilions showcasing innovative designs.,The exposition featured many pavilion showcasing innovative designs.,博覧会では、革新的なデザインを展示する多くのパビリオンが目玉となった。,博覧会では、革新的なデザインを展示する多くのパビリオンが目玉となった。,屈折IPAの原形化 / 例文の原形主語整合化
7458,pointer,B2,B2,ポインター,ポインター,/ˈpɔɪntərz/,/pˈɔɪntɚ/,The teacher used pointers to indicate words.,The teacher used pointer to indicate words.,先生は単語を示すためにポインターを使った。,先生は単語を示すためにポインターを使った。,屈折IPAの原形化 / 例文の原形主語整合化
7469,ro,B2,B2,バラ,バラ,/ˈrɔs/,/rˈoʊ/,She received a bouquet of red ros for her birthday.,She received a bouquet of red ro for her birthday.,彼女は誕生日に赤いバラの花束を受け取った。,私は誕生日に赤いバラの花束を受け取った。,屈折IPAの原形化 / 例文の原形主語整合化
7494,affinity,B2,B2,親和性,親和性,/əˈfɪnətiz/,/əfˈɪnətiː/,The chemical has a high affinity for the receptor.,The chemical has a high affinity for the receptor.,その化学物質は受容体に対して高い親和性を持つ。,その化学物質は受容体に対して高い親和性を持つ。,屈折IPAの原形化
7495,bale,B2,B2,ベール、梱包,ベール、梱包,/ˈbeɪl/,/ˈbeɪl/,The farmer stacked the hay bales in the barn.,The farmer stacked the hay bale in the barn.,農夫は納屋に干し草のベールを積み重ねた。,農夫は納屋に干し草のベールを積み重ねた。,例文の原形主語整合化
7498,courthouse,B2,B2,裁判所,裁判所,/ˈkɔˌrthaʊsɪz/,/kˈɔːrthˌaʊs/,The courthouses were crowded with people.,The courthouse were crowded with people.,裁判所は人々で混雑していた。,裁判所は人々で混雑していた。,屈折IPAの原形化 / 例文の原形主語整合化
7506,enclosure,B2,B2,囲い地,囲い地,/ɪˈnkloʊʒərz/,/enklˈoʊʒɚ/,The animals were kept in large enclosures.,The animals were kept in large enclosure.,動物たちは大きな囲い地で飼育されていた。,動物たちは大きな囲い地で飼育されていた。,屈折IPAの原形化 / 例文の原形主語整合化
7518,handicap,B2,B2,ハンディキャップ,ハンディキャップ,/ˈhændiˌkæps/,/hˈændiːkˌæp/,We should consider the handicaps of each person.,We should consider the handicap of each person.,私たちは各個人のハンディキャップを考慮すべきです。,私たちは各個人のハンディキャップを考慮すべきです。,屈折IPAの原形化 / 例文の原形主語整合化
7522,internship,B2,B2,インターンシップ,インターンシップ,/ˈɪntərˌnʃɪps/,/ˈɪntɚnʃˌɪp/,Many students seek internships to gain work experience.,Many students seek internship to gain work experience.,多くの学生が実務経験を得るためにインターンシップを探しています。,多くの学生が実務経験を得るためにインターンシップを探しています。,屈折IPAの原形化 / 例文の原形主語整合化
7528,lantern,B2,B2,提灯,提灯,/ˈlæntərnz/,/lˈæntɚn/,The lanterns glowed brightly at the festival.,The lantern glowed brightly at the festival.,提灯は祭りで明るく輝いていた。,提灯は祭りで明るく輝いていた。,屈折IPAの原形化 / 例文の原形主語整合化
7533,moose,B2,B2,ヘラジカ,ヘラジカ,/ˈmuːs/,/mˈuːs/,We saw a moose in the forest.,We saw a moose in the forest.,私たちは森でヘラジカを見ました。,私たちは森でヘラジカを見ました。,屈折IPAの原形化
7534,motel,B2,B2,モーテル,モーテル,/moʊˈtɛlz/,/moʊtˈel/,They stayed at a motel for the night.,They stayed at a motel for the night.,彼らは夜モーテルに泊まった。,彼らは夜モーテルに泊まった。,屈折IPAの原形化
7535,novelist,B2,B2,小説家,小説家,/ˈnɑvələsts/,/nˈɑːvələst/,Many famous novelists have lived in this area.,Many famous novelist have lived in this area.,多くの有名な小説家がこの地域に住んでいた。,多くの有名な小説家がこの地域に住んでいた。,屈折IPAの原形化 / 例文の原形主語整合化
7537,paradigm,B2,B2,"パラダイム, 模範","パラダイム, 模範",/ˈpɛrəˌdaɪmz/,/pˈerədˌaɪm/,New scientific paradigms are constantly evolving.,New scientific paradigm are constantly evolving.,新しい科学的パラダイムは常に進化している。,新しい科学的パラダイムは常に進化している。,屈折IPAの原形化 / 例文の原形主語整合化
7541,plateau,B2,B2,高原,高原,/plæˈtoʊs/,/plætˈoʊ/,The hiking trail takes you through high plateaus.,The hiking trail takes you through high plateau.,ハイキングコースは高い高原を通り抜けます。,ハイキングコースは高い高原を通り抜けます。,屈折IPAの原形化 / 例文の原形主語整合化
7549,resentment,B2,B2,憤慨,憤慨,/rɪˈzɛntmənts/,/rɪzˈentmənt/,He held a lot of resentments toward his former colleagues.,He held a lot of resentment toward his former colleagues.,彼は以前の同僚に対して多くの憤慨を抱いていた。,私は以前の同僚に対して多くの憤慨を抱いていた。,屈折IPAの原形化 / 例文の原形主語整合化
7553,scarce,B2,B2,乏しい,乏しい,/ˈskɛrs/,/skˈers/,Clean water is scarce in some areas.,Clean water is scarce in some areas.,一部の地域ではきれいな水が乏しい。,一部の地域ではきれいな水が乏しい。,屈折IPAの原形化
7554,sibling,B2,B2,兄弟姉妹,兄弟姉妹,/ˈsɪblɪŋz/,/sˈɪblɪŋ/,I have two siblings.,I have two sibling.,私には2人の兄弟姉妹がいる。,私には2人の兄弟姉妹がいる。,屈折IPAの原形化 / 例文の原形主語整合化
7558,stint,B2,B2,期間、役割,期間、役割,/ˈstɪnts/,/stˈɪnt/,She did a short stint as a waitress.,She did a short stint as a waitress.,彼女はウェイトレスとして短い期間働いた。,彼女はウェイトレスとして短い期間働いた。,屈折IPAの原形化
7559,storey,B2,B2,階,階,/ˈstɔri/,/ˈstɔri/,The building has five storeys.,The building has five storey.,その建物は5階建てです。,その建物は5階建てです。,例文の原形主語整合化
7580,bloc,B2,B2,塊,塊,/ˈblɑks/,/blˈɑːk/,The voters are divided into blocs based on their political views.,The voters are divided into bloc based on their political views.,有権者は政治的見解に基づいてブロックに分けられています。,有権者は政治的見解に基づいてブロックに分けられています。,屈折IPAの原形化 / 例文の原形主語整合化
7588,caste,B2,B2,カースト,カースト,/ˈkæsts/,/kˈæst/,The caste system is still a sensitive issue in some regions.,The caste system is still a sensitive issue in some regions.,カースト制度は、一部の地域では依然としてデリケートな問題です。,カースト制度は、一部の地域では依然としてデリケートな問題です。,屈折IPAの原形化
7593,cockpit,B2,B2,コックピット,コックピット,/ˈkɑˌkpɪts/,/kˈɑːkpˌɪt/,The pilots sat in their cockpits.,The pilots sat in their cockpit.,パイロットたちはコックピットに座っていた。,パイロットたちはコックピットに座っていた。,屈折IPAの原形化 / 例文の原形主語整合化
7594,colon,B2,B2,結腸,結腸,/ˈkoʊlənz/,/kˈoʊlən/,A colonoscopy is a procedure to examine the colons.,A colonoscopy is a procedure to examine the colon.,大腸内視鏡検査は、結腸を検査する手順です。,大腸内視鏡検査は、結腸を検査する手順です。,屈折IPAの原形化 / 例文の原形主語整合化
7596,condom,B2,B2,コンドーム,コンドーム,/ˈkɑndəmz/,/kˈɑːndəm/,Condoms are used for safe sex.,condom are used for safe sex.,コンドームは安全なセックスのために使用される。,コンドームは安全なセックスのために使用される。,屈折IPAの原形化 / 例文の原形主語整合化
7601,emerald,B2,B2,エメラルド,エメラルド,/ˈɛmrəldz/,/ˈemrəld/,Her necklace was adorned with emeralds.,Her necklace was adorned with emerald.,彼女のネックレスはエメラルドで飾られていた。,彼女のネックレスはエメラルドで飾られていた。,屈折IPAの原形化 / 例文の原形主語整合化
7615,intercourse,B2,B2,交流、性交,交流、性交,/ˈɪntərˌkɔrs/,/ˈɪntɚkˌɔːrs/,The treaty aims to promote cultural intercourse between the countries.,The treaty aims to promote cultural intercourse between the countries.,条約は国間の文化交流を促進することを目指している。,条約は国間の文化交流を促進することを目指している。,屈折IPAの原形化
7621,meadow,B2,B2,牧草地,牧草地,/ˈmɛˌdoʊz/,/mˈedˌoʊ/,The cows were grazing in the meadows.,The cows were grazing in the meadow.,牛たちは牧草地で草を食べていた。,牛たちは牧草地で草を食べていた。,屈折IPAの原形化 / 例文の原形主語整合化
7625,mystic,B2,B2,神秘主義者,神秘主義者,/ˈmɪstɪks/,/mˈɪstɪk/,The mystics sought enlightenment through meditation.,The mystic sought enlightenment through meditation.,神秘主義者は瞑想を通して悟りを求めた。,神秘主義者は瞑想を通して悟りを求めた。,屈折IPAの原形化 / 例文の原形主語整合化
7627,ordinance,B2,B2,条例,条例,/ˈɔrdənənsɪz/,/ˈɔːrdənəns/,The city council passed several new ordinances.,The city council passed several new ordinance.,市議会はいくつかの新しい条例を可決した。,市議会はいくつかの新しい条例を可決した。,屈折IPAの原形化 / 例文の原形主語整合化
7654,attacker,B2,B2,攻撃者,攻撃者,/əˈtækərz/,/ətˈækɚ/,The attackers were armed with guns.,The attacker were armed with guns.,攻撃者たちは銃で武装していた。,攻撃者たちは銃で武装していた。,屈折IPAの原形化 / 例文の原形主語整合化
7664,browse,B2,B2,閲覧する,閲覧する,/ˈbraʊz/,/brˈaʊz/,I like to browse the internet in my free time.,I like to browse the internet in my free time.,私は暇な時にインターネットを閲覧するのが好きです。,私は暇な時にインターネットを閲覧するのが好きです。,屈折IPAの原形化
7667,claw,B2,B2,爪,爪,/ˈklɔz/,/klˈɔː/,The cat used its claws to scratch the post.,The cat used its claw to scratch the post.,猫は柱を引っ掻くために爪を使った。,猫は柱を引っ掻くために爪を使った。,屈折IPAの原形化 / 例文の原形主語整合化
7694,hum,B2,B2,ハミングする,ハミングする,/ˈhʌmz/,/hˈʌm/,She hums while she cooks.,I hum while she cooks.,彼女は料理をしながらハミングする。,私は料理をしながらハミングする。,屈折IPAの原形化 / 例文の原形主語整合化
7705,muse,B2,B2,考え込む、瞑想する,考え込む、瞑想する,/ˈmjuːz/,/mjˈuːz/,She would often muse about the meaning of life.,She would often muse about the meaning of life.,彼女はしばしば人生の意味について考え込んだ。,彼女はしばしば人生の意味について考え込んだ。,屈折IPAの原形化
7706,nanny,B2,B2,ベビーシッター,ベビーシッター,/ˈnæniz/,/nˈæniː/,They hired nannies to care for the children.,They hired nannies to care for the children.,彼らは子供たちの世話をするためにベビーシッターを雇った。,彼らは子供たちの世話をするためにベビーシッターを雇った。,屈折IPAの原形化
7712,poppy,B2,B2,ポピー,ポピー,/ˈpɑpiz/,/pˈɑːpiː/,The field was full of red poppies.,The field was full of red poppies.,その畑は赤いポピーでいっぱいだった。,その畑は赤いポピーでいっぱいだった。,屈折IPAの原形化
7719,resemblance,B2,B2,類似点、似ていること,類似点、似ていること,/rɪˈzɛmbləns/,/rɪzˈembləns/,There is a strong resemblance between the two sisters.,There is a strong resemblance between the two sisters.,その姉妹の間には強い類似点がある。,その姉妹の間には強い類似点がある。,屈折IPAの原形化
7721,rib,B2,B2,肋骨,肋骨,/ˈrɪbz/,/rˈɪb/,He hurt his ribs in the fall.,He hurt his rib in the fall.,彼は転倒で肋骨を痛めました。,私は転倒で肋骨を痛めました。,屈折IPAの原形化 / 例文の原形主語整合化
7726,spec,B2,B2,仕様,仕様,/ˈspɛks/,/spˈek/,The specs of the new computer were impressive.,The spec of the new computer were impressive.,新しいコンピュータの仕様は印象的でした。,新しいコンピュータの仕様は印象的でした。,屈折IPAの原形化 / 例文の原形主語整合化
7727,sucker,B2,B2,吸盤,吸盤,/ˈsʌkərz/,/sˈʌkɚ/,Octopuses have suckers on their tentacles.,Octopuses have sucker on their tentacles.,タコは触手に吸盤を持っています。,タコは触手に吸盤を持っています。,屈折IPAの原形化 / 例文の原形主語整合化
7735,vaccination,B2,B2,予防接種,予防接種,/ˌvæksəˈneɪʃənz/,/væksənˈeɪʃən/,Get your vaccinations before you travel abroad.,Get your vaccination before you travel abroad.,海外旅行に行く前に予防接種を受けてください。,海外旅行に行く前に予防接種を受けてください。,屈折IPAの原形化 / 例文の原形主語整合化
7736,vibration,B2,B2,振動,振動,/vaɪˈbreɪʃənz/,/vaɪbrˈeɪʃən/,The car's vibrations were very strong.,The car's vibration were very strong.,車の振動は非常に強かった。,車の振動は非常に強かった。,屈折IPAの原形化 / 例文の原形主語整合化
7746,bluff,B2,B2,虚勢を張る,虚勢を張る,/ˈblʌfs/,/blˈʌf/,He was just bluffing to get his way.,He was just bluffing to get his way.,彼は自分の思い通りにするために虚勢を張っていただけだ。,彼は自分の思い通りにするために虚勢を張っていただけだ。,屈折IPAの原形化
7747,cartel,B2,B2,カルテル,カルテル,/kɑˈrtɛlz/,/kɑːrtˈel/,The oil companies formed a cartel to control prices.,The oil companies formed a cartel to control prices.,石油会社は価格をコントロールするためにカルテルを結成した。,石油会社は価格をコントロールするためにカルテルを結成した。,屈折IPAの原形化
7757,constituent,B2,B2,有権者,有権者,/kəˈnstɪtʃuənts/,/kənstˈɪtʃuːənt/,The politician addressed his constituents.,The politician addressed his constituent.,その政治家は彼の有権者に演説した。,その政治家は彼の有権者に演説した。,屈折IPAの原形化 / 例文の原形主語整合化
7762,courtroom,B2,B2,法廷,法廷,/ˈkɔˌrtruːmz/,/kˈɔːrtrˌuːm/,The lawyer prepared for the case in the courtrooms.,The lawyer prepared for the case in the courtroom.,弁護士は法廷で事件に備えました。,弁護士は法廷で事件に備えました。,屈折IPAの原形化 / 例文の原形主語整合化
7763,cyclist,B2,B2,自転車に乗る人,自転車に乗る人,/ˈsaɪkəlɪsts/,/sˈaɪkəlɪst/,The road was full of cyclists.,The road was full of cyclist.,道は自転車に乗る人でいっぱいでした。,道は自転車に乗る人でいっぱいでした。,屈折IPAの原形化 / 例文の原形主語整合化
7769,drip,B2,B2,滴る,滴る,/ˈdrɪps/,/drˈɪp/,Water drips from the leaky faucet.,Water drip from the leaky faucet.,水が漏れている蛇口から滴っています。,水が漏れている蛇口から滴っています。,屈折IPAの原形化 / 例文の原形主語整合化
7773,emblem,B2,B2,象徴、紋章,象徴、紋章,/ˈɛmbləmz/,/ˈembləm/,The national flag is an emblem of the country's unity.,The national flag is an emblem of the country's unity.,国旗は国の団結の象徴です。,国旗は国の団結の象徴です。,屈折IPAの原形化
7777,flyer,B2,B2,チラシ,チラシ,/ˈflaɪərz/,/flˈaɪɚ/,We distributed flyers about our new product.,We distributed flyer about our new product.,私たちは新製品に関するチラシを配布した。,私たちは新製品に関するチラシを配布した。,屈折IPAの原形化 / 例文の原形主語整合化
7786,installment,B2,B2,分割払い、月賦,分割払い、月賦,/ɪˈnstɔlmənt/,/ɪˈnstɔlmənt/,They paid for the furniture in monthly installments.,They paid for the furniture in monthly installment.,彼らは家具を月賦払いで支払った。,彼らは家具を月賦払いで支払った。,例文の原形主語整合化
7787,kernel,B2,B2,核,核,/ˈkɜːrnəlz/,/kˈɜːrnəl/,The kernels of corn were dried.,The kernel of corn were dried.,トウモロコシの核は乾燥された。,トウモロコシの核は乾燥された。,屈折IPAの原形化 / 例文の原形主語整合化
7798,prostitute,B2,B2,売春婦,売春婦,/ˈprɑstəˌtuːts/,/prˈɑːstətˌuːt/,Prostitutes are often victims of human trafficking.,prostitute are often victims of human trafficking.,売春婦は人身売買の犠牲者であることが多い。,売春婦は人身売買の犠牲者であることが多い。,屈折IPAの原形化 / 例文の原形主語整合化
7805,staircase,B2,B2,階段,階段,/ˈstɛˌrkeɪs/,/stˈerkˌeɪs/,They walked up the staircase.,They walked up the staircase.,彼らは階段を上った。,彼らは階段を上った。,屈折IPAの原形化
7831,cigar,B2,B2,葉巻,葉巻,/sɪˈɡɑrz/,/sɪɡˈɑːr/,He enjoys relaxing with a cigar after dinner.,He enjoys relaxing with a cigar after dinner.,彼は夕食後に葉巻でリラックスするのを楽しんでいる。,彼は夕食後に葉巻でリラックスするのを楽しんでいる。,屈折IPAの原形化
7843,dungeon,B2,B2,地下牢,地下牢,/ˈdʌndʒənz/,/dˈʌndʒən/,He was held captive in the dungeons.,He was held captive in the dungeon.,彼は地下牢に捕らえられていた。,私は地下牢に捕らえられていた。,屈折IPAの原形化 / 例文の原形主語整合化
7844,dwell,B2,B2,住む,住む,/ˈdwɛlz/,/dwˈel/,The family dwells in a small house in the countryside.,The family dwell in a small house in the countryside.,その家族は田舎の小さな家に住んでいる。,その家族は田舎の小さな家に住んでいる。,屈折IPAの原形化 / 例文の原形主語整合化
7863,latitude,B2,B2,緯度,緯度,/ˈlætəˌtuːdz/,/lˈætətˌuːd/,The temperature varies greatly at different latitudes.,The temperature varies greatly at different latitude.,気温は異なる緯度で大きく異なります。,気温は異なる緯度で大きく異なります。,屈折IPAの原形化 / 例文の原形主語整合化
7864,libertarian,B2,B2,自由主義者,自由主義者,/ˌlɪbərˈtɛriənz/,/lˌɪbɚtˈeriːən/,The libertarians advocate for individual freedom.,The libertarian advocate for individual freedom.,自由主義者たちは個人の自由を提唱する。,自由主義者たちは個人の自由を提唱する。,屈折IPAの原形化 / 例文の原形主語整合化
7872,overdose,B2,B2,過剰摂取,過剰摂取,/ˈoʊvərˌdoʊs/,/ˈoʊvɚdˌoʊs/,He suffered an overdose of pain medication.,He suffered an overdose of pain medication.,彼は鎮痛剤を過剰摂取して苦しんだ。,彼は鎮痛剤を過剰摂取して苦しんだ。,屈折IPAの原形化
7873,pathology,B2,B2,病理,病理,/pəˈθɑlədʒiz/,/pəθˈɑːlədʒiː/,The pathologists studied the various pathologies of the disease.,The pathologists studied the various pathologies of the disease.,病理学者たちは、その病気の様々な病理を研究しました。,病理学者たちは、その病気の様々な病理を研究しました。,屈折IPAの原形化
7878,procession,B2,B2,行列,行列,/proʊˈsɛʃənz/,/prəsˈeʃən/,The processions are a tradition.,The procession are a tradition.,行列は伝統である。,行列は伝統である。,屈折IPAの原形化 / 例文の原形主語整合化
7925,consulate,B2,B2,領事館,領事館,/ˈkɑnsələts/,/kˈɑːnsələt/,The US consulates are located in major cities.,The US consulate are located in major cities.,アメリカの領事館は主要都市に位置している。,アメリカの領事館は主要都市に位置している。,屈折IPAの原形化 / 例文の原形主語整合化
7939,follower,B2,B2,フォロワー,フォロワー,/ˈfɑloʊər/,/ˈfɑloʊər/,She has many followers on social media.,She has many follower on social media.,彼女はソーシャルメディアに多くのフォロワーがいます。,私はソーシャルメディアに多くのフォロワーがいます。,例文の原形主語整合化
7940,fraternity,B2,B2,男子学生クラブ,男子学生クラブ,/frəˈtɜːrnətiz/,/frətˈɜːrnətiː/,He joined a fraternity in college and made many friends.,He joined a fraternity in college and made many friends.,彼は大学で男子学生クラブに入り、多くの友達を作った。,彼は大学で男子学生クラブに入り、多くの友達を作った。,屈折IPAの原形化
7947,insecurity,B2,B2,不安,不安,/ˌɪnsəˈkjʊrɪtiz/,/ˌɪnsɪkjˈʊrɪtiː/,He struggled with his insecurities.,He struggled with his insecurities.,彼は自分の不安と闘った。,彼は自分の不安と闘った。,屈折IPAの原形化
7968,porcelain,B2,B2,陶磁器,陶磁器,/ˈpɔrsələnz/,/pˈɔːrsələn/,The museum had a large collection of porcelains.,The museum had a large collection of porcelain.,博物館には陶磁器の大きなコレクションがあった。,博物館には陶磁器の大きなコレクションがあった。,屈折IPAの原形化 / 例文の原形主語整合化
7969,programmer,B2,B2,プログラマー,プログラマー,/ˈproʊˌɡræmərz/,/prˈoʊɡrˌæmɚ/,The company is looking for experienced programmers.,The company is looking for experienced programmer.,その会社は経験豊富なプログラマーを探している。,その会社は経験豊富なプログラマーを探している。,屈折IPAの原形化 / 例文の原形主語整合化
7977,reversal,B2,B2,逆転,逆転,/rɪˈvɜːrsəlz/,/rɪvˈɜːrsəl/,The company experienced several reversals in fortune.,The company experienced several reversal in fortune.,その会社は運勢においていくつかの逆転を経験した。,その会社は運勢においていくつかの逆転を経験した。,屈折IPAの原形化 / 例文の原形主語整合化
7981,scanner,B2,B2,スキャナー,スキャナー,/ˈskænərz/,/skˈænɚ/,The airport uses scanners to check passengers.,The airport uses scanner to check passengers.,空港は乗客をチェックするためにスキャナーを使用している。,空港は乗客をチェックするためにスキャナーを使用している。,屈折IPAの原形化 / 例文の原形主語整合化
7998,walnut,B2,B2,クルミ,クルミ,/ˈwɔˌlnʌts/,/wˈɔːlnˌʌt/,She added walnuts to the salad.,She added walnut to the salad.,彼女はサラダにクルミを加えた。,私はサラダにクルミを加えた。,屈折IPAの原形化 / 例文の原形主語整合化
8003,arrogance,B2,B2,傲慢,傲慢,/ˈɛrəɡəns/,/ˈerəɡəns/,His arrogance is very off-putting.,His arrogance is very off-putting.,彼の傲慢さは非常に不快である。,彼の傲慢さは非常に不快である。,屈折IPAの原形化
8008,bowel,B2,B2,腸,腸,/ˈbaʊəlz/,/bˈaʊəl/,He had some issues with his bowels.,He had some issues with his bowel.,彼は腸にいくつかの問題を抱えていた。,私は腸にいくつかの問題を抱えていた。,屈折IPAの原形化 / 例文の原形主語整合化
8010,brow,B2,B2,眉,眉,/ˈbraʊz/,/brˈaʊ/,She has thick eyebrows.,She has thick eyebrows.,彼女は太い眉を持っている。,彼女は太い眉を持っている。,屈折IPAの原形化
8011,canton,B2,B2,州,州,/ˈkæntən/,/ˈkæntən/,Switzerland is divided into cantons.,Switzerland is divided into canton.,スイスは州に分割されている。,スイスは州に分割されている。,例文の原形主語整合化
8016,comrade,B2,B2,同志、仲間,同志、仲間,/ˈkɑˌmrædz/,/kˈɑːmrˌæd/,The soldiers fought bravely alongside their comrades.,The soldiers fought bravely alongside their comrade.,兵士たちは同志と共に勇敢に戦った。,兵士たちは同志と共に勇敢に戦った。,屈折IPAの原形化 / 例文の原形主語整合化
8031,entitlement,B2,B2,権利,権利,/ɛˈntaɪtəlmənts/,/entˈaɪtəlmənt/,They are fighting for their entitlements.,They are fighting for their entitlement.,彼らは自分たちの権利のために戦っている。,彼らは自分たちの権利のために戦っている。,屈折IPAの原形化 / 例文の原形主語整合化
8036,fragment,B2,B2,破片,破片,/ˈfræɡmənts/,/frˈæɡmənt/,She found fragments of pottery.,She found fragment of pottery.,彼女は陶器の破片を見つけた。,私は陶器の破片を見つけた。,屈折IPAの原形化 / 例文の原形主語整合化
8038,garner,B2,B2,集める、獲得する,集める、獲得する,/ˈɡɑrnərz/,/ɡˈɑːrnɚ/,The book garners much praise.,The book garner much praise.,その本は多くの賞賛を集めている。,その本は多くの賞賛を集めている。,屈折IPAの原形化 / 例文の原形主語整合化
8043,impairment,B2,B2,障害、機能障害,障害、機能障害,/ɪˈmpɛrmənts/,/ɪmpˈermənt/,He suffered from physical impairments.,He suffered from physical impairment.,彼は身体的な障害に苦しんでいた。,私は身体的な障害に苦しんでいた。,屈折IPAの原形化 / 例文の原形主語整合化
8050,lighthouse,B2,B2,灯台,灯台,/ˈlaɪˌthaʊs/,/lˈaɪthˌaʊs/,The lighthouse guided ships at night.,The lighthouse guided ships at night.,灯台は夜に船を導いた。,灯台は夜に船を導いた。,屈折IPAの原形化
8069,pun,B2,B2,駄洒落,駄洒落,/ˈpʌnz/,/pˈʌn/,The speech was full of puns.,The speech was full of pun.,スピーチは駄洒落でいっぱいだった。,スピーチは駄洒落でいっぱいだった。,屈折IPAの原形化 / 例文の原形主語整合化
8075,replicate,B2,B2,複製する,複製する,/ˈrɛpləˌkeɪt/,/ˈrɛpləˌkeɪt/,The cell replicates its DNA before dividing.,The cell replicate its DNA before dividing.,細胞は分裂する前にDNAを複製する。,細胞は分裂する前にDNAを複製する。,例文の原形主語整合化
8078,rooftop,B2,B2,屋根,屋根,/ˈruːˌftɑps/,/rˈuːftˌɑːp/,The cats like to climb on the rooftops.,The cats like to climb on the rooftop.,猫たちは屋根に登るのが好きだ。,猫たちは屋根に登るのが好きだ。,屈折IPAの原形化 / 例文の原形主語整合化
8084,sitcom,B2,B2,シットコム,シットコム,/ˈsɪtkɑmz/,/sˈɪtkˌɑːm/,She enjoys watching sitcoms in her free time.,She enjoys watching sitcom in her free time.,彼女は暇な時間にシットコムを見るのが好きです。,私は暇な時間にシットコムを見るのが好きです。,屈折IPAの原形化 / 例文の原形主語整合化
8090,spoiler,B2,B2,ネタバレ,ネタバレ,/ˈspɔɪlər/,/ˈspɔɪlər/,Please don't give me any spoilers about the movie.,Please don't give me any spoiler about the movie.,映画のネタバレはしないでください。,映画のネタバレはしないでください。,例文の原形主語整合化
8093,tavern,B2,B2,居酒屋,居酒屋,/ˈtævərnz/,/tˈævɚn/,There were many taverns in the old town.,There were many tavern in the old town.,古い町には多くの居酒屋があった。,古い町には多くの居酒屋があった。,屈折IPAの原形化 / 例文の原形主語整合化
8111,avoidance,B2,B2,回避,回避,/əˈvɔɪdəns/,/əvˈɔɪdəns/,Her avoidance of eye contact made me suspicious.,Her avoidance of eye contact made me suspicious.,彼女が目を合わせるのを避けたので、私は疑わしく思った。,彼女が目を合わせるのを避けたので、私は疑わしく思った。,屈折IPAの原形化
8125,dagger,B2,B2,短剣,短剣,/ˈdæɡərz/,/dˈæɡɚ/,The assassin hid the daggers under his cloak.,The assassin hid the dagger under his cloak.,暗殺者は短剣をマントの下に隠した。,暗殺者は短剣をマントの下に隠した。,屈折IPAの原形化 / 例文の原形主語整合化
8133,downside,B2,B2,欠点、短所,欠点、短所,/ˈdaʊˌnsaɪdz/,/dˈaʊnsˌaɪd/,One of the downsides of this job is the long hours.,One of the downside of this job is the long hours.,この仕事の欠点の一つは労働時間が長いことだ。,この仕事の欠点の一つは労働時間が長いことだ。,屈折IPAの原形化 / 例文の原形主語整合化
8134,dryer,B2,B2,乾燥機,乾燥機,/ˈdraɪərz/,/drˈaɪɚ/,We need to fix the dryers.,We need to fix the dryer.,私たちは乾燥機を修理する必要があります。,私たちは乾燥機を修理する必要があります。,屈折IPAの原形化 / 例文の原形主語整合化
8139,ethic,B2,B2,倫理,倫理,/ˈɛθɪks/,/ˈeθɪk/,The company has a strong code of ethics.,The company has a strong code of ethic.,その会社は強力な倫理規定を持っている。,その会社は強力な倫理規定を持っている。,屈折IPAの原形化 / 例文の原形主語整合化
8141,fireplace,B2,B2,暖炉,暖炉,/ˈfaɪərˌpleɪs/,/fˈaɪɚplˌeɪs/,We sat by the fireplace and talked.,We sat by the fireplace and talked.,私たちは暖炉のそばに座って話をした。,私たちは暖炉のそばに座って話をした。,屈折IPAの原形化
8143,fugitive,B2,B2,逃亡者,逃亡者,/ˈfjuːdʒɪtɪvz/,/fjˈuːdʒətɪv/,The police were searching for the fugitives.,The police were searching for the fugitive.,警察は逃亡者を捜していた。,警察は逃亡者を捜していた。,屈折IPAの原形化 / 例文の原形主語整合化
8153,misuse,B2,B2,誤用、悪用,誤用、悪用,/mɪˈsjuːz/,/mɪsjˈuːz/,The misuse of funds caused a scandal.,The misuse of funds caused a scandal.,資金の誤用がスキャンダルを引き起こした。,資金の誤用がスキャンダルを引き起こした。,屈折IPAの原形化
8159,oyster,B2,B2,牡蠣,牡蠣,/ˈɔɪstər/,/ˈɔɪstər/,He ate raw oysters at the seafood restaurant.,He ate raw oyster at the seafood restaurant.,彼はシーフードレストランで生牡蠣を食べた。,私はシーフードレストランで生牡蠣を食べた。,例文の原形主語整合化
8165,prominence,B2,B2,卓越、著名,卓越、著名,/ˈprɑmənəns/,/prˈɑːmənəns/,The museum features many artists of prominence.,The museum features many artists of prominence.,その美術館は多くの著名な芸術家を展示している。,その美術館は多くの著名な芸術家を展示している。,屈折IPAの原形化
8185,stroll,B2,B2,散歩する,散歩する,/ˈstroʊlz/,/strˈoʊl/,They stroll along the beach in the evening.,They stroll along the beach in the evening.,彼らは夕方にビーチを散歩します。,彼らは夕方にビーチを散歩します。,屈折IPAの原形化
8188,transcription,B2,B2,筆記録、写し,筆記録、写し,/ˌtræˈnskrɪpʃənz/,/trˌænskrˈɪpʃən/,The court records included transcriptions of the trial.,The court records included transcription of the trial.,裁判所の記録には裁判の筆記録が含まれていた。,裁判所の記録には裁判の筆記録が含まれていた。,屈折IPAの原形化 / 例文の原形主語整合化
8201,ala,B2,B2,ああ,ああ,/əˈlæs/,/ˈeɪlə/,"Alas, I missed the train.","ala, I missed the train.",ああ、私は電車に乗り遅れた。,ああ、私は電車に乗り遅れた。,屈折IPAの原形化 / 例文の原形主語整合化
8203,almond,B2,B2,アーモンド,アーモンド,/ˈɑlməndz/,/ˈɑːmənd/,I added some almonds to my salad.,I added some almond to my salad.,サラダにアーモンドを加えました。,サラダにアーモンドを加えました。,屈折IPAの原形化 / 例文の原形主語整合化
8207,backbone,B2,B2,背骨、根幹,背骨、根幹,/ˈbæˌkboʊnz/,/bˈækbˌoʊn/,The backbones of the company are its employees.,The backbone of the company are its employees.,会社の根幹は従業員である。,会社の根幹は従業員である。,屈折IPAの原形化 / 例文の原形主語整合化
8210,booklet,B2,B2,小冊子,小冊子,/ˈbʊkləts/,/bˈʊklɪt/,They handed out booklets with information about the event.,They handed out booklet with information about the event.,彼らはイベントに関する情報が書かれた小冊子を配布した。,彼らはイベントに関する情報が書かれた小冊子を配布した。,屈折IPAの原形化 / 例文の原形主語整合化
8211,brawl,B2,B2,乱闘,乱闘,/ˈbrɔlz/,/brˈɔːl/,The brawls broke out in the streets.,The brawl broke out in the streets.,乱闘が通りで発生した。,乱闘が通りで発生した。,屈折IPAの原形化 / 例文の原形主語整合化
8220,devote,B2,B2,捧げる、専念する,捧げる、専念する,/dɪˈvoʊts/,/dɪvˈoʊt/,She devotes her time to charity work.,I devote her time to charity work.,彼女は自分の時間を慈善活動に捧げている。,私は自分の時間を慈善活動に捧げている。,屈折IPAの原形化 / 例文の原形主語整合化
8224,fragrance,B2,B2,香り,香り,/ˈfreɪɡrəns/,/frˈeɪɡrəns/,The fragrance of the flowers filled the air.,The fragrance of the flowers filled the air.,花の香りが空気に満ちていた。,花の香りが空気に満ちていた。,屈折IPAの原形化
8232,insurer,B2,B2,保険会社,保険会社,/ɪˈnʃʊrərz/,/ɪnʃˈʊrɚ/,Insurers are evaluating the flood damage.,insurer are evaluating the flood damage.,保険会社は洪水被害を評価しています。,保険会社は洪水被害を評価しています。,屈折IPAの原形化 / 例文の原形主語整合化
8253,redeem,B2,B2,償う、買い戻す,償う、買い戻す,/rəˈdiːmz/,/rɪdˈiːm/,He tries to redeem his past mistakes.,He tries to redeem his past mistakes.,彼は過去の過ちを償おうとしている。,彼は過去の過ちを償おうとしている。,屈折IPAの原形化
8259,semiconductor,B2,B2,半導体,半導体,/ˌsɛmikəˈndʌktərz/,/sˌemiːkəndˈʌktɚ/,Semiconductors are essential components in electronic devices.,semiconductor are essential components in electronic devices.,半導体は電子機器に不可欠な部品である。,半導体は電子機器に不可欠な部品である。,屈折IPAの原形化 / 例文の原形主語整合化
8270,suspense,B2,B2,サスペンス、不安,サスペンス、不安,/səˈspɛns/,/səspˈens/,The movie was full of suspense.,The movie was full of suspense.,その映画はサスペンスに満ちていた。,その映画はサスペンスに満ちていた。,屈折IPAの原形化
8288,waiver,B2,B2,権利放棄,権利放棄,/ˈweɪvərz/,/wˈeɪvɚ/,They signed waivers before participating.,They signed waiver before participating.,彼らは参加する前に権利放棄に署名した。,彼らは参加する前に権利放棄に署名した。,屈折IPAの原形化 / 例文の原形主語整合化
8301,cruiser,B2,B2,巡洋艦,巡洋艦,/ˈkruːzərz/,/krˈuːzɚ/,The navy sent cruisers to patrol the area.,The navy sent cruiser to patrol the area.,海軍は巡洋艦をその地域を巡回させるために派遣した。,海軍は巡洋艦をその地域を巡回させるために派遣した。,屈折IPAの原形化 / 例文の原形主語整合化
8308,dependency,B2,B2,依存関係,依存関係,/dɪˈpɛndənsiz/,/dɪpˈendənsiː/,The software has several dependencies on other libraries.,The software has several dependencies on other libraries.,そのソフトウェアは他のライブラリにいくつかの依存関係がある。,そのソフトウェアは他のライブラリにいくつかの依存関係がある。,屈折IPAの原形化
8321,eruption,B2,B2,噴火,噴火,/ɪˈrʌpʃənz/,/ɪrˈʌpʃən/,The volcano has had several eruptions.,The volcano has had several eruption.,その火山は数回の噴火を起こしている。,その火山は数回の噴火を起こしている。,屈折IPAの原形化 / 例文の原形主語整合化
8327,footprint,B2,B2,足跡,足跡,/ˈfʊˌtprɪnts/,/fˈʊtprˌɪnt/,We followed the footprints in the snow.,We followed the footprint in the snow.,私たちは雪の足跡を追った。,私たちは雪の足跡を追った。,屈折IPAの原形化 / 例文の原形主語整合化
8342,inherit,B2,B2,相続する,相続する,/ɪˈnhɛrəts/,/ɪnhˈerət/,She inherits the family business.,I inherit the family business.,彼女は家業を相続します。,私は家業を相続します。,屈折IPAの原形化 / 例文の原形主語整合化
8349,mast,B2,B2,マスト,マスト,/ˈmæsts/,/mˈæst/,The tall ship had three masts.,The tall ship had three mast.,その大型船には3本のマストがありました。,その大型船には3本のマストがありました。,屈折IPAの原形化 / 例文の原形主語整合化
8363,robe,B2,B2,ローブ,ローブ,/ˈroʊbz/,/rˈoʊb/,She wore a silk robe after her bath.,She wore a silk robe after her bath.,彼女は入浴後、シルクのローブを着た。,彼女は入浴後、シルクのローブを着た。,屈折IPAの原形化
8368,socket,B2,B2,ソケット,ソケット,/ˈsɑkəts/,/sˈɑːkət/,Check the sockets for any loose connections.,Check the socket for any loose connections.,ソケットに緩みがないか確認してください。,ソケットに緩みがないか確認してください。,屈折IPAの原形化 / 例文の原形主語整合化
8372,stool,B2,B2,スツール,スツール,/ˈstuːlz/,/stˈuːl/,They sat on stools around the table.,They sat on stool around the table.,彼らはテーブルの周りのスツールに座った。,彼らはテーブルの周りのスツールに座った。,屈折IPAの原形化 / 例文の原形主語整合化
8377,tread,B2,B2,足跡,足跡,/ˈtrɛdz/,/trˈed/,The treads on the tire were worn.,The tread on the tire were worn.,タイヤのトレッドは磨耗していた。,タイヤのトレッドは磨耗していた。,屈折IPAの原形化 / 例文の原形主語整合化
8379,truce,B2,B2,休戦,休戦,/ˈtruːs/,/trˈuːs/,The two armies agreed to a truce.,The two armies agreed to a truce.,二つの軍隊は休戦に合意した。,二つの軍隊は休戦に合意した。,屈折IPAの原形化
8386,wrestler,B2,B2,レスラー,レスラー,/ˈrɛslərz/,/rˈesəlɚ/,The wrestlers trained hard for the upcoming competition.,The wrestler trained hard for the upcoming competition.,レスラーたちは来る試合に向けて懸命にトレーニングした。,レスラーたちは来る試合に向けて懸命にトレーニングした。,屈折IPAの原形化 / 例文の原形主語整合化
8402,coastline,B2,B2,海岸線,海岸線,/ˈkoʊˌstlaɪnz/,/kˈoʊstlˌaɪn/,The coastlines of California are beautiful.,The coastline of California are beautiful.,カリフォルニアの海岸線は美しい。,カリフォルニアの海岸線は美しい。,屈折IPAの原形化 / 例文の原形主語整合化
8409,cuff,B2,B2,袖口,袖口,/ˈkʌfs/,/kˈʌf/,The cuffs of his shirt were neatly pressed.,The cuff of his shirt were neatly pressed.,彼のシャツの袖口はきちんとアイロンがかけられていた。,彼のシャツの袖口はきちんとアイロンがかけられていた。,屈折IPAの原形化 / 例文の原形主語整合化
8415,derive,B2,B2,得る,得る,/dərˈaɪv/,/dərˈaɪv/,The company derives most of its income from overseas sales.,The company derive most of its income from overseas sales.,その会社は収入の大部分を海外販売から得ている。,その会社は収入の大部分を海外販売から得ている。,例文の原形主語整合化
8419,diversion,B2,B2,気晴らし,気晴らし,/dɪˈvɜːrʒənz/,/daɪvˈɜːrʒən/,He sought diversions to forget his troubles.,He sought diversion to forget his troubles.,彼は悩みを忘れるために気晴らしを求めた。,私は悩みを忘れるために気晴らしを求めた。,屈折IPAの原形化 / 例文の原形主語整合化
8422,dumpster,B2,B2,ゴミ捨て場,ゴミ捨て場,/ˈdʌmpstərz/,/dˈʌmpstɚ/,The dumpsters were overflowing with trash.,The dumpster were overflowing with trash.,ゴミ捨て場はゴミで溢れかえっていた。,ゴミ捨て場はゴミで溢れかえっていた。,屈折IPAの原形化 / 例文の原形主語整合化
8424,excerpt,B2,B2,抜粋,抜粋,/ˈɛksərpts/,/ˈeksɚpt/,I read excerpts from the book.,I read excerpt from the book.,私はその本からの抜粋を読んだ。,私はその本からの抜粋を読んだ。,屈折IPAの原形化 / 例文の原形主語整合化
8444,pageant,B2,B2,ページェント,ページェント,/ˈpædʒənts/,/pˈædʒənt/,The town held annual beauty pageants.,The town held annual beauty pageant.,町は毎年恒例の美人ページェントを開催した。,町は毎年恒例の美人ページェントを開催した。,屈折IPAの原形化 / 例文の原形主語整合化
8447,persistence,B2,B2,粘り強さ,粘り強さ,/pərˈsɪstəns/,/pɚsˈɪstəns/,Her persistence paid off in the end.,Her persistence paid off in the end.,彼女の粘り強さは最終的に報われた。,彼女の粘り強さは最終的に報われた。,屈折IPAの原形化
8449,prohibit,B2,B2,禁止する,禁止する,/proʊˈhɪbət/,/proʊˈhɪbət/,The law prohibits smoking indoors.,The law prohibit smoking indoors.,その法律は屋内での喫煙を禁止している。,その法律は屋内での喫煙を禁止している。,例文の原形主語整合化
8462,spectator,B2,B2,観客,観客,/ˈspɛkteɪtərz/,/spˈekteɪtɚ/,The spectators cheered for the team.,The spectator cheered for the team.,観客はチームを応援した。,観客はチームを応援した。,屈折IPAの原形化 / 例文の原形主語整合化
8465,syndicate,B2,B2,シンジケート,シンジケート,/ˈsɪndɪˌkeɪts/,/sˈɪndɪkət/,Several criminal syndicates operate in the area.,Several criminal syndicate operate in the area.,いくつかの犯罪シンジケートがその地域で活動している。,いくつかの犯罪シンジケートがその地域で活動している。,屈折IPAの原形化 / 例文の原形主語整合化
8468,usher,B2,B2,案内係,案内係,/ˈʌʃərz/,/ˈʌʃɚ/,The ushers will guide you to your seats.,The usher will guide you to your seats.,案内係があなたの席まで案内します。,案内係があなたの席まで案内します。,屈折IPAの原形化 / 例文の原形主語整合化
8482,bartender,B2,B2,バーテンダー,バーテンダー,/ˈbɑˌrtɛndərz/,/bˈɑːrtˌendɚ/,The bartenders were busy mixing drinks.,The bartender were busy mixing drinks.,バーテンダーたちは忙しく飲み物を混ぜていた。,バーテンダーたちは忙しく飲み物を混ぜていた。,屈折IPAの原形化 / 例文の原形主語整合化
8501,despise,B2,B2,軽蔑する,軽蔑する,/dɪˈspaɪzɪz/,/dɪspˈaɪz/,She despises dishonesty.,I despise dishonesty.,彼女は不誠実さを軽蔑している。,私は不誠実さを軽蔑している。,屈折IPAの原形化 / 例文の原形主語整合化
8503,diocese,B2,B2,教区,教区,/ˈdaɪəˌsiːz/,/dˈaɪəsˌiːz/,He was the bishop of the diocese.,He was the bishop of the diocese.,彼はその教区の司教だった。,彼はその教区の司教だった。,屈折IPAの原形化
8511,handler,B2,B2,取扱者,取扱者,/ˈhændlərz/,/hˈændlɚ/,The dog handlers were very skilled with their animals.,The dog handler were very skilled with their animals.,犬の取扱者たちは動物の扱いに非常に熟練していました。,犬の取扱者たちは動物の扱いに非常に熟練していました。,屈折IPAの原形化 / 例文の原形主語整合化
8524,jackpot,B2,B2,大当たり,大当たり,/ˈdʒæˌkpɑts/,/dʒˈækpˌɑːt/,He won one of the jackpots.,He won one of the jackpot.,彼は大当たりの一つを当てた。,私は大当たりの一つを当てた。,屈折IPAの原形化 / 例文の原形主語整合化
8540,nuisance,B2,B2,迷惑,迷惑,/ˈnuːsəns/,/nˈuːsəns/,The noise was a nuisance.,The noise was a nuisance.,その騒音は迷惑だった。,その騒音は迷惑だった。,屈折IPAの原形化
8541,obedience,B2,B2,従順、服従,従順、服従,/oʊˈbiːdiəns/,/oʊbˈiːdiːəns/,The dog showed great obedience.,The dog showed great obedience.,その犬は非常に従順だった。,その犬は非常に従順だった。,屈折IPAの原形化
8551,pilgrimage,B2,B2,巡礼,巡礼,/ˈpɪlɡrəmɪdʒɪz/,/pˈɪlɡrəmədʒ/,They went on pilgrimages to holy sites.,They went on pilgrimage to holy sites.,彼らは聖地への巡礼に出かけた。,彼らは聖地への巡礼に出かけた。,屈折IPAの原形化 / 例文の原形主語整合化
8552,pivot,B2,B2,軸、旋回する,軸、旋回する,/ˈpɪvəts/,/pˈɪvət/,The door pivots on its hinges.,The door pivot on its hinges.,ドアは蝶番で旋回する。,ドアは蝶番で旋回する。,屈折IPAの原形化 / 例文の原形主語整合化
8556,primer,B2,B2,プライマー,プライマー,/ˈpraɪmərz/,/prˈaɪmɚ/,Primers are essential for initiating the replication of DNA.,primer are essential for initiating the replication of DNA.,プライマーはDNAの複製を開始するために不可欠である。,プライマーはDNAの複製を開始するために不可欠である。,屈折IPAの原形化 / 例文の原形主語整合化
8577,ancestor,B2,B2,先祖,先祖,/ˈæˌnsɛstər/,/ˈæˌnsɛstər/,My ancestors came from Ireland.,My ancestor came from Ireland.,私の先祖はアイルランドから来た。,私の先祖はアイルランドから来た。,例文の原形主語整合化
8582,autograph,B2,B2,サイン,サイン,/ˈɔtəˌɡræfs/,/ˈɔːtəɡrˌæf/,Fans waited to get autographs from the star.,Fans waited to get autograph from the star.,ファンはスターからサインをもらうのを待ちました。,ファンはスターからサインをもらうのを待ちました。,屈折IPAの原形化 / 例文の原形主語整合化
8589,brag,B2,B2,自慢する,自慢する,/ˈbræɡz/,/brˈæɡ/,He always brags about his accomplishments.,He always brag about his accomplishments.,彼はいつも自分の業績について自慢します。,私はいつも自分の業績について自慢します。,屈折IPAの原形化 / 例文の原形主語整合化
8597,commemorate,B2,B2,記念する,記念する,/kəˈmɛmərˌeɪts/,/kəmˈemɚˌeɪt/,The festival commemorates the city's history.,The festival commemorate the city's history.,その祭りは都市の歴史を記念する。,その祭りは都市の歴史を記念する。,屈折IPAの原形化 / 例文の原形主語整合化
8600,crocodile,B2,B2,ワニ,ワニ,/ˈkrɑkəˌdaɪlz/,/krˈɑːkədˌaɪl/,The crocodiles were basking in the sun on the riverbank.,The crocodile were basking in the sun on the riverbank.,ワニたちは川岸で日光浴をしていた。,ワニたちは川岸で日光浴をしていた。,屈折IPAの原形化 / 例文の原形主語整合化
8618,fella,B2,B2,男たち,男たち,/ˈfɛləs/,/fˈelə/,"Hey fellas, how's it going?","Hey fella, how's it going?",おい、みんな、元気か？,おい、みんな、元気か？,屈折IPAの原形化 / 例文の原形主語整合化
8646,mimic,B2,B2,模倣する,模倣する,/ˈmɪmɪks/,/mˈɪmɪk/,The bird mimics human speech.,The bird mimic human speech.,その鳥は人間の話し方を模倣する。,その鳥は人間の話し方を模倣する。,屈折IPAの原形化 / 例文の原形主語整合化
8675,stocking,B2,B2,ストッキング,ストッキング,/ˈstɑkɪŋ/,/ˈstɑkɪŋ/,She wore black stockings with her skirt.,She wore black stocking with her skirt.,彼女はスカートと一緒に黒いストッキングを履きました。,私はスカートと一緒に黒いストッキングを履きました。,例文の原形主語整合化
8678,trance,B2,B2,トランス、催眠状態,トランス、催眠状態,/ˈtræns/,/trˈæns/,The music put her in a trance.,The music put her in a trance.,その音楽は彼女をトランス状態にした。,その音楽は彼女をトランス状態にした。,屈折IPAの原形化
8688,auditor,B2,B2,監査役,監査役,/ˈɑdətərz/,/ˈɔːdɪtɚ/,The auditors examined the company's financial records.,The auditor examined the company's financial records.,監査役は会社の財務記録を調査しました。,監査役は会社の財務記録を調査しました。,屈折IPAの原形化 / 例文の原形主語整合化
8695,blueprint,B2,B2,設計図、青写真,設計図、青写真,/ˈbluːˌprɪnts/,/blˈuːprˌɪnt/,The architect showed us the blueprints for the new building.,The architect showed us the blueprint for the new building.,建築家は、新しい建物の設計図を私たちに見せてくれた。,建築家は、新しい建物の設計図を私たちに見せてくれた。,屈折IPAの原形化 / 例文の原形主語整合化
8698,cameo,B2,B2,カメオ,カメオ,/ˈkæmiˌoʊz/,/kˈæmiːˌoʊ/,She wore a brooch with a cameo.,She wore a brooch with a cameo.,彼女はカメオのブローチを着けていた。,彼女はカメオのブローチを着けていた。,屈折IPAの原形化
8701,chromosome,B2,B2,染色体,染色体,/ˈkroʊməˌsoʊm/,/ˈkroʊməˌsoʊm/,Humans have 23 pairs of chromosomes.,Humans have 23 pairs of chromosome.,人間は23対の染色体を持っている。,人間は23対の染色体を持っている。,例文の原形主語整合化
8704,contestant,B2,B2,出場者,出場者,/kəˈntɛstənts/,/kəntˈestənt/,The contestants were nervous before the competition.,The contestant were nervous before the competition.,出場者たちは競技前に緊張していた。,出場者たちは競技前に緊張していた。,屈折IPAの原形化 / 例文の原形主語整合化
8706,convent,B2,B2,修道院,修道院,/ˈkɑnvənts/,/kˈɑːnvənt/,The nuns lived in the convents of the mountain.,The nuns lived in the convent of the mountain.,修道女たちは山の修道院に住んでいました。,修道女たちは山の修道院に住んでいました。,屈折IPAの原形化 / 例文の原形主語整合化
8707,converse,B2,B2,逆,逆,/ˈkɑnvərs/,/kˈɑːnvɚs/,The converse is also true.,The converse is also true.,逆もまた真実です。,逆もまた真実です。,屈折IPAの原形化
8712,defiance,B2,B2,反抗,反抗,/dɪˈfaɪəns/,/dɪfˈaɪəns/,His actions were an act of defiance.,His actions were an act of defiance.,彼の行動は反抗行為だった。,彼の行動は反抗行為だった。,屈折IPAの原形化
8713,deter,B2,B2,阻止する,阻止する,/dɪˈtɜːrz/,/dɪtˈɜːr/,The high price deters people from buying the product.,The high price deter people from buying the product.,その高価格は人々がその製品を買うのを阻止する。,その高価格は人々がその製品を買うのを阻止する。,屈折IPAの原形化 / 例文の原形主語整合化
8714,diner,B2,B2,食事をする人,食事をする人,/ˈdaɪnərz/,/dˈaɪnɚ/,The diners enjoyed the restaurant's ambiance.,The diner enjoyed the restaurant's ambiance.,食事をする人々は、レストランの雰囲気を楽しんだ。,食事をする人々は、レストランの雰囲気を楽しんだ。,屈折IPAの原形化 / 例文の原形主語整合化
8721,envoy,B2,B2,使節、特使,使節、特使,/ˈɛnvɔɪz/,/ˈenvɔɪ/,The president sent envoys to negotiate a peace treaty.,The president sent envoy to negotiate a peace treaty.,大統領は和平条約を交渉するために使節を派遣した。,大統領は和平条約を交渉するために使節を派遣した。,屈折IPAの原形化 / 例文の原形主語整合化
8727,fir,B2,B2,モミ,モミ,/ˈfɜːrz/,/fˈɜːr/,We decorated the fir tree.,We decorated the fir tree.,私たちはモミの木を飾った。,私たちはモミの木を飾った。,屈折IPAの原形化
8737,implant,B2,B2,インプラント,インプラント,/ɪˈmplænts/,/ɪmplˈænt/,The dental implants were a success.,The dental implant were a success.,歯科インプラントは成功だった。,歯科インプラントは成功だった。,屈折IPAの原形化 / 例文の原形主語整合化
8753,placebo,B2,B2,プラセボ、偽薬,プラセボ、偽薬,/pləˈsiːboʊz/,/pləsˈiːboʊ/,They tested the drug's effectiveness against placebos.,They tested the drug's effectiveness against placebo.,彼らはプラセボに対する薬の有効性をテストした。,彼らはプラセボに対する薬の有効性をテストした。,屈折IPAの原形化 / 例文の原形主語整合化
8761,rinse,B2,B2,すすぐ,すすぐ,/ˈrɪns/,/rˈɪns/,Make sure to rinse the dishes thoroughly.,Make sure to rinse the dishes thoroughly.,食器をしっかりとすすぐようにしてください。,食器をしっかりとすすぐようにしてください。,屈折IPAの原形化
8767,shutter,B2,B2,雨戸,雨戸,/ˈʃʌtərz/,/ʃˈʌtɚ/,We closed the shutters before the storm hit.,We closed the shutter before the storm hit.,嵐が来る前に雨戸を閉めた。,嵐が来る前に雨戸を閉めた。,屈折IPAの原形化 / 例文の原形主語整合化
8770,speculate,B2,B2,推測する,推測する,/ˈspɛkjəˌleɪts/,/spˈekjəlˌeɪt/,The article speculates about the future of technology.,The article speculate about the future of technology.,その記事はテクノロジーの未来について推測している。,その記事はテクノロジーの未来について推測している。,屈折IPAの原形化 / 例文の原形主語整合化
8804,cascade,B2,B2,滝,滝,/kæˈskeɪdz/,/kæskˈeɪd/,The waterfalls create beautiful cascades.,The waterfalls create beautiful cascade.,滝は美しい連瀑を創り出す。,滝は美しい連瀑を創り出す。,屈折IPAの原形化 / 例文の原形主語整合化
8806,cleanse,B2,B2,清める、浄化する,清める、浄化する,/ˈklɛnz/,/klˈenz/,The ritual was meant to cleanse the soul.,The ritual was meant to cleanse the soul.,その儀式は魂を清めるためのものだった。,その儀式は魂を清めるためのものだった。,屈折IPAの原形化
8820,grading,B2,B2,等級,等級,/ˈɡreɪdɪŋz/,/ɡrˈeɪdɪŋ/,The teacher is busy with the gradings of the exams.,The teacher is busy with the grading of the exams.,先生は試験の採点で忙しい。,先生は試験の採点で忙しい。,屈折IPAの原形化 / 例文の原形主語整合化
8822,guise,B2,B2,見せかけ、外見,見せかけ、外見,/ˈɡaɪzəz/,/ɡˈaɪz/,He appeared in several different guises.,He appeared in several different guise.,彼はいくつかの異なる見せかけで現れた。,私はいくつかの異なる見せかけで現れた。,屈折IPAの原形化 / 例文の原形主語整合化
8829,landslide,B2,B2,地滑り,地滑り,/ˈlæˌndslaɪdz/,/lˈændslˌaɪd/,Landslides are a major natural disaster in some areas.,landslide are a major natural disaster in some areas.,地滑りは、一部の地域では主要な自然災害です。,地滑りは、一部の地域では主要な自然災害です。,屈折IPAの原形化 / 例文の原形主語整合化
8837,notation,B2,B2,注釈、記録,注釈、記録,/noʊˈteɪʃənz/,/noʊtˈeɪʃən/,He made notations in the margin of the book.,He made notation in the margin of the book.,彼は本の余白に注釈を書き込んだ。,私は本の余白に注釈を書き込んだ。,屈折IPAの原形化 / 例文の原形主語整合化
8851,slit,B2,B2,切れ目,切れ目,/ˈslɪts/,/slˈɪt/,She made slits in the paper for decoration.,She made slit in the paper for decoration.,彼女は装飾のために紙に切れ目を入れた。,私は装飾のために紙に切れ目を入れた。,屈折IPAの原形化 / 例文の原形主語整合化
8877,antibody,B2,B2,抗体,抗体,/ˈæntɪˌbɑdiz/,/ˈæntɪbˌɑːdiː/,Antibodies are produced by the immune system.,Antibodies are produced by the immune system.,抗体は免疫系によって産生されます。,抗体は免疫系によって産生されます。,屈折IPAの原形化
8885,chestnut,B2,B2,栗,栗,/ˈtʃɛsnəts/,/tʃˈesnˌʌt/,We roasted chestnuts over the fire.,We roasted chestnut over the fire.,私たちは火の上で栗を焼いた。,私たちは火の上で栗を焼いた。,屈折IPAの原形化 / 例文の原形主語整合化
8887,compose,B2,B2,構成する、作曲する,構成する、作曲する,/kəˈmpoʊz/,/kəmpˈoʊz/,The band will compose new songs for their next album.,The band will compose new songs for their next album.,そのバンドは次のアルバムのために新曲を作曲するでしょう。,そのバンドは次のアルバムのために新曲を作曲するでしょう。,屈折IPAの原形化
8888,concise,B2,B2,簡潔な,簡潔な,/kəˈnsaɪs/,/kənsˈaɪs/,Please keep your report concise.,Please keep your report concise.,報告書は簡潔にしてください。,報告書は簡潔にしてください。,屈折IPAの原形化
8892,convergence,B2,B2,収束,収束,/kəˈnvɜːrdʒəns/,/kənvˈɜːrdʒəns/,The convergence of different factors led to the outcome.,The convergence of different factors led to the outcome.,さまざまな要因の収束がその結果につながった。,さまざまな要因の収束がその結果につながった。,屈折IPAの原形化
8912,garland,B2,B2,花輪,花輪,/ˈɡɑrləndz/,/ɡˈɑːrlənd/,They adorned the room with garlands.,They adorned the room with garland.,彼らは部屋を花輪で飾った。,彼らは部屋を花輪で飾った。,屈折IPAの原形化 / 例文の原形主語整合化
8923,imbalance,B2,B2,不均衡,不均衡,/ɪˈmbælənsɪz/,/ɪmbˈæləns/,There are significant imbalances in the global economy.,There are significant imbalance in the global economy.,世界経済には大きな不均衡がある。,世界経済には大きな不均衡がある。,屈折IPAの原形化 / 例文の原形主語整合化
8929,intolerance,B2,B2,不寛容,不寛容,/ɪˈntɑlərəns/,/ɪntˈɑːlɚəns/,Intolerance can lead to conflict.,Intolerance can lead to conflict.,不寛容は対立につながる可能性がある。,不寛容は対立につながる可能性がある。,屈折IPAの原形化
8931,leukemia,B2,B2,白血病,白血病,/luˈkiːmiəs/,/luːkˈiːmiːə/,Leukemias are cancers of the blood cells.,leukemia are cancers of the blood cells.,白血病は血液細胞のがんである。,白血病は血液細胞のがんである。,屈折IPAの原形化 / 例文の原形主語整合化
8933,liter,B2,B2,リットル,リットル,/ˈliːtərz/,/lˈiːtɚ/,The bottle contains two liters of water.,The bottle contains two liter of water.,そのボトルには2リットルの水が入っている。,そのボトルには2リットルの水が入っている。,屈折IPAの原形化 / 例文の原形主語整合化
8947,plank,B2,B2,厚板,厚板,/ˈplæŋks/,/plˈæŋk/,The workers carried wooden planks.,The workers carried wooden plank.,作業員たちは木製の厚板を運んだ。,作業員たちは木製の厚板を運んだ。,屈折IPAの原形化 / 例文の原形主語整合化
8952,raft,B2,B2,いかだ,いかだ,/ˈræfts/,/rˈæft/,They used rafts to cross the river.,They used raft to cross the river.,彼らは川を渡るためいかだを使った。,彼らは川を渡るためいかだを使った。,屈折IPAの原形化 / 例文の原形主語整合化
8954,rejoice,B2,B2,喜ぶ,喜ぶ,/rɪˈdʒɔɪs/,/rɪdʒˈɔɪs/,We rejoiced at the good news.,We rejoiced at the good news.,私たちは良い知らせに喜んだ。,私たちは良い知らせに喜んだ。,屈折IPAの原形化
8960,siren,B2,B2,サイレン,サイレン,/ˈsaɪrənz/,/sˈaɪrən/,The sirens of the ambulance could be heard in the distance.,The siren of the ambulance could be heard in the distance.,遠くで救急車のサイレンが聞こえた。,遠くで救急車のサイレンが聞こえた。,屈折IPAの原形化 / 例文の原形主語整合化
8962,smear,B2,B2,中傷、汚点,中傷、汚点,/ˈsmɪrz/,/smˈɪr/,The politician was the target of smears in the media.,The politician was the target of smear in the media.,その政治家はメディアで中傷の標的となりました。,その政治家はメディアで中傷の標的となりました。,屈折IPAの原形化 / 例文の原形主語整合化
8964,stalk,B2,B2,茎,茎,/ˈstɔks/,/stˈɔːk/,The stalks of the corn plants were tall and strong.,The stalk of the corn plants were tall and strong.,トウモロコシの茎は高く、強かった。,トウモロコシの茎は高く、強かった。,屈折IPAの原形化 / 例文の原形主語整合化
8967,subcommittee,B2,B2,小委員会,小委員会,/ˈsʌbkəˈmɪtiz/,/sˈʌbkəmˈɪtiː/,The task force formed several subcommittees to address specific issues.,The task force formed several subcommittee to address specific issues.,タスクフォースは、特定の問題に対処するためにいくつかの小委員会を組織した。,タスクフォースは、特定の問題に対処するためにいくつかの小委員会を組織した。,屈折IPAの原形化 / 例文の原形主語整合化
8989,brat,B2,B2,ガキ,ガキ,/ˈbræts/,/brˈæt/,The kids were acting like brats at the party.,The kids were acting like brat at the party.,子供たちはパーティーでガキのように振る舞っていました。,子供たちはパーティーでガキのように振る舞っていました。,屈折IPAの原形化 / 例文の原形主語整合化
8999,cracker,B2,B2,クラッカー,クラッカー,/ˈkrækərz/,/krˈækɚ/,We ate crackers with cheese.,We ate cracker with cheese.,私たちはチーズと一緒にクラッカーを食べました。,私たちはチーズと一緒にクラッカーを食べました。,屈折IPAの原形化 / 例文の原形主語整合化
9002,diabetic,B2,B2,糖尿病患者,糖尿病患者,/ˌdaɪəˈbɛtɪks/,/dˌaɪəbˈetɪk/,This product is not recommended for diabetics.,This product is not recommended for diabetic.,この製品は糖尿病患者にはお勧めできません。,この製品は糖尿病患者にはお勧めできません。,屈折IPAの原形化 / 例文の原形主語整合化
9014,finalist,B2,B2,決勝進出者,決勝進出者,/ˈfaɪnələsts/,/fˈaɪnəlɪst/,The finalists will compete on Sunday.,The finalist will compete on Sunday.,決勝進出者は日曜日に競い合う。,決勝進出者は日曜日に競い合う。,屈折IPAの原形化 / 例文の原形主語整合化
9027,inlet,B2,B2,入り江,入り江,/ˈɪˌnlɛts/,/ˈɪnlˌet/,The small boats sailed into the peaceful inlets.,The small boats sailed into the peaceful inlet.,小さなボートは平和な入り江に帆走した。,小さなボートは平和な入り江に帆走した。,屈折IPAの原形化 / 例文の原形主語整合化
9042,neuroscience,B2,B2,神経科学,神経科学,/ˈnjʊroʊˌsaɪəns/,/njˈʊroʊsˌaɪəns/,Neuroscience is a complex field of study.,Neuroscience is a complex field of study.,神経科学は複雑な研究分野です。,神経科学は複雑な研究分野です。,屈折IPAの原形化
9052,recap,B2,B2,要約,要約,/ˈriːˌkæps/,/rˈiːkˌæp/,He gave us a recap of the meeting.,He gave us a recap of the meeting.,彼は会議の要約を私たちに説明しました。,彼は会議の要約を私たちに説明しました。,屈折IPAの原形化
9054,reconnaissance,B2,B2,偵察,偵察,/riˈkɑnəsəns/,/riːkˈɑːnəsəns/,They sent out a reconnaissance team.,They sent out a reconnaissance team.,彼らは偵察チームを派遣した。,彼らは偵察チームを派遣した。,屈折IPAの原形化
9073,stump,B2,B2,切り株,切り株,/ˈstʌmps/,/stˈʌmp/,The stumps were left after the trees were cut.,The stump were left after the trees were cut.,木が切られた後、切り株が残っていた。,木が切られた後、切り株が残っていた。,屈折IPAの原形化 / 例文の原形主語整合化
9077,unfold,B2,B2,展開する,展開する,/əˈnfoʊldz/,/ənfˈoʊld/,The story unfolds in a small village.,The story unfold in a small village.,物語は小さな村で展開される。,物語は小さな村で展開される。,屈折IPAの原形化 / 例文の原形主語整合化
9078,variance,B2,B2,分散,分散,/ˈvɛriəns/,/vˈeriːəns/,The variance in the data was surprisingly high.,The variance in the data was surprisingly high.,データの分散は驚くほど高かった。,データの分散は驚くほど高かった。,屈折IPAの原形化
9087,bead,B2,B2,ビーズ,ビーズ,/ˈbiːdz/,/bˈiːd/,She made a necklace using beads.,She made a necklace using bead.,彼女はビーズを使ってネックレスを作った。,私はビーズを使ってネックレスを作った。,屈折IPAの原形化 / 例文の原形主語整合化
9093,burglary,B2,B2,強盗、泥棒,強盗、泥棒,/ˈbɜːrɡləriz/,/bˈɜːrɡlɚiː/,There has been an increase in burglaries in the area.,There has been an increase in burglaries in the area.,その地域で強盗が増加している。,その地域で強盗が増加している。,屈折IPAの原形化
9099,contingency,B2,B2,不測の事態,不測の事態,/kəˈntɪndʒənsiz/,/kəntˈɪndʒənsiː/,The plan includes measures to address all possible contingencies.,The plan includes measures to address all possible contingencies.,その計画には、起こりうるすべての不測の事態に対処するための対策が含まれている。,その計画には、起こりうるすべての不測の事態に対処するための対策が含まれている。,屈折IPAの原形化
9129,insistence,B2,B2,主張,主張,/ɪˈnsɪstəns/,/ɪnsˈɪstəns/,His insistence on finishing the project on time was admirable.,His insistence on finishing the project on time was admirable.,彼が時間通りにプロジェクトを終わらせるという主張は立派だった。,彼が時間通りにプロジェクトを終わらせるという主張は立派だった。,屈折IPAの原形化
9147,powerhouse,B2,B2,強力な組織,強力な組織,/ˈpaʊərˌhaʊsɪz/,/pˈaʊɚhˌaʊs/,These companies are the powerhouses of the tech industry.,These companies are the powerhouse of the tech industry.,これらの企業は、テクノロジー業界の強力な組織です。,これらの企業は、テクノロジー業界の強力な組織です。,屈折IPAの原形化 / 例文の原形主語整合化
9148,precursor,B2,B2,前兆、先駆者,前兆、先駆者,/priˈkɜːrsərz/,/priːkˈɜːrsɚ/,The economic crisis was a precursor to the political unrest.,The economic crisis was a precursor to the political unrest.,経済危機は政治不安の前兆だった。,経済危機は政治不安の前兆だった。,屈折IPAの原形化
9152,proclamation,B2,B2,宣言,宣言,/ˌprɑkləˈmeɪʃənz/,/prˌɑːkləmˈeɪʃən/,The king issued several proclamations to the people.,The king issued several proclamation to the people.,国王は国民にいくつかの宣言を発した。,国王は国民にいくつかの宣言を発した。,屈折IPAの原形化 / 例文の原形主語整合化
9160,repayment,B2,B2,返済,返済,/riˈpeɪmənts/,/riːpˈeɪmənt/,The bank requires monthly repayments on the loan.,The bank requires monthly repayment on the loan.,銀行は、ローンの毎月の返済を要求します。,銀行は、ローンの毎月の返済を要求します。,屈折IPAの原形化 / 例文の原形主語整合化
9162,riddle,B2,B2,なぞなぞ,なぞなぞ,/ˈrɪdəlz/,/rˈɪdəl/,The children enjoyed telling each other riddles.,The children enjoyed telling each other riddle.,子供たちはお互いに、なぞなぞを言い合って楽しんだ。,子供たちはお互いに、なぞなぞを言い合って楽しんだ。,屈折IPAの原形化 / 例文の原形主語整合化
9174,solvent,B2,B2,溶剤,溶剤,/ˈsɔlvənts/,/sˈɑːlvənt/,Some solvents are harmful and must be handled carefully.,Some solvent are harmful and must be handled carefully.,いくつかの溶剤は有害であり、慎重に取り扱う必要がある。,いくつかの溶剤は有害であり、慎重に取り扱う必要がある。,屈折IPAの原形化 / 例文の原形主語整合化
9181,tanker,B2,B2,タンカー,タンカー,/ˈtæŋkərz/,/tˈæŋkɚ/,The oil tankers are sailing into the harbor.,The oil tanker are sailing into the harbor.,石油タンカーが港に航行している。,石油タンカーが港に航行している。,屈折IPAの原形化 / 例文の原形主語整合化
9199,appraisal,B2,B2,評価,評価,/əˈpreɪzəlz/,/əprˈeɪzəl/,The employee received a positive performance appraisal.,The employee received a positive performance appraisal.,その従業員は肯定的な業績評価を受けました。,その従業員は肯定的な業績評価を受けました。,屈折IPAの原形化
9202,bearer,B2,B2,担い手,担い手,/ˈbɛrərz/,/bˈerɚ/,The bearers carried the coffin to the grave.,The bearer carried the coffin to the grave.,担い手たちは棺を墓まで運びました。,担い手たちは棺を墓まで運びました。,屈折IPAの原形化 / 例文の原形主語整合化
9240,incompetence,B2,B2,無能,無能,/ɪˈnkɑmpətəns/,/ɪnkˈɑːmpətəns/,His incompetence led to the company's downfall.,His incompetence led to the company's downfall.,彼の無能さが会社の衰退につながった。,彼の無能さが会社の衰退につながった。,屈折IPAの原形化
9244,lagoon,B2,B2,潟,潟,/ləˈɡuːnz/,/ləɡˈuːn/,The resort is located near several beautiful lagoons.,The resort is located near several beautiful lagoon.,そのリゾートはいくつかの美しい潟の近くにあります。,そのリゾートはいくつかの美しい潟の近くにあります。,屈折IPAの原形化 / 例文の原形主語整合化
9250,manifestation,B2,B2,兆候、現れ,兆候、現れ,/ˌmænəfɛˈsteɪʃənz/,/mˌænəfestˈeɪʃən/,The symptoms are manifestations of a deeper problem.,The symptoms are manifestation of a deeper problem.,その症状はより深い問題の現れである。,その症状はより深い問題の現れである。,屈折IPAの原形化 / 例文の原形主語整合化
9252,migrate,B2,B2,移動する,移動する,/ˈmaɪˌɡreɪts/,/mˈaɪɡrˌeɪt/,Many birds migrate to warmer climates during the winter.,Many birds migrate to warmer climates during the winter.,多くの鳥は冬の間、より温暖な気候に移動する。,多くの鳥は冬の間、より温暖な気候に移動する。,屈折IPAの原形化
9261,obsessive,B2,B2,強迫観念に取りつかれた人,強迫観念に取りつかれた人,/əˈbsɛsɪvz/,/əbsˈesɪv/,He is an obsessive about cleanliness.,He is an obsessive about cleanliness.,彼は潔癖症だ。,彼は潔癖症だ。,屈折IPAの原形化
9268,pimp,B2,B2,ポン引き,ポン引き,/ˈpɪmps/,/pˈɪmp/,The police were cracking down on pimps in the area.,The police were cracking down on pimp in the area.,警察は、その地域のポン引きを取り締まっていました。,警察は、その地域のポン引きを取り締まっていました。,屈折IPAの原形化 / 例文の原形主語整合化
9275,reinforcement,B2,B2,援軍,援軍,/ˌriːɪˈnfɔrsmənts/,/rˌiːɪnfˈɔːrsmənt/,The troops requested reinforcements for the battle.,The troops requested reinforcement for the battle.,軍隊は戦闘のために援軍を要請しました。,軍隊は戦闘のために援軍を要請しました。,屈折IPAの原形化 / 例文の原形主語整合化
9287,torrent,B2,B2,激流,激流,/ˈtɔrənts/,/tˈɔːrənt/,The rain came down in torrents.,The rain came down in torrent.,雨が激流のように降ってきた。,雨が激流のように降ってきた。,屈折IPAの原形化 / 例文の原形主語整合化
9300,ballad,B2,B2,バラード,バラード,/ˈbælədz/,/bˈæləd/,She enjoys singing old ballads.,She enjoys singing old ballad.,彼女は古いバラードを歌うのが好きだ。,私は古いバラードを歌うのが好きだ。,屈折IPAの原形化 / 例文の原形主語整合化
9303,biotechnology,B2,B2,バイオテクノロジー,バイオテクノロジー,/ˌbaɪoʊˌtɛˈknɑlədʒiz/,/bˌaɪoʊtˌeknˈɑːlədʒiː/,Biotechnologies offer new solutions in medicine.,Biotechnologies offer new solutions in medicine.,バイオテクノロジーは医学に新しい解決策を提供する。,バイオテクノロジーは医学に新しい解決策を提供する。,屈折IPAの原形化
9322,diva,B2,B2,歌姫,歌姫,/ˈdiːvəz/,/dˈiːvə/,The opera had three renowned divas.,The opera had three renowned diva.,そのオペラには3人の有名な歌姫がいた。,そのオペラには3人の有名な歌姫がいた。,屈折IPAの原形化 / 例文の原形主語整合化
9323,eater,B2,B2,食べる人,食べる人,/ˈiːtərz/,/ˈiːtɚ/,This restaurant is popular with local eaters.,This restaurant is popular with local eater.,このレストランは地元の人々の間で人気がある。,このレストランは地元の人々の間で人気がある。,屈折IPAの原形化 / 例文の原形主語整合化
9324,elegance,B2,B2,優雅さ,優雅さ,/ˈɛləɡəns/,/ˈeləɡəns/,The ballroom was decorated with great elegance.,The ballroom was decorated with great elegance.,その舞踏室は素晴らしい優雅さで飾られていた。,その舞踏室は素晴らしい優雅さで飾られていた。,屈折IPAの原形化
9328,farmhouse,B2,B2,農家,農家,/ˈfɑˌrmhaʊsəz/,/fˈɑːrmhˌaʊs/,The farmhouses were very old.,The farmhouse were very old.,農家はとても古かった。,農家はとても古かった。,屈折IPAの原形化 / 例文の原形主語整合化
9332,froze,B2,B2,凍った,凍った,/ˈfroʊz/,/frˈoʊz/,The lake froze over in the winter.,The lake froze over in the winter.,冬に湖は凍りついた。,冬に湖は凍りついた。,屈折IPAの原形化
9334,haze,B2,B2,もや、霞,もや、霞,/ˈheɪz/,/hˈeɪz/,The city was covered in a thick haze.,The city was covered in a thick haze.,都市は濃いもやに覆われていた。,都市は濃いもやに覆われていた。,屈折IPAの原形化
9339,inverse,B2,B2,逆の,逆の,/ɪˈnvɜːrs/,/ɪnvˈɜːrs/,The inverse of 2 is 1/2.,The inverse of 2 is 1/2.,2の逆数は1/2です。,2の逆数は1/2です。,屈折IPAの原形化
9350,noodle,B2,B2,麺,麺,/ˈnuːdəlz/,/nˈuːdəl/,I love to eat noodles for lunch.,I love to eat noodle for lunch.,私は昼食に麺を食べるのが好きです。,私は昼食に麺を食べるのが好きです。,屈折IPAの原形化 / 例文の原形主語整合化
9351,nylon,B2,B2,ナイロンストッキング,ナイロンストッキング,/ˈnaɪˌlɑnz/,/nˈaɪlˌɑːn/,She wore nylons under her dress.,She wore nylon under her dress.,彼女はドレスの下にナイロンストッキングを履いていました。,私はドレスの下にナイロンストッキングを履いていました。,屈折IPAの原形化 / 例文の原形主語整合化
9357,phosphate,B2,B2,リン酸塩,リン酸塩,/ˈfɑsfeɪts/,/fˈɑːsfeɪt/,Phosphates are used in fertilizers.,phosphate are used in fertilizers.,リン酸塩は肥料に使用される。,リン酸塩は肥料に使用される。,屈折IPAの原形化 / 例文の原形主語整合化
9365,reluctance,B2,B2,気が進まないこと、ためらい,気が進まないこと、ためらい,/rɪˈlʌktəns/,/rɪlˈʌktəns/,She showed some reluctance to accept the invitation.,She showed some reluctance to accept the invitation.,彼女はその招待を受け入れることにためらいを示した。,彼女はその招待を受け入れることにためらいを示した。,屈折IPAの原形化
9366,reopen,B2,B2,再開する,再開する,/riˈoʊpənz/,/riːˈoʊpən/,The museum reopens next week.,The museum reopen next week.,美術館は来週再開する。,美術館は来週再開する。,屈折IPAの原形化 / 例文の原形主語整合化
9367,replication,B2,B2,複製,複製,/ˌrɛpləˈkeɪʃənz/,/rˌepləkˈeɪʃən/,The experiment included multiple replications.,The experiment included multiple replication.,その実験には複数の複製が含まれていました。,その実験には複数の複製が含まれていました。,屈折IPAの原形化 / 例文の原形主語整合化
9370,sediment,B2,B2,堆積物,堆積物,/ˈsɛdəmənts/,/sˈedəmənt/,The sediments of the riverbed were examined.,The sediment of the riverbed were examined.,川床の堆積物が調査された。,川床の堆積物が調査された。,屈折IPAの原形化 / 例文の原形主語整合化
9375,std,B2,B2,性感染症,性感染症,/ˈɛˈstiːˈdiːz/,/ˈɛˈstiːˈdiːz/,It is important to practice safe sex to prevent STDs.,It is important to practice safe sex to prevent std.,性感染症を防ぐために安全なセックスを実践することが重要です。,性感染症を防ぐために安全なセックスを実践することが重要です。,例文の原形主語整合化
9380,trooper,B2,B2,兵士,兵士,/ˈtruːpərz/,/trˈuːpɚ/,The troopers marched in formation.,The trooper marched in formation.,その兵士たちは隊列を組んで行進した。,その兵士たちは隊列を組んで行進した。,屈折IPAの原形化 / 例文の原形主語整合化
9400,clubhouse,B2,B2,クラブハウス,クラブハウス,/ˈklʌˌbhaʊs/,/klˈʌbhˌaʊs/,They gathered at the clubhouse after the game.,They gathered at the clubhouse after the game.,彼らは試合後、クラブハウスに集まった。,彼らは試合後、クラブハウスに集まった。,屈折IPAの原形化
9401,coarse,B2,B2,粗い,粗い,/ˈkɔrs/,/kˈɔːrs/,The fabric has a coarse texture.,The fabric has a coarse texture.,その生地は粗い質感です。,その生地は粗い質感です。,屈折IPAの原形化
9403,commonplace,B2,B2,ありふれた、平凡な,ありふれた、平凡な,/ˈkɑməˌnpleɪs/,/kˈɑːmənplˌeɪs/,Mobile phones are commonplace nowadays.,Mobile phones are commonplace nowadays.,携帯電話は今日ではありふれたものだ。,携帯電話は今日ではありふれたものだ。,屈折IPAの原形化
9406,coop,B2,B2,鶏小屋、囲い,鶏小屋、囲い,/ˈkuːps/,/kˈuːp/,The chickens were kept in coops at night.,The chickens were kept in coop at night.,鶏は夜、鶏小屋に入れられた。,鶏は夜、鶏小屋に入れられた。,屈折IPAの原形化 / 例文の原形主語整合化
9417,evasion,B2,B2,言い逃れ,言い逃れ,/ɪˈveɪʒənz/,/ɪvˈeɪʒən/,His answers were full of evasions.,His answers were full of evasion.,彼の答えは言い逃ればかりだった。,彼の答えは言い逃ればかりだった。,屈折IPAの原形化 / 例文の原形主語整合化
9419,eviction,B2,B2,"立ち退き,退去","立ち退き,退去",/ɪˈvɪkʃənz/,/ɪvˈɪkʃən/,The tenants faced evictions from the property.,The tenants faced eviction from the property.,テナントは物件からの立ち退きに直面した。,テナントは物件からの立ち退きに直面した。,屈折IPAの原形化 / 例文の原形主語整合化
9429,helper,B2,B2,助ける人,助ける人,/ˈhɛlpərz/,/hˈelpɚ/,Thank you for being helpers.,Thank you for being helper.,助けてくれてありがとうございます。,助けてくれてありがとうございます。,屈折IPAの原形化 / 例文の原形主語整合化
9446,morphology,B2,B2,形態,形態,/morphologies/,/mɔːrfˈɑːlədʒiː/,We studied the morphologies of different species.,We studied the morphologies of different species.,私たちは異なる種の形態を研究した。,私たちは異なる種の形態を研究した。,屈折IPAの原形化
9450,novice,B2,B2,初心者,初心者,/ˈnɑvəs/,/nˈɑːvəs/,He is a novice in coding.,He is a novice in coding.,彼はコーディングの初心者だ。,彼はコーディングの初心者だ。,屈折IPAの原形化
9453,pew,B2,B2,教会などの座席,教会などの座席,/ˈpjuːz/,/pjˈuː/,The church pews were full on Sunday.,The church pew were full on Sunday.,日曜日に教会の座席は満席だった。,日曜日に教会の座席は満席だった。,屈折IPAの原形化 / 例文の原形主語整合化
9465,qualifier,B2,B2,限定子,限定子,/ˈkwɑləˌfaɪərz/,/kwˈɑːləfˌaɪɚ/,The statement included several qualifiers to clarify its meaning.,The statement included several qualifier to clarify its meaning.,その声明には意味を明確にするためのいくつかの限定子が含まれていました。,その声明には意味を明確にするためのいくつかの限定子が含まれていました。,屈折IPAの原形化 / 例文の原形主語整合化
9508,cohort,B2,B2,コホート、集団,コホート、集団,/ˈkoʊhɔrts/,/kˈoʊhɔːrt/,The researchers followed several cohorts over a long period of time.,The researchers followed several cohort over a long period of time.,研究者たちは、長期間にわたっていくつかのコホートを追跡しました。,研究者たちは、長期間にわたっていくつかのコホートを追跡しました。,屈折IPAの原形化 / 例文の原形主語整合化
9512,culprit,B2,B2,犯人,犯人,/ˈkʌlprɪts/,/kˈʌlprɪt/,The police are still looking for the culprits.,The police are still looking for the culprit.,警察はまだ犯人を捜している。,警察はまだ犯人を捜している。,屈折IPAの原形化 / 例文の原形主語整合化
9523,fender,B2,B2,フェンダー,フェンダー,/ˈfɛndərz/,/fˈendɚ/,The car's fenders were damaged in the accident.,The car's fender were damaged in the accident.,その車のフェンダーは事故で損傷した。,その車のフェンダーは事故で損傷した。,屈折IPAの原形化 / 例文の原形主語整合化
9529,gorge,B2,B2,峡谷,峡谷,/ˈɡɔrdʒəz/,/ɡˈɔːrdʒ/,The river runs through a series of deep gorges.,The river runs through a series of deep gorge.,川は一連の深い峡谷を通って流れている。,川は一連の深い峡谷を通って流れている。,屈折IPAの原形化 / 例文の原形主語整合化
9535,housewife,B2,B2,主婦,主婦,/ˈhaʊˌswaɪvz/,/hˈaʊswˌaɪf/,Many housewives take care of the home and family.,Many housewives take care of the home and family.,多くの主婦が家庭と家族の世話をしている。,多くの主婦が家庭と家族の世話をしている。,屈折IPAの原形化
9537,insure,B2,B2,保険をかける,保険をかける,/ɪˈnʃʊrz/,/ɪnʃˈʊr/,The company insures all its employees for accidents.,The company insure all its employees for accidents.,その会社はすべての従業員に対して事故保険をかけている。,その会社はすべての従業員に対して事故保険をかけている。,屈折IPAの原形化 / 例文の原形主語整合化
9547,motif,B2,B2,動機,動機,/ˈmoʊtɪvz/,/moʊtˈiːf/,We need to understand his motives for doing this.,We need to understand his motives for doing this.,私たちは彼がこれを行う動機を理解する必要がある。,私たちは彼がこれを行う動機を理解する必要がある。,屈折IPAの原形化
9559,precaution,B2,B2,予防措置,予防措置,/priˈkɔʃən/,/priˈkɔʃən/,Take precautions to avoid accidents.,Take precaution to avoid accidents.,事故を避けるために予防措置を講じてください。,事故を避けるために予防措置を講じてください。,例文の原形主語整合化
9564,retina,B2,B2,網膜,網膜,/ˈrɛtənəs/,/rˈetənə/,The retinas are sensitive to light.,The retina are sensitive to light.,網膜は光に敏感である。,網膜は光に敏感である。,屈折IPAの原形化 / 例文の原形主語整合化
9583,tenor,B2,B2,テノール歌手,テノール歌手,/ˈtɛnərz/,/tˈenɚ/,The opera featured many talented tenors.,The opera featured many talented tenor.,そのオペラには多くの才能あるテノール歌手が出演していた。,そのオペラには多くの才能あるテノール歌手が出演していた。,屈折IPAの原形化 / 例文の原形主語整合化
9586,traverse,B2,B2,横断する,横断する,/ˈtrævərs/,/trˈævɚs/,The hiker had to traverse a steep slope.,The hiker had to traverse a steep slope.,ハイカーは急な斜面を横断しなければならなかった。,ハイカーは急な斜面を横断しなければならなかった。,屈折IPAの原形化
9587,turnaround,B2,B2,好転、転換,好転、転換,/ˈtɜːrnərˌaʊndz/,/tˈɜːrnɚˌaʊnd/,The company has seen several successful turnarounds.,The company has seen several successful turnaround.,その会社はいくつかの成功した好転を経験している。,その会社はいくつかの成功した好転を経験している。,屈折IPAの原形化 / 例文の原形主語整合化
9589,validate,B2,B2,検証する,検証する,/ˈvæləˌdeɪts/,/vˈælədeɪt/,This experiment validates the theory.,This experiment validate the theory.,この実験はその理論を検証する。,この実験はその理論を検証する。,屈折IPAの原形化 / 例文の原形主語整合化
9598,aria,B2,B2,アリア,アリア,/ˈɑriəz/,/ˈɑːriːə/,The soprano sang several beautiful arias.,The soprano sang several beautiful aria.,ソプラノ歌手はいくつかの美しいアリアを歌った。,ソプラノ歌手はいくつかの美しいアリアを歌った。,屈折IPAの原形化 / 例文の原形主語整合化
9606,brilliance,B2,B2,輝き、才能、卓越,輝き、才能、卓越,/ˈbrɪljəns/,/brˈɪljəns/,Her brilliance in mathematics was evident from a young age.,Her brilliance in mathematics was evident from a young age.,彼女の数学における才能は幼い頃から明らかだった。,彼女の数学における才能は幼い頃から明らかだった。,屈折IPAの原形化
9611,checkpoint,B2,B2,検問所,検問所,/ˈtʃɛˌkpɔɪnts/,/tʃˈekpˌɔɪnt/,The police set up checkpoints on the road.,The police set up checkpoint on the road.,警察は道路に検問所を設置した。,警察は道路に検問所を設置した。,屈折IPAの原形化 / 例文の原形主語整合化
9613,classify,B2,B2,分類する,分類する,/ˈklæsəˌfaɪz/,/klˈæsəfˌaɪ/,The scientist classifies the plants.,The scientist classifies the plants.,科学者は植物を分類する。,科学者は植物を分類する。,屈折IPAの原形化
9616,coefficient,B2,B2,係数,係数,/ˌkoʊəˈfɪʃənts/,/kˌoʊəfˈɪʃənt/,The equation has several coefficients that need to be calculated.,The equation has several coefficient that need to be calculated.,その方程式には計算する必要のある係数がいくつかある。,その方程式には計算する必要のある係数がいくつかある。,屈折IPAの原形化 / 例文の原形主語整合化
9621,cornerstone,B2,B2,礎石、基礎,礎石、基礎,/ˈkɔrnərˌstoʊnz/,/kˈɔːrnɚstˌoʊn/,Honesty and integrity are the cornerstones of a good reputation.,Honesty and integrity are the cornerstone of a good reputation.,正直さと誠実さは、良い評判の礎である。,正直さと誠実さは、良い評判の礎である。,屈折IPAの原形化 / 例文の原形主語整合化
9648,hospice,B2,B2,ホスピス,ホスピス,/ˈhɑspəs/,/hˈɑːspəs/,The hospice provided care for the terminally ill.,The hospice provided care for the terminally ill.,ホスピスは末期患者のケアを提供した。,ホスピスは末期患者のケアを提供した。,屈折IPAの原形化
9651,integer,B2,B2,整数,整数,/ˈɪntədʒərz/,/ˈɪntədʒɚ/,The set includes only integers.,The set includes only integer.,そのセットには整数のみが含まれています。,そのセットには整数のみが含まれています。,屈折IPAの原形化 / 例文の原形主語整合化
9670,outpost,B2,B2,前哨基地,前哨基地,/ˈaʊˌtpoʊsts/,/ˈaʊtpˌoʊst/,The soldiers manned the outposts on the border.,The soldiers manned the outpost on the border.,兵士たちは国境の前哨基地に配置された。,兵士たちは国境の前哨基地に配置された。,屈折IPAの原形化 / 例文の原形主語整合化
9674,pickle,B2,B2,ピクルス,ピクルス,/ˈpɪkəlz/,/pˈɪkəl/,They serve pickles with every meal.,They serve pickle with every meal.,彼らは毎食にピクルスを出す。,彼らは毎食にピクルスを出す。,屈折IPAの原形化 / 例文の原形主語整合化
9677,preface,B2,B2,序文,序文,/ˈprɛfəs/,/prˈefəs/,The author wrote a preface to the book.,The author wrote a preface to the book.,著者は本の序文を書いた。,著者は本の序文を書いた。,屈折IPAの原形化
9680,reprint,B2,B2,再版,再版,/riˈprɪnts/,/riːprˈɪnt/,The publisher issued reprints of the classic novel.,The publisher issued reprint of the classic novel.,出版社は古典小説の再版を発行した。,出版社は古典小説の再版を発行した。,屈折IPAの原形化 / 例文の原形主語整合化
9683,robber,B2,B2,強盗,強盗,/ˈrɑbərz/,/rˈɑːbɚ/,The robbers broke into the bank last night.,The robber broke into the bank last night.,強盗たちは昨夜銀行に押し入った。,強盗たちは昨夜銀行に押し入った。,屈折IPAの原形化 / 例文の原形主語整合化
9700,spruce,B2,B2,トウヒ,トウヒ,/ˈspruːs/,/sprˈuːs/,The forest was filled with tall spruces.,The forest was filled with tall spruce.,森は高いトウヒでいっぱいだった。,森は高いトウヒでいっぱいだった。,屈折IPAの原形化 / 例文の原形主語整合化
9707,tumour,B2,B2,腫瘍,腫瘍,/tumours/,/tumours/,The doctors found several tumours during the surgery.,The doctors found several tumour during the surgery.,医師たちは手術中にいくつかの腫瘍を発見した。,医師たちは手術中にいくつかの腫瘍を発見した。,例文の原形主語整合化
9715,acronym,B2,B2,頭字語,頭字語,/ˈækrənɪmz/,/ˈækrənɪm/,NASA and UNESCO are examples of acronyms.,NASA and UNESCO are examples of acronym.,NASAとUNESCOは頭字語の例である。,NASAとUNESCOは頭字語の例である。,屈折IPAの原形化 / 例文の原形主語整合化
9722,blouse,B2,B2,ブラウス,ブラウス,/ˈblaʊs/,/blˈaʊs/,She wore a blue blouse to the meeting.,She wore a blue blouse to the meeting.,彼女は会議に青いブラウスを着ていった。,彼女は会議に青いブラウスを着ていった。,屈折IPAの原形化
9723,bodyguard,B2,B2,ボディーガード,ボディーガード,/ˈbɑdiˌɡɑrd/,/ˈbɑdiˌɡɑrd/,The celebrity was surrounded by bodyguards.,The celebrity was surrounded by bodyguard.,その有名人はボディーガードに囲まれていた。,その有名人はボディーガードに囲まれていた。,例文の原形主語整合化
9725,caterpillar,B2,B2,毛虫,毛虫,/ˈkætəˌpɪlərz/,/kˈætəpˌɪlɚ/,The caterpillars were eating the leaves of the plant.,The caterpillar were eating the leaves of the plant.,毛虫が植物の葉を食べていました。,毛虫が植物の葉を食べていました。,屈折IPAの原形化 / 例文の原形主語整合化
9738,disciple,B2,B2,弟子,弟子,/dɪˈsaɪpəlz/,/dɪsˈaɪpəl/,Jesus had twelve disciples.,Jesus had twelve disciple.,イエスには12人の弟子がいた。,イエスには12人の弟子がいた。,屈折IPAの原形化 / 例文の原形主語整合化
9750,gutter,B2,B2,雨どい,雨どい,/ˈɡʌtərz/,/ɡˈʌtɚ/,The gutters were clogged with leaves.,The gutter were clogged with leaves.,雨どいは葉っぱで詰まっていた。,雨どいは葉っぱで詰まっていた。,屈折IPAの原形化 / 例文の原形主語整合化
9752,hillside,B2,B2,丘陵地,丘陵地,/ˈhɪˌlsaɪdz/,/hˈɪlsˌaɪd/,The hillsides were covered in wildflowers.,The hillside were covered in wildflowers.,丘陵地は野の花で覆われていた。,丘陵地は野の花で覆われていた。,屈折IPAの原形化 / 例文の原形主語整合化
9756,imprint,B2,B2,痕跡,痕跡,/ɪˈmprɪnts/,/ɪmprˈɪnt/,The dinosaur left imprints in the mud.,The dinosaur left imprint in the mud.,恐竜は泥の中に痕跡を残した。,恐竜は泥の中に痕跡を残した。,屈折IPAの原形化 / 例文の原形主語整合化
9760,inhibitor,B2,B2,阻害剤,阻害剤,/ɪˈnhɪbətərz/,/ɪnhˈɪbətɚ/,The medication works as an inhibitor of the enzyme.,The medication works as an inhibitor of the enzyme.,その薬は、酵素の阻害剤として働く。,その薬は、酵素の阻害剤として働く。,屈折IPAの原形化
9771,misdemeanor,B2,B2,軽犯罪,軽犯罪,/ˌmɪsdəˈmiːnərz/,/mˌɪsdəmˈiːnɚ/,He was charged with several misdemeanors.,He was charged with several misdemeanor.,彼はいくつかの軽犯罪で起訴された。,私はいくつかの軽犯罪で起訴された。,屈折IPAの原形化 / 例文の原形主語整合化
9772,misfortune,B2,B2,不幸,不幸,/mɪˈsfɔrtʃənz/,/mɪsfˈɔːrtʃən/,They have endured many misfortunes.,They have endured many misfortune.,彼らは多くの不幸に耐えてきた。,彼らは多くの不幸に耐えてきた。,屈折IPAの原形化 / 例文の原形主語整合化
9796,trapping,B2,B2,付随物、装飾,付随物、装飾,/ˈtræpɪŋz/,/trˈæpɪŋ/,The trappings of power did not interest him.,The trapping of power did not interest him.,権力の付随物（装飾）は彼を魅了しなかった。,権力の付随物（装飾）は彼を魅了しなかった。,屈折IPAの原形化 / 例文の原形主語整合化
9797,treatise,B2,B2,論文,論文,/ˈtriːtəsəz/,/trˈiːtəs/,He wrote several treatises on philosophy.,He wrote several treatise on philosophy.,彼は哲学に関するいくつかの論文を書いた。,私は哲学に関するいくつかの論文を書いた。,屈折IPAの原形化 / 例文の原形主語整合化
9811,bazaar,B2,B2,バザール,バザール,/bəˈzɑrz/,/bəzˈɑːr/,We visited several traditional bazaars during our trip.,We visited several traditional bazaar during our trip.,私たちは旅行中にいくつかの伝統的なバザールを訪れた。,私たちは旅行中にいくつかの伝統的なバザールを訪れた。,屈折IPAの原形化 / 例文の原形主語整合化
9812,birthplace,B2,B2,出生地,出生地,/ˈbɜːrˌθpleɪs/,/bˈɜːrθplˌeɪs/,This is his birthplace.,This is his birthplace.,ここは彼の出生地です。,ここは彼の出生地です。,屈折IPAの原形化
9814,brokerage,B2,B2,証券会社,証券会社,/ˈbroʊkərɪdʒɪz/,/brˈoʊkɚɪdʒ/,Several brokerages offer online trading platforms.,Several brokerage offer online trading platforms.,いくつかの証券会社がオンライントレードプラットフォームを提供している。,いくつかの証券会社がオンライントレードプラットフォームを提供している。,屈折IPAの原形化 / 例文の原形主語整合化
9828,curfew,B2,B2,門限,門限,/ˈkɜːrfjuz/,/kˈɜːrfjuː/,They had strict curfews when they were teenagers.,They had strict curfew when they were teenagers.,彼らがティーンエイジャーの頃は厳しい門限があった。,彼らがティーンエイジャーの頃は厳しい門限があった。,屈折IPAの原形化 / 例文の原形主語整合化
9830,delusion,B2,B2,妄想,妄想,/dɪˈluːʒənz/,/dɪlˈuːʒən/,The patient suffered from delusions of grandeur.,The patient suffered from delusion of grandeur.,その患者は誇大妄想に苦しんでいた。,その患者は誇大妄想に苦しんでいた。,屈折IPAの原形化 / 例文の原形主語整合化
9838,enlist,B2,B2,入隊させる,入隊させる,/ɛˈnlɪsts/,/enlˈɪst/,The army enlists new recruits every year.,The army enlist new recruits every year.,軍は毎年新兵を入隊させています。,軍は毎年新兵を入隊させています。,屈折IPAの原形化 / 例文の原形主語整合化
9852,immaculate,B2,B2,完璧な、汚れのない,完璧な、汚れのない,/ɪˈmækjulɪts/,/ɪmˈækjuːlɪts/,The house was immaculate after she finished cleaning it.,The house was immaculate after she finished cleaning it.,彼女が掃除を終えた後、その家は完璧にきれいだった。,彼女が掃除を終えた後、その家は完璧にきれいだった。,屈折IPAの原形化
9858,intruder,B2,B2,侵入者,侵入者,/ɪˈntruːdərz/,/ɪntrˈuːdɚ/,The alarm went off when the intruders broke in.,The alarm went off when the intruder broke in.,侵入者が侵入したとき、警報が鳴りました。,侵入者が侵入したとき、警報が鳴りました。,屈折IPAの原形化 / 例文の原形主語整合化
9862,launcher,B2,B2,発射装置,発射装置,/ˈlɔntʃərz/,/lˈɔːntʃɚ/,The army has new missile launchers.,The army has new missile launcher.,軍は新しいミサイル発射装置を持っています。,軍は新しいミサイル発射装置を持っています。,屈折IPAの原形化 / 例文の原形主語整合化
9876,ordnance,B2,B2,軍需品,軍需品,/ˈɔrdnəns/,/ˈɔːrdnəns/,The military base stored a large quantity of ordnance.,The military base stored a large quantity of ordnance.,軍事基地は大量の軍需品を保管していました。,軍事基地は大量の軍需品を保管していました。,屈折IPAの原形化
9880,pigment,B2,B2,色素,色素,/ˈpɪɡmənts/,/pˈɪɡmənt/,The artist uses vibrant pigments to create colorful paintings.,The artist uses vibrant pigment to create colorful paintings.,その芸術家は、カラフルな絵画を作成するために鮮やかな色素を使用する。,その芸術家は、カラフルな絵画を作成するために鮮やかな色素を使用する。,屈折IPAの原形化 / 例文の原形主語整合化
9881,populist,B2,B2,大衆主義者、ポピュリスト,大衆主義者、ポピュリスト,/ˈpɑpjəlɪsts/,/pˈɑːpjələst/,Populists often appeal to the emotions of the people.,populist often appeal to the emotions of the people.,ポピュリストはしばしば人々の感情に訴えかける。,ポピュリストはしばしば人々の感情に訴えかける。,屈折IPAの原形化 / 例文の原形主語整合化
9886,rein,B2,B2,手綱,手綱,/ˈreɪnz/,/rˈeɪn/,The jockey pulled on the reins to slow down the horse.,The jockey pulled on the rein to slow down the horse.,騎手は馬を減速させるために手綱を引いた。,騎手は馬を減速させるために手綱を引いた。,屈折IPAの原形化 / 例文の原形主語整合化
9887,relic,B2,B2,遺物,遺物,/ˈrɛlɪk/,/ˈrɛlɪk/,The museum has many ancient relics.,The museum has many ancient relic.,博物館には古代の遺物がたくさんある。,博物館には古代の遺物がたくさんある。,例文の原形主語整合化
9888,retard,B2,B2,遅らせる,遅らせる,/rɪˈtɑrdz/,/rɪtˈɑːrd/,The heavy traffic retards our progress.,The heavy traffic retard our progress.,交通渋滞が私たちの進行を遅らせる。,交通渋滞が私たちの進行を遅らせる。,屈折IPAの原形化 / 例文の原形主語整合化
9890,reuse,B2,B2,再利用する,再利用する,/riˈjuːs/,/riːjˈuːs/,We should reuse plastic bottles.,We should reuse plastic bottles.,私たちはペットボトルを再利用すべきだ。,私たちはペットボトルを再利用すべきだ。,屈折IPAの原形化
9892,roadway,B2,B2,道路,道路,/ˈroʊˌdweɪz/,/rˈoʊdwˌeɪ/,The roadways were icy this morning.,The roadway were icy this morning.,今朝、道路は凍っていた。,今朝、道路は凍っていた。,屈折IPAの原形化 / 例文の原形主語整合化
9897,scorpion,B2,B2,サソリ,サソリ,/ˈskɔrpiənz/,/skˈɔːrpiːən/,Scorpions are found in desert regions.,scorpion are found in desert regions.,サソリは砂漠地帯で見られる。,サソリは砂漠地帯で見られる。,屈折IPAの原形化 / 例文の原形主語整合化
9913,transient,B2,B2,一時滞在者、浮浪者,一時滞在者、浮浪者,/ˈtrænziənts/,/trˈænʒənt/,The shelter provides a place to sleep for transients.,The shelter provides a place to sleep for transient.,その避難所は、一時滞在者に寝る場所を提供している。,その避難所は、一時滞在者に寝る場所を提供している。,屈折IPAの原形化 / 例文の原形主語整合化
9922,adolescence,B2,B2,青年期,青年期,/ˌædəˈlɛsəns/,/ˌædəlˈesəns/,Adolescence is a time of great change.,Adolescence is a time of great change.,青年期は大きな変化の時期です。,青年期は大きな変化の時期です。,屈折IPAの原形化
9946,deductible,B2,B2,免責金額、控除対象額,免責金額、控除対象額,/dɪˈdʌktəbəlz/,/dɪdˈʌktəbəl/,The deductible for this insurance policy is quite high.,The deductible for this insurance policy is quite high.,この保険契約の免責金額はかなり高い。,この保険契約の免責金額はかなり高い。,屈折IPAの原形化
9959,fleece,B2,B2,フリース,フリース,/ˈfliːs/,/flˈiːs/,She wore a fleece jacket on the cold day.,She wore a fleece jacket on the cold day.,彼女は寒い日にフリースジャケットを着ていた。,彼女は寒い日にフリースジャケットを着ていた。,屈折IPAの原形化
9974,interruption,B2,B2,中断,中断,/ˌɪntərˈʌpʃən/,/ˌɪntərˈʌpʃən/,The lecture had several interruptions.,The lecture had several interruption.,その講義にはいくつかの中断があった。,その講義にはいくつかの中断があった。,例文の原形主語整合化
9975,intrigue,B2,B2,"興味をそそる,陰謀","興味をそそる,陰謀",/ɪˈntriːɡz/,/ɪntrˈiːɡ/,The mystery surrounding the old house intrigued the children.,The mystery surrounding the old house intrigued the children.,その古い家をめぐる謎が子供たちの興味をそそった。,その古い家をめぐる謎が子供たちの興味をそそった。,屈折IPAの原形化
9977,lattice,B2,B2,格子、格子模様,格子、格子模様,/ˈlætəs/,/lˈætəs/,The window was covered with a lattice screen.,The window was covered with a lattice screen.,窓は格子のスクリーンで覆われていた。,窓は格子のスクリーンで覆われていた。,屈折IPAの原形化
9993,plumber,B2,B2,配管工,配管工,/ˈplʌmərz/,/plˈʌmɚ/,We need to call the plumbers to fix the leak.,We need to call the plumber to fix the leak.,漏れを修理するために配管工に電話する必要があります。,漏れを修理するために配管工に電話する必要があります。,屈折IPAの原形化 / 例文の原形主語整合化
9995,purchaser,B2,B2,購入者,購入者,/ˈpɜːrtʃəsərz/,/pˈɜːrtʃəsɚ/,The store offered a discount to regular purchasers.,The store offered a discount to regular purchaser.,店は定期的な購入者に割引を提供した。,店は定期的な購入者に割引を提供した。,屈折IPAの原形化 / 例文の原形主語整合化
10003,slump,B2,B2,不況,不況,/ˈslʌmps/,/slˈʌmp/,The economy is experiencing slumps.,The economy is experiencing slump.,経済は不況を経験している。,経済は不況を経験している。,屈折IPAの原形化 / 例文の原形主語整合化
10005,sparse,B2,B2,まばらな、希薄な,まばらな、希薄な,/ˈspɑrs/,/spˈɑːrs/,The population in this area is quite sparse.,The population in this area is quite sparse.,この地域の人口は非常にまばらです。,この地域の人口は非常にまばらです。,屈折IPAの原形化
10011,surveyor,B2,B2,測量士,測量士,/sərˈveɪərz/,/sɚvˈeɪɚ/,The surveyors were mapping the area for the new development.,The surveyor were mapping the area for the new development.,測量士たちは新しい開発のためにその地域を地図にしていた。,測量士たちは新しい開発のためにその地域を地図にしていた。,屈折IPAの原形化 / 例文の原形主語整合化
10013,tyrant,B2,B2,暴君,暴君,/ˈtaɪrənts/,/tˈaɪrənt/,The people rebelled against the tyrants.,The people rebelled against the tyrant.,人々は暴君に反抗した。,人々は暴君に反抗した。,屈折IPAの原形化 / 例文の原形主語整合化
10042,cadet,B2,B2,士官候補生,士官候補生,/kəˈdɛts/,/kədˈet/,The cadets marched in formation during the parade.,The cadet marched in formation during the parade.,士官候補生たちはパレードの間、隊列を組んで行進しました。,士官候補生たちはパレードの間、隊列を組んで行進しました。,屈折IPAの原形化 / 例文の原形主語整合化
10048,collage,B2,B2,コラージュ,コラージュ,/kəˈlɑʒɪz/,/kəlˈɑːʒ/,The artist created a series of collages.,The artist created a series of collage.,その芸術家は一連のコラージュを作成した。,その芸術家は一連のコラージュを作成した。,屈折IPAの原形化 / 例文の原形主語整合化
10050,computation,B2,B2,計算,計算,/ˌkɑmpjuˈteɪʃənz/,/kˌɑːmpjətˈeɪʃən/,The engineer performed complex computations.,The engineer performed complex computation.,そのエンジニアは複雑な計算を行った。,そのエンジニアは複雑な計算を行った。,屈折IPAの原形化 / 例文の原形主語整合化
10053,crackdown,B2,B2,取締り,取締り,/ˈkræˌkdaʊnz/,/krˈækdˌaʊn/,The police launched crackdowns on illegal drug sales.,The police launched crackdown on illegal drug sales.,警察は違法な麻薬販売の取り締まりを開始した。,警察は違法な麻薬販売の取り締まりを開始した。,屈折IPAの原形化 / 例文の原形主語整合化
10054,craze,B2,B2,熱狂,熱狂,/ˈkreɪz/,/krˈeɪz/,The new phone became a global craze.,The new phone became a global craze.,新しい電話は世界的な熱狂となった。,新しい電話は世界的な熱狂となった。,屈折IPAの原形化
10055,cupcake,B2,B2,カップケーキ,カップケーキ,/ˈkʌˌpkeɪks/,/kˈʌpkˌeɪk/,I baked cupcakes for the party.,I baked cupcake for the party.,私はパーティーのためにカップケーキを焼いた。,私はパーティーのためにカップケーキを焼いた。,屈折IPAの原形化 / 例文の原形主語整合化
10073,geese,B2,B2,ガチョウ,ガチョウ,/ˈɡiːs/,/ɡˈiːs/,The geese were flying in a V formation.,The geese were flying in a V formation.,ガチョウはV字型編隊で飛んでいた。,ガチョウはV字型編隊で飛んでいた。,屈折IPAの原形化
10081,hipster,B2,B2,ヒップスター,ヒップスター,/ˈhɪpstər/,/ˈhɪpstər/,The coffee shop was full of hipsters.,The coffee shop was full of hipster.,そのコーヒーショップはヒップスターでいっぱいだった。,そのコーヒーショップはヒップスターでいっぱいだった。,例文の原形主語整合化
10089,landfill,B2,B2,埋め立て地,埋め立て地,/ˈlæˌndfɪlz/,/lˈændfˌɪl/,The city uses landfills for its waste disposal.,The city uses landfill for its waste disposal.,市は廃棄物処理のために埋め立て地を使用している。,市は廃棄物処理のために埋め立て地を使用している。,屈折IPAの原形化 / 例文の原形主語整合化
10094,muffin,B2,B2,マフィン,マフィン,/ˈmʌfənz/,/mˈʌfən/,She baked some delicious blueberry muffins for breakfast.,She baked some delicious blueberry muffin for breakfast.,彼女は朝食に美味しいブルーベリーマフィンを焼いた。,私は朝食に美味しいブルーベリーマフィンを焼いた。,屈折IPAの原形化 / 例文の原形主語整合化
10098,pancake,B2,B2,パンケーキ,パンケーキ,/ˈpæˌnkeɪk/,/ˈpæˌnkeɪk/,We ate pancakes for breakfast.,We ate pancake for breakfast.,私たちは朝食にパンケーキを食べました。,私たちは朝食にパンケーキを食べました。,例文の原形主語整合化
10099,pedigree,B2,B2,家系図,家系図,/ˈpɛdəɡriz/,/pˈedəɡriː/,He researched his family's pedigrees.,He researched his family's pedigree.,彼は家族の家系図を調べた。,私は家族の家系図を調べた。,屈折IPAの原形化 / 例文の原形主語整合化
10101,pinpoint,B2,B2,正確に示す,正確に示す,/ˈpɪˌnpɔɪnts/,/pˈɪnpˌɔɪnt/,The report pinpoints the key issues.,The report pinpoint the key issues.,その報告書は主要な問題を正確に示している。,その報告書は主要な問題を正確に示している。,屈折IPAの原形化 / 例文の原形主語整合化
10102,pip,B2,B2,（種などの）小さな粒,（種などの）小さな粒,/ˈpɪps/,/pˈɪp/,The pips were removed before eating the orange.,The pip were removed before eating the orange.,オレンジを食べる前に、種が取り除かれた。,オレンジを食べる前に、種が取り除かれた。,屈折IPAの原形化 / 例文の原形主語整合化
10112,revert,B2,B2,戻る,戻る,/rɪˈvɜːrts/,/rɪvˈɜːrt/,The contract reverts to its original terms.,The contract revert to its original terms.,契約は元の条項に戻る。,契約は元の条項に戻る。,屈折IPAの原形化 / 例文の原形主語整合化
10134,adherence,B2,B2,固守、忠実,固守、忠実,/əˈdhɪrəns/,/ədhˈɪrəns/,Adherence to the rules is essential.,Adherence to the rules is essential.,規則の固守は不可欠である。,規則の固守は不可欠である。,屈折IPAの原形化
10149,bungalow,B2,B2,バンガロー,バンガロー,/ˈbʌŋɡəˌloʊz/,/bˈʌŋɡəlˌoʊ/,The resort had a row of bungalows for the guests to stay in.,The resort had a row of bungalow for the guests to stay in.,リゾートには、ゲストが宿泊するためのバンガローが並んでいた。,リゾートには、ゲストが宿泊するためのバンガローが並んでいた。,屈折IPAの原形化 / 例文の原形主語整合化
10151,capitalize,B2,B2,活用する,活用する,/ˈkæpətəˌlaɪz/,/kˈæpətəlˌaɪz/,They are trying to capitalize on the new trend.,They are trying to capitalize on the new trend.,彼らは新しいトレンドを活用しようとしています。,彼らは新しいトレンドを活用しようとしています。,屈折IPAの原形化
10170,fang,B2,B2,牙,牙,/ˈfæŋz/,/fˈæŋ/,The snake showed its fangs before striking.,The snake showed its fang before striking.,蛇は攻撃する前に牙を見せた。,蛇は攻撃する前に牙を見せた。,屈折IPAの原形化 / 例文の原形主語整合化
10172,folly,B2,B2,愚行、愚かさ,愚行、愚かさ,/ˈfɑliz/,/fˈɑːliː/,His follies led him into trouble.,His follies led him into trouble.,彼の愚行が彼をトラブルに導いた。,彼の愚行が彼をトラブルに導いた。,屈折IPAの原形化
10178,indifference,B2,B2,無関心,無関心,/ɪˈndɪfərəns/,/ɪndˈɪfɚəns/,His indifference to their plight was very disturbing.,His indifference to their plight was very disturbing.,彼の彼らの窮状への無関心は非常に不穏でした。,彼の彼らの窮状への無関心は非常に不穏でした。,屈折IPAの原形化
10184,issuance,B2,B2,発行,発行,/ˈɪʃuəns/,/ˈɪʃuːəns/,The issuance of new shares will raise capital for the company.,The issuance of new shares will raise capital for the company.,新株の発行は、会社の資金を調達します。,新株の発行は、会社の資金を調達します。,屈折IPAの原形化
10190,ligament,B2,B2,靭帯,靭帯,/ˈlɪɡəmənts/,/lˈɪɡəmənt/,He tore the ligaments in his knee during the soccer game.,He tore the ligament in his knee during the soccer game.,彼はサッカーの試合中に膝の靭帯を損傷しました。,私はサッカーの試合中に膝の靭帯を損傷しました。,屈折IPAの原形化 / 例文の原形主語整合化
10193,maize,B2,B2,トウモロコシ,トウモロコシ,/ˈmeɪz/,/mˈeɪz/,The farmers grew maize in their fields.,The farmers grew maize in their fields.,農家は畑でトウモロコシを育てた。,農家は畑でトウモロコシを育てた。,屈折IPAの原形化
10203,pebble,B2,B2,小石,小石,/ˈpɛbəlz/,/pˈebəl/,The children were collecting pebbles on the beach.,The children were collecting pebble on the beach.,子供たちは浜辺で小石を集めていた。,子供たちは浜辺で小石を集めていた。,屈折IPAの原形化 / 例文の原形主語整合化
10205,perseverance,B2,B2,忍耐,忍耐,/ˌpɜːrsəˈvɪrəns/,/pˌɜːrsəvˈɪrəns/,Perseverance is key to achieving success.,Perseverance is key to achieving success.,忍耐は成功を達成するための鍵である。,忍耐は成功を達成するための鍵である。,屈折IPAの原形化
10209,populace,B2,B2,一般大衆,一般大衆,/ˈpɑpjələs/,/pˈɑːpjələs/,The populace celebrated the national holiday with great enthusiasm.,The populace celebrated the national holiday with great enthusiasm.,一般大衆は国民の祝日を大いに熱狂して祝った。,一般大衆は国民の祝日を大いに熱狂して祝った。,屈折IPAの原形化
10222,ridicule,B2,B2,あざ笑う、嘲笑する,あざ笑う、嘲笑する,/ˈrɪdəˌkjuːlz/,/rˈɪdəkjˌuːl/,He often ridicules his friends.,He often ridicule his friends.,彼はしばしば彼の友人をあざ笑う。,私はしばしば彼の友人をあざ笑う。,屈折IPAの原形化 / 例文の原形主語整合化
10226,sculptor,B2,B2,彫刻家,彫刻家,/ˈskʌlptərz/,/skˈʌlptɚ/,The city is full of sculptures by famous sculptors.,The city is full of sculptures by famous sculptor.,その都市は有名な彫刻家による彫刻で溢れている。,その都市は有名な彫刻家による彫刻で溢れている。,屈折IPAの原形化 / 例文の原形主語整合化
10253,alteration,B2,B2,変更、修正,変更、修正,/ˌɔltərˈeɪʃənz/,/ˌɔːltɚˈeɪʃən/,The dress needs some alterations.,The dress needs some alteration.,そのドレスはいくつかの修正が必要だ。,そのドレスはいくつかの修正が必要だ。,屈折IPAの原形化 / 例文の原形主語整合化
10269,cheerleader,B2,B2,チアリーダー,チアリーダー,/ˈtʃɪˌrliːdərz/,/tʃˈɪrlˌiːdɚ/,The cheerleaders performed at halftime.,The cheerleader performed at halftime.,チアリーダーたちはハーフタイムにパフォーマンスをした。,チアリーダーたちはハーフタイムにパフォーマンスをした。,屈折IPAの原形化 / 例文の原形主語整合化
10276,degenerate,B2,B2,変性する,変性する,/dɪˈdʒɛnərəts/,/dɪdʒˈenɚət/,The tissue degenerates due to the disease.,The tissue degenerate due to the disease.,その組織は病気によって変性します。,その組織は病気によって変性します。,屈折IPAの原形化 / 例文の原形主語整合化
10280,dole,B2,B2,配給する,配給する,/ˈdoʊlz/,/dˈoʊl/,The government doles out aid to the needy.,The government dole out aid to the needy.,政府は困窮している人々に援助を配給する。,政府は困窮している人々に援助を配給する。,屈折IPAの原形化 / 例文の原形主語整合化
10309,inhabit,B2,B2,住む、生息する,住む、生息する,/ɪˈnhæbəts/,/ɪnhˈæbət/,This bird inhabits the tropical forests.,This bird inhabit the tropical forests.,この鳥は熱帯雨林に生息している。,この鳥は熱帯雨林に生息している。,屈折IPAの原形化 / 例文の原形主語整合化
10314,limo,B2,B2,リムジン,リムジン,/ˈlɪmoʊz/,/lˈɪmoʊ/,The celebrity arrived in a limo.,The celebrity arrived in a limo.,その有名人はリムジンで到着した。,その有名人はリムジンで到着した。,屈折IPAの原形化
10315,mace,B2,B2,メイス,メイス,/ˈmeɪs/,/mˈeɪs/,The guard carried a mace as a weapon.,The guard carried a mace as a weapon.,警備員は武器としてメイスを携帯していた。,警備員は武器としてメイスを携帯していた。,屈折IPAの原形化
10325,monsoon,B2,B2,モンスーン,モンスーン,/mɑˈnsuːnz/,/mɑːnsˈuːn/,The monsoons bring heavy rainfall to the region.,The monsoon bring heavy rainfall to the region.,モンスーンはその地域に大雨をもたらす。,モンスーンはその地域に大雨をもたらす。,屈折IPAの原形化 / 例文の原形主語整合化
10328,opioid,B2,B2,オピオイド,オピオイド,/opioid/,/opioid/,Opioids are often used for pain relief.,opioid are often used for pain relief.,オピオイドはしばしば痛みを和らげるために使用される。,オピオイドはしばしば痛みを和らげるために使用される。,例文の原形主語整合化
10329,optimize,B2,B2,最適化する,最適化する,/ˈɑptəˌmaɪzz/,/ˈɑːptəmˌaɪz/,The software optimizes the system's performance.,The software optimize the system's performance.,そのソフトウェアはシステムのパフォーマンスを最適化する。,そのソフトウェアはシステムのパフォーマンスを最適化する。,屈折IPAの原形化 / 例文の原形主語整合化
10339,precedence,B2,B2,優先順位,優先順位,/ˈprɛsədəns/,/prˈesədəns/,This issue should take precedence over others.,This issue should take precedence over others.,この問題は他の問題よりも優先されるべきだ。,この問題は他の問題よりも優先されるべきだ。,屈折IPAの原形化
10346,reorganization,B2,B2,再編成,再編成,/riˌɔrɡənɪˈzeɪʃənz/,/rˌiːɔːrɡənəzˈeɪʃən/,The company underwent several reorganizations.,The company underwent several reorganization.,会社はいくつかの再編成を経ました。,会社はいくつかの再編成を経ました。,屈折IPAの原形化 / 例文の原形主語整合化
10359,steroid,B2,B2,ステロイド,ステロイド,/ˈstɛrɔɪdz/,/stɚˈɔɪd/,"Athletes sometimes use steroids to enhance their performance, which is considered cheating.","Athletes sometimes use steroid to enhance their performance, which is considered cheating.",アスリートは時々、パフォーマンスを向上させるためにステロイドを使用しますが、それは不正行為と見なされます。,アスリートは時々、パフォーマンスを向上させるためにステロイドを使用しますが、それは不正行為と見なされます。,屈折IPAの原形化 / 例文の原形主語整合化
10367,turquoise,B2,B2,ターコイズ,ターコイズ,/ˈtɜːrkwɔɪz/,/tˈɜːrkwɔɪz/,She wore a beautiful turquoise necklace.,She wore a beautiful turquoise necklace.,彼女は美しいターコイズのネックレスをしていた。,彼女は美しいターコイズのネックレスをしていた。,屈折IPAの原形化
10370,underdog,B2,B2,負け犬、弱者,負け犬、弱者,/ˈʌndərˌdɔɡz/,/ˈʌndɚdˌɔːɡ/,The underdogs surprised everyone by winning the game.,The underdog surprised everyone by winning the game.,負け犬たちは試合に勝って皆を驚かせた。,負け犬たちは試合に勝って皆を驚かせた。,屈折IPAの原形化 / 例文の原形主語整合化
10378,werewolf,B2,B2,狼男,狼男,/ˈwɛrˌwʊlvz/,/wˈerwˌʊlf/,Werewolves are creatures of myth and legend.,Werewolves are creatures of myth and legend.,狼男は神話や伝説の生き物です。,狼男は神話や伝説の生き物です。,屈折IPAの原形化
10380,acknowledgement,B2,B2,謝辞,謝辞,/æˈknɑlɪdʒmənts/,/æknˈɑːlɪdʒmənt/,The author included acknowledgements at the end of the book.,The author included acknowledgement at the end of the book.,著者は本の最後に謝辞を記載した。,著者は本の最後に謝辞を記載した。,屈折IPAの原形化 / 例文の原形主語整合化
10385,approximation,B2,B2,近似値、概算,近似値、概算,/əˌprɑksəˈmeɪʃənz/,/əprˌɑːksəmˈeɪʃən/,These are only approximations of the actual numbers.,These are only approximation of the actual numbers.,これらは実際の数値の概算に過ぎない。,これらは実際の数値の概算に過ぎない。,屈折IPAの原形化 / 例文の原形主語整合化
10416,healer,B2,B2,治療師,治療師,/ˈhiːlərz/,/hˈiːlɚ/,Traditional healers use herbs for medicine.,Traditional healer use herbs for medicine.,伝統的な治療師は薬としてハーブを使う。,伝統的な治療師は薬としてハーブを使う。,屈折IPAの原形化 / 例文の原形主語整合化
10417,hinge,B2,B2,ちょうつがい、頼る,ちょうつがい、頼る,/ˈhɪndʒɪz/,/hˈɪndʒ/,The success of the project hinges on good teamwork.,The success of the project hinge on good teamwork.,プロジェクトの成功は優れたチームワークにかかっている。,プロジェクトの成功は優れたチームワークにかかっている。,屈折IPAの原形化 / 例文の原形主語整合化
10422,jock,B2,B2,体育会系の人,体育会系の人,/ˈdʒɑks/,/dʒˈɑːk/,The jocks always dominate the gym.,The jock always dominate the gym.,体育会系の人はいつもジムを占領している。,体育会系の人はいつもジムを占領している。,屈折IPAの原形化 / 例文の原形主語整合化
10434,ornament,B2,B2,装飾品,装飾品,/ˈɔrnəmənts/,/ˈɔːrnəmənt/,The Christmas tree was covered in ornaments.,The Christmas tree was covered in ornament.,クリスマスツリーは装飾品で覆われていた。,クリスマスツリーは装飾品で覆われていた。,屈折IPAの原形化 / 例文の原形主語整合化
10435,outpatient,B2,B2,外来患者,外来患者,/ˈaʊˌtpeɪʃənts/,/ˈaʊtpˌeɪʃənt/,The clinic sees many outpatients daily.,The clinic sees many outpatient daily.,その診療所は毎日多くの外来患者を診察している。,その診療所は毎日多くの外来患者を診察している。,屈折IPAの原形化 / 例文の原形主語整合化
10439,photon,B2,B2,光子,光子,/ˈfoʊˌtɑnz/,/fˈoʊtˌɑːn/,Photons are fundamental particles of light.,photon are fundamental particles of light.,光子は光の基本的な粒子です。,光子は光の基本的な粒子です。,屈折IPAの原形化 / 例文の原形主語整合化
10441,potion,B2,B2,魔法薬,魔法薬,/ˈpoʊʃənz/,/pˈoʊʃən/,The witch was making potions in her cauldron.,The witch was making potion in her cauldron.,魔女は魔法の大釜で魔法薬を作っていた。,魔女は魔法の大釜で魔法薬を作っていた。,屈折IPAの原形化 / 例文の原形主語整合化
10458,sideline,B2,B2,サイドライン,サイドライン,/ˈsaɪˌdlaɪnz/,/sˈaɪdlˌaɪn/,The coach stood on the sidelines and watched the game.,The coach stood on the sideline and watched the game.,コーチはサイドラインに立って試合を見守りました。,コーチはサイドラインに立って試合を見守りました。,屈折IPAの原形化 / 例文の原形主語整合化
10460,skater,B2,B2,スケーター,スケーター,/ˈskeɪtərz/,/skˈeɪtɚ/,The skaters practiced their routines on the ice rink.,The skater practiced their routines on the ice rink.,スケーターたちはアイスリンクでルーティンを練習しました。,スケーターたちはアイスリンクでルーティンを練習しました。,屈折IPAの原形化 / 例文の原形主語整合化
10468,syllable,B2,B2,音節,音節,/ˈsɪləbəl/,/ˈsɪləbəl/,The word 'table' has two syllables.,The word 'table' has two syllable.,単語「table」は2つの音節を持つ。,単語「table」は2つの音節を持つ。,例文の原形主語整合化
10478,volt,B2,B2,ボルト,ボルト,/ˈvoʊlt/,/ˈvoʊlt/,The device uses 12 volts of electricity.,The device uses 12 volt of electricity.,その装置は12ボルトの電気を使用します。,その装置は12ボルトの電気を使用します。,例文の原形主語整合化
10485,bastion,B2,B2,要塞、拠点,要塞、拠点,/ˈbæstʃənz/,/bˈæstʃən/,The city was one of the bastions of the revolution.,The city was one of the bastion of the revolution.,その都市は革命の拠点の1つだった。,その都市は革命の拠点の1つだった。,屈折IPAの原形化 / 例文の原形主語整合化
10492,chopper,B2,B2,ヘリコプター、斧,ヘリコプター、斧,/ˈtʃɑpərz/,/tʃˈɑːpɚ/,The military deployed choppers to transport the troops.,The military deployed chopper to transport the troops.,軍は部隊を輸送するためにヘリコプターを配備した。,軍は部隊を輸送するためにヘリコプターを配備した。,屈折IPAの原形化 / 例文の原形主語整合化
10504,denomination,B2,B2,宗派、教派,宗派、教派,/dɪˌnɔməˈneɪʃənz/,/dɪnˌɔːmənˈeɪʃən/,The country has a wide variety of religious denominations.,The country has a wide variety of religious denomination.,その国にはさまざまな宗教宗派が存在する。,その国にはさまざまな宗教宗派が存在する。,屈折IPAの原形化 / 例文の原形主語整合化
10505,digestion,B2,B2,消化,消化,/daɪˈdʒɛstʃənz/,/daɪdʒˈestʃən/,The digestions of food in the stomach is a complex process.,The digestion of food in the stomach is a complex process.,胃での食物の消化は複雑なプロセスである。,胃での食物の消化は複雑なプロセスである。,屈折IPAの原形化 / 例文の原形主語整合化
10516,engraving,B2,B2,彫刻,彫刻,/ɪˈnɡreɪvɪŋz/,/ɪnɡrˈeɪvɪŋ/,The antique book was filled with beautiful engravings.,The antique book was filled with beautiful engraving.,そのアンティークの本は美しい彫刻でいっぱいだった。,そのアンティークの本は美しい彫刻でいっぱいだった。,屈折IPAの原形化 / 例文の原形主語整合化
10527,goblin,B2,B2,ゴブリン,ゴブリン,/ˈɡɑblɪnz/,/ɡˈɑːblɪn/,The story is about goblins and elves.,The story is about goblin and elves.,その物語はゴブリンとエルフについてのものだ。,その物語はゴブリンとエルフについてのものだ。,屈折IPAの原形化 / 例文の原形主語整合化
10548,nurture,B2,B2,育てる,育てる,/ˈnɜːrtʃərz/,/nˈɜːrtʃɚ/,The mother bird nurtures her young.,The mother bird nurture her young.,母親の鳥は雛を育てる。,母親の鳥は雛を育てる。,屈折IPAの原形化 / 例文の原形主語整合化
10555,penthouse,B2,B2,ペントハウス,ペントハウス,/ˈpɛˌnthaʊs/,/pˈenthˌaʊs/,They have a penthouse apartment.,They have a penthouse apartment.,彼らはペントハウスのアパートを持っている。,彼らはペントハウスのアパートを持っている。,屈折IPAの原形化
10561,prioritize,B2,B2,優先順位をつける,優先順位をつける,/praɪˈɔrəˌtaɪz/,/praɪˈɔːrətˌaɪz/,You need to prioritize your tasks.,You need to prioritize your tasks.,あなたはタスクに優先順位をつける必要がある。,あなたはタスクに優先順位をつける必要がある。,屈折IPAの原形化
10563,quarrel,B2,B2,口論,口論,/ˈkwɔrəlz/,/kwˈɔːrəl/,They had frequent quarrels over minor issues.,They had frequent quarrel over minor issues.,彼らは些細なことで頻繁に口論をした。,彼らは些細なことで頻繁に口論をした。,屈折IPAの原形化 / 例文の原形主語整合化
10564,raider,B2,B2,襲撃者、侵略者,襲撃者、侵略者,/ˈreɪdərz/,/rˈeɪdɚ/,The raiders plundered the village and took their valuables.,The raider plundered the village and took their valuables.,襲撃者たちは村を略奪し、貴重品を奪っていきました。,襲撃者たちは村を略奪し、貴重品を奪っていきました。,屈折IPAの原形化 / 例文の原形主語整合化
10568,resurgence,B2,B2,再興,再興,/riˈsɜːrdʒəns/,/riːsˈɜːrdʒəns/,There has been a resurgence of interest in folk music.,There has been a resurgence of interest in folk music.,フォークミュージックへの関心が再興している。,フォークミュージックへの関心が再興している。,屈折IPAの原形化
10580,spreadsheet,B2,B2,スプレッドシート,スプレッドシート,/ˈsprɛˌdʃiːts/,/sprˈedʃˌiːt/,She used spreadsheets to organize her data.,She used spreadsheet to organize her data.,彼女はデータを整理するためにスプレッドシートを使用しました。,私はデータを整理するためにスプレッドシートを使用しました。,屈折IPAの原形化 / 例文の原形主語整合化
10585,tendon,B2,B2,腱,腱,/ˈtɛndənz/,/tˈendən/,He strained the tendons in his knee.,He strained the tendon in his knee.,彼は膝の腱を痛めた。,私は膝の腱を痛めた。,屈折IPAの原形化 / 例文の原形主語整合化
10604,beak,B2,B2,くちばし,くちばし,/ˈbiːks/,/bˈiːk/,The birds had sharp beaks.,The birds had sharp beak.,鳥たちは鋭いくちばしを持っていた。,鳥たちは鋭いくちばしを持っていた。,屈折IPAの原形化 / 例文の原形主語整合化
10615,commune,B2,B2,共同体,共同体,/ˈkɑmjunz/,/kˈɑːmjuːn/,"They lived in communes, sharing everything they owned.","They lived in commune, sharing everything they owned.",彼らは共同体で暮らし、所有物すべてを共有した。,彼らは共同体で暮らし、所有物すべてを共有した。,屈折IPAの原形化 / 例文の原形主語整合化
10622,descendant,B2,B2,子孫,子孫,/dɪˈsɛndənts/,/dɪsˈendənt/,His descendants still live in the same town.,His descendant still live in the same town.,彼の子孫は今も同じ町に住んでいる。,彼の子孫は今も同じ町に住んでいる。,屈折IPAの原形化 / 例文の原形主語整合化
10647,lobe,B2,B2,脳葉、葉,脳葉、葉,/ˈloʊbz/,/lˈoʊb/,The brain is divided into several lobes.,The brain is divided into several lobe.,脳はいくつかの葉に分かれている。,脳はいくつかの葉に分かれている。,屈折IPAの原形化 / 例文の原形主語整合化
10652,peptide,B2,B2,ペプチド,ペプチド,/ˈpɛˌptaɪd/,/ˈpɛˌptaɪd/,Peptides are short chains of amino acids.,peptide are short chains of amino acids.,ペプチドはアミノ酸の短い鎖である。,ペプチドはアミノ酸の短い鎖である。,例文の原形主語整合化
10665,remnant,B2,B2,残り物,残り物,/ˈrɛmnənts/,/rˈemnənt/,The remnants of the fire were still smoldering.,The remnant of the fire were still smoldering.,火の残り火はまだくすぶっていた。,火の残り火はまだくすぶっていた。,屈折IPAの原形化 / 例文の原形主語整合化
10666,rounder,B2,B2,ラウンダーズ(野球に似たイギリスのスポーツ),ラウンダーズ(野球に似たイギリスのスポーツ),/ˈraʊndərz/,/rˈaʊndɚ/,They played rounders in the park.,They played rounder in the park.,彼らは公園でラウンダーズをした。,彼らは公園でラウンダーズをした。,屈折IPAの原形化 / 例文の原形主語整合化
10683,surfer,B2,B2,サーファー,サーファー,/ˈsɜːrfərz/,/sˈɜːrfɚ/,The surfers were waiting for the perfect wave.,The surfer were waiting for the perfect wave.,サーファーたちは完璧な波を待っていた。,サーファーたちは完璧な波を待っていた。,屈折IPAの原形化 / 例文の原形主語整合化
10689,typo,B2,B2,タイプミス,タイプミス,/ˈtaɪpoʊs/,/tˈaɪpoʊ/,There are several typos in the document.,There are several typo in the document.,その文書にはいくつかのタイプミスがある。,その文書にはいくつかのタイプミスがある。,屈折IPAの原形化 / 例文の原形主語整合化
10695,waffle,B2,B2,ワッフル,ワッフル,/ˈwɑfəlz/,/wˈɑːfəl/,She made delicious waffles for breakfast.,She made delicious waffle for breakfast.,彼女は朝食に美味しいワッフルを作った。,私は朝食に美味しいワッフルを作った。,屈折IPAの原形化 / 例文の原形主語整合化
10732,doodle,B2,B2,いたずら書き,いたずら書き,/ˈduːdəlz/,/dˈuːdəl/,She was drawing doodles in her notebook.,She was drawing doodle in her notebook.,彼女はノートにいたずら書きをしていた。,私はノートにいたずら書きをしていた。,屈折IPAの原形化 / 例文の原形主語整合化
10759,mediator,B2,B2,メディエーター,メディエーター,/ˈmiːdiˌeɪtərz/,/mˈiːdiːˌeɪtɚ/,The inflammatory response involves several mediators.,The inflammatory response involves several mediator.,炎症反応にはいくつかのメディエーターが関与している。,炎症反応にはいくつかのメディエーターが関与している。,屈折IPAの原形化 / 例文の原形主語整合化
10768,nightingale,B2,B2,ナイチンゲール,ナイチンゲール,/ˈnaɪtɪŋɡeɪlz/,/nˈaɪtɪŋɡeɪl/,Nightingales are known for their beautiful songs.,nightingale are known for their beautiful songs.,ナイチンゲールはその美しい歌で知られている。,ナイチンゲールはその美しい歌で知られている。,屈折IPAの原形化 / 例文の原形主語整合化
10769,nuke,B2,B2,核兵器,核兵器,/ˈnuːks/,/nˈuːk/,The debate over nukes continues.,The debate over nuke continues.,核兵器に関する議論は続いている。,核兵器に関する議論は続いている。,屈折IPAの原形化 / 例文の原形主語整合化
10785,regimen,B2,B2,養生法,養生法,/ˈrɛdʒəmənz/,/rˈedʒəmən/,He follows a strict regimen of exercise and diet.,He follows a strict regimen of exercise and diet.,彼は運動と食事の厳しい養生法に従っている。,彼は運動と食事の厳しい養生法に従っている。,屈折IPAの原形化
10800,unionist,B2,B2,組合員,組合員,/ˈjuːnjənɪsts/,/jˈuːnjənəst/,The unionists are fighting for better wages.,The unionist are fighting for better wages.,組合員はより良い賃金のために戦っています。,組合員はより良い賃金のために戦っています。,屈折IPAの原形化 / 例文の原形主語整合化
10808,airspace,B2,B2,空域、領空,空域、領空,/ˈɛˌrspeɪs/,/ˈerspˌeɪs/,Commercial planes are not allowed to enter restricted airspace.,Commercial planes are not allowed to enter restricted airspace.,民間航空機は制限された空域への侵入を許可されていない。,民間航空機は制限された空域への侵入を許可されていない。,屈折IPAの原形化
10810,amplitude,B2,B2,振幅,振幅,/ˈæmpləˌtuːdz/,/ˈæmplətˌuːd/,The amplitudes of the waves were measured.,The amplitude of the waves were measured.,波の振幅が測定されました。,波の振幅が測定されました。,屈折IPAの原形化 / 例文の原形主語整合化
10817,barbarian,B2,B2,野蛮人,野蛮人,/bɑˈrbɛriən/,/bɑˈrbɛriən/,The invaders were described as barbarians.,The invaders were described as barbarian.,侵略者たちは野蛮人だと記述された。,侵略者たちは野蛮人だと記述された。,例文の原形主語整合化
10821,boomer,B2,B2,ベビーブーマー世代,ベビーブーマー世代,/ˈbuːmərz/,/bˈuːmɚ/,The baby boomers are now entering retirement age.,The baby boomer are now entering retirement age.,ベビーブーマー世代は現在、退職年齢に達しています。,ベビーブーマー世代は現在、退職年齢に達しています。,屈折IPAの原形化 / 例文の原形主語整合化
10837,disobedience,B2,B2,不服従,不服従,/ˌdɪsəˈbiːdiəns/,/dˌɪsəbˈiːdiːəns/,Disobedience will not be tolerated.,Disobedience will not be tolerated.,不服従は容認されません。,不服従は容認されません。,屈折IPAの原形化
10838,dreamer,B2,B2,夢を見る人,夢を見る人,/ˈdriːmərz/,/drˈiːmɚ/,Dreamers can achieve anything.,dreamer can achieve anything.,夢を見る人は何でも達成できます。,夢を見る人は何でも達成できます。,屈折IPAの原形化 / 例文の原形主語整合化
10854,glaze,B2,B2,艶出し,艶出し,/ˈɡleɪz/,/ɡlˈeɪz/,She applied a glaze to the cake to make it shiny.,She applied a glaze to the cake to make it shiny.,彼女はケーキを艶出しして、光沢をつけた。,彼女はケーキを艶出しして、光沢をつけた。,屈折IPAの原形化
10879,parisian,B2,B2,パリジャン,パリジャン,/pərˈɪsiənz/,/pɚˈɪʒən/,Parisians are known for their fashion sense.,parisian are known for their fashion sense.,パリジャンはファッションセンスで知られている。,パリジャンはファッションセンスで知られている。,屈折IPAの原形化 / 例文の原形主語整合化
10882,pore,B2,B2,毛穴,毛穴,/ˈpɔr/,/ˈpɔr/,She has very small pores on her face.,She has very small pore on her face.,彼女は顔に非常に小さな毛穴を持っている。,私は顔に非常に小さな毛穴を持っている。,例文の原形主語整合化
10887,quadrant,B2,B2,四分円、四分の一,四分円、四分の一,/ˈkwɑdrənt/,/ˈkwɑdrənt/,The map is divided into four quadrants.,The map is divided into four quadrant.,地図は四つの四分円に分割されています。,地図は四つの四分円に分割されています。,例文の原形主語整合化
10890,recollection,B2,B2,思い出,思い出,/ˌrɛkəˈlɛkʃənz/,/rˌekəlˈekʃən/,He shared his childhood recollections.,He shared his childhood recollection.,彼は幼少期の思い出を語った。,私は幼少期の思い出を語った。,屈折IPAの原形化 / 例文の原形主語整合化
10905,skid,B2,B2,スリップ,スリップ,/ˈskɪdz/,/skˈɪd/,The car went into a skids on the ice.,The car went into a skid on the ice.,車は氷の上でスリップした。,車は氷の上でスリップした。,屈折IPAの原形化 / 例文の原形主語整合化
10906,solace,B2,B2,慰め,慰め,/ˈsɑləs/,/sˈɑːləs/,She found solace in spending time in nature after the loss of her friend.,She found solace in spending time in nature after the loss of her friend.,彼女は友人を失った後、自然の中で過ごすことに慰めを見出しました。,彼女は友人を失った後、自然の中で過ごすことに慰めを見出しました。,屈折IPAの原形化
10907,specialize,B2,B2,専門化する,専門化する,/ˈspɛʃəˌlaɪz/,/spˈeʃəlˌaɪz/,The doctor specializes in heart surgery.,The doctor specialize in heart surgery.,その医者は心臓手術を専門としている。,その医者は心臓手術を専門としている。,屈折IPAの原形化 / 例文の原形主語整合化
10912,terminator,B2,B2,終結因子,終結因子,/ˈtɜːrməˌneɪtərz/,/tˈɜːrmənˌeɪtɚ/,Terminators signal the end of transcription.,terminator signal the end of transcription.,終結因子は転写の終わりを知らせる。,終結因子は転写の終わりを知らせる。,屈折IPAの原形化 / 例文の原形主語整合化
10920,whim,B2,B2,気まぐれ,気まぐれ,/ˈwɪmz/,/wˈɪm/,She often acts on her whims.,She often acts on her whim.,彼女はしばしば自分の気まぐれで行動する。,私はしばしば自分の気まぐれで行動する。,屈折IPAの原形化 / 例文の原形主語整合化
10922,withhold,B2,B2,保留する、差し控える,保留する、差し控える,/ˈwɪˌθhoʊldz/,/wɪθhˈoʊld/,The government withholds information from the public.,The government withhold information from the public.,政府は情報を国民に公開しない。,政府は情報を国民に公開しない。,屈折IPAの原形化 / 例文の原形主語整合化
10937,burmese,B2,B2,ビルマの,ビルマの,/bərˈmiːz/,/bɚmˈiːz/,The Burmese cat has a short and sleek coat.,The Burmese cat has a short and sleek coat.,ビルマ猫は短くて滑らかな被毛を持っています。,ビルマ猫は短くて滑らかな被毛を持っています。,屈折IPAの原形化
10963,fret,B2,B2,心配する,心配する,/ˈfrɛts/,/frˈet/,She frets about her children's safety.,I fret about her children's safety.,彼女は子供たちの安全を心配している。,私は子供たちの安全を心配している。,屈折IPAの原形化 / 例文の原形主語整合化
10965,grader,B2,B2,採点者,採点者,/ˈɡreɪdərz/,/ɡrˈeɪdɚ/,The graders worked quickly to finish evaluating the papers.,The grader worked quickly to finish evaluating the papers.,採点者は論文の評価を終えるために迅速に作業した。,採点者は論文の評価を終えるために迅速に作業した。,屈折IPAの原形化 / 例文の原形主語整合化
10972,incense,B2,B2,香、怒らせる,香、怒らせる,/ɪˈnsɛns/,/ɪnsˈens/,The smell of incense filled the temple.,The smell of incense filled the temple.,香の香りが寺院を満たしました。,香の香りが寺院を満たしました。,屈折IPAの原形化
10978,localization,B2,B2,局在化,局在化,/ˌloʊkələˈzeɪʃənz/,/lˌoʊkələzˈeɪʃən/,The study investigated the localizations of the protein within the cell.,The study investigated the localization of the protein within the cell.,その研究では、細胞内でのタンパク質の局在化を調査した。,その研究では、細胞内でのタンパク質の局在化を調査した。,屈折IPAの原形化 / 例文の原形主語整合化
10988,monologue,B2,B2,独白,独白,/ˈmɑnəˌlɔɡz/,/mˈɑːnəlˌɔːɡ/,The play was filled with long monologues by the main character.,The play was filled with long monologue by the main character.,その劇は、主人公による長い独白で満たされていた。,その劇は、主人公による長い独白で満たされていた。,屈折IPAの原形化 / 例文の原形主語整合化
11033,tote,B2,B2,トートバッグ,トートバッグ,/ˈtoʊts/,/tˈoʊt/,I brought my groceries in totes.,I brought my groceries in tote.,私はトートバッグに食料品を入れてきました。,私はトートバッグに食料品を入れてきました。,屈折IPAの原形化 / 例文の原形主語整合化
11034,transverse,B2,B2,横断的な,横断的な,/træˈnzvɜːrs/,/trænzvˈɜːrs/,The transverse muscle runs across the abdomen.,The transverse muscle runs across the abdomen.,横筋は腹部を横切って走っています。,横筋は腹部を横切って走っています。,屈折IPAの原形化
11045,visualize,B2,B2,視覚化する,視覚化する,/ˈvɪʒwəˌlaɪz/,/vˈɪʒwəlˌaɪz/,She tried to visualize the scene in her mind.,She tried to visualize the scene in her mind.,彼女は心の中でその場面を視覚化しようとした。,彼女は心の中でその場面を視覚化しようとした。,屈折IPAの原形化
11057,blacksmith,B2,B2,鍛冶屋,鍛冶屋,/ˈblæˌksmɪθs/,/blˈæksmˌɪθ/,The blacksmiths crafted the iron tools.,The blacksmith crafted the iron tools.,鍛冶屋は鉄製の道具を製作した。,鍛冶屋は鉄製の道具を製作した。,屈折IPAの原形化 / 例文の原形主語整合化
11060,burrito,B2,B2,ブリトー,ブリトー,/bərˈiːtoʊs/,/bɚˈiːtoʊ/,They ordered burritos for lunch.,They ordered burrito for lunch.,彼らは昼食にブリトーを注文した。,彼らは昼食にブリトーを注文した。,屈折IPAの原形化 / 例文の原形主語整合化
11064,casket,B2,B2,棺,棺,/ˈkæskəts/,/kˈæskət/,The body was placed in a casket for the funeral.,The body was placed in a casket for the funeral.,遺体は葬儀のために棺に入れられた。,遺体は葬儀のために棺に入れられた。,屈折IPAの原形化
11075,decomposition,B2,B2,"分解,崩壊","分解,崩壊",/ˌdiːkəmpoʊˈzɪʃənz/,/dˌiːkəmpoʊzˈɪʃən/,The decompositions of organic matter can create compost.,The decomposition of organic matter can create compost.,有機物の分解は堆肥を生み出すことができます。,有機物の分解は堆肥を生み出すことができます。,屈折IPAの原形化 / 例文の原形主語整合化
11082,estuary,B2,B2,河口,河口,/ˈɛstʃuˌɛriz/,/ˈestʃuːˌeriː/,The boat sailed into the estuaries.,The boat sailed into the estuaries.,ボートは河口に航行しました。,ボートは河口に航行しました。,屈折IPAの原形化
11085,excise,B2,B2,切除する,切除する,/ɛˈksaɪs/,/eksˈaɪs/,The surgeon had to excise the tumor.,The surgeon had to excise the tumor.,外科医は腫瘍を切除しなければならなかった。,外科医は腫瘍を切除しなければならなかった。,屈折IPAの原形化
11106,inversion,B2,B2,転倒、逆転,転倒、逆転,/ɪˈnvɜːrʒənz/,/ɪnvˈɜːrʒən/,The inversions in the graph showed a trend reversal.,The inversion in the graph showed a trend reversal.,グラフの転倒はトレンドの逆転を示した。,グラフの転倒はトレンドの逆転を示した。,屈折IPAの原形化 / 例文の原形主語整合化
11107,kinase,B2,B2,キナーゼ,キナーゼ,/kinase/,/kinase/,Kinases play a crucial role in cell signaling pathways.,kinase play a crucial role in cell signaling pathways.,キナーゼは、細胞シグナル伝達経路において重要な役割を果たします。,キナーゼは、細胞シグナル伝達経路において重要な役割を果たします。,例文の原形主語整合化
11109,legalize,B2,B2,合法化する,合法化する,/ˈliːɡəˌlaɪz/,/lˈiːɡəlˌaɪz/,The country decided to legalize marijuana.,The country decided to legalize marijuana.,その国はマリファナを合法化することを決定した。,その国はマリファナを合法化することを決定した。,屈折IPAの原形化
11126,packer,B2,B2,荷造り業者,荷造り業者,/ˈpækərz/,/pˈækɚ/,The packers carefully wrapped the fragile items.,The packer carefully wrapped the fragile items.,荷造り業者は壊れやすい品物を丁寧に包んだ。,荷造り業者は壊れやすい品物を丁寧に包んだ。,屈折IPAの原形化 / 例文の原形主語整合化
11136,quay,B2,B2,埠頭,埠頭,/ˈkiːz/,/kˈiː/,The boats were moored at the quays.,The boats were moored at the quay.,船は埠頭に係留されていた。,船は埠頭に係留されていた。,屈折IPAの原形化 / 例文の原形主語整合化
11137,railing,B2,B2,手すり,手すり,/ˈreɪlɪŋz/,/rˈeɪlɪŋ/,He leaned against the railings.,He leaned against the railing.,彼は手すりに寄りかかった。,私は手すりに寄りかかった。,屈折IPAの原形化 / 例文の原形主語整合化
11139,recruiter,B2,B2,採用担当者,採用担当者,/rɪˈkruːtərz/,/rɪkrˈuːtɚ/,The recruiters are looking for new talent.,The recruiter are looking for new talent.,採用担当者は新しい才能を探しています。,採用担当者は新しい才能を探しています。,屈折IPAの原形化 / 例文の原形主語整合化
11153,sorority,B2,B2,女子学生クラブ,女子学生クラブ,/sərˈɔrətiz/,/sɚˈɔːrətiː/,Many students join sororities in college.,Many students join sororities in college.,多くの学生が大学で女子学生クラブに加入する。,多くの学生が大学で女子学生クラブに加入する。,屈折IPAの原形化
11161,supremacist,B2,B2,至上主義者,至上主義者,/suˈprɛməsɪsts/,/suːprˈeməsɪst/,The group was composed of white supremacists who promoted racial hatred.,The group was composed of white supremacist who promoted racial hatred.,そのグループは人種的憎悪を助長する白人至上主義者で構成されていた。,そのグループは人種的憎悪を助長する白人至上主義者で構成されていた。,屈折IPAの原形化 / 例文の原形主語整合化
11163,tortoise,B2,B2,カメ,カメ,/ˈtɔrtəs/,/tˈɔːrtəs/,The tortoise moved slowly across the grass.,The tortoise moved slowly across the grass.,そのカメはゆっくりと草の上を横切った。,そのカメはゆっくりと草の上を横切った。,屈折IPAの原形化
11169,veggie,B2,B2,野菜,野菜,/ˈvɛdʒiz/,/vˈedʒiː/,We need to eat more veggies for good health.,We need to eat more veggie for good health.,私たちは健康のために、もっと野菜を食べる必要があります。,私たちは健康のために、もっと野菜を食べる必要があります。,屈折IPAの原形化 / 例文の原形主語整合化
11179,aggregation,B2,B2,凝集体,凝集体,/aggregations/,/aggregations/,The aggregations of cells formed a tumor.,The aggregation of cells formed a tumor.,細胞の凝集体が腫瘍を形成しました。,細胞の凝集体が腫瘍を形成しました。,例文の原形主語整合化
11186,attest,B2,B2,証明する,証明する,/əˈtɛsts/,/ətˈest/,His signature attests to the authenticity of the document.,His signature attest to the authenticity of the document.,彼の署名がその文書の真正性を証明する。,彼の署名がその文書の真正性を証明する。,屈折IPAの原形化 / 例文の原形主語整合化
11199,brighten,B2,B2,明るくする,明るくする,/ˈbraɪtənz/,/brˈaɪtən/,The sunrise brightens the sky.,The sunrise brighten the sky.,日の出が空を明るくする。,日の出が空を明るくする。,屈折IPAの原形化 / 例文の原形主語整合化
11205,collagen,B2,B2,コラーゲン,コラーゲン,/ˈkɑləɡənz/,/kˈɑːləɡən/,Collagens are the main structural proteins in connective tissue.,collagen are the main structural proteins in connective tissue.,コラーゲンは結合組織の主要な構造タンパク質です。,コラーゲンは結合組織の主要な構造タンパク質です。,屈折IPAの原形化 / 例文の原形主語整合化
11220,emit,B2,B2,放出する,放出する,/ɪˈmɪt/,/ɪˈmɪt/,The car emits harmful gases.,The car emit harmful gases.,その車は有害なガスを放出する。,その車は有害なガスを放出する。,例文の原形主語整合化
11224,fathom,B2,B2,尋,尋,/ˈfæðəmz/,/fˈæðəm/,The sunken ship was found in 20 fathoms of water.,The sunken ship was found in 20 fathom of water.,沈没した船は水深20尋の場所で発見された。,沈没した船は水深20尋の場所で発見された。,屈折IPAの原形化 / 例文の原形主語整合化
11240,inference,B2,B2,推論、推測,推論、推測,/ˈɪnfərəns/,/ˈɪnfɚəns/,"From the evidence, we can make an inference about the cause.","From the evidence, we can make an inference about the cause.",証拠から、原因について推論することができます。,証拠から、原因について推論することができます。,屈折IPAの原形化
11241,infiltrate,B2,B2,浸潤する,浸潤する,/ɪˈnfɪˌltreɪtz/,/ɪnfˈɪltrˌeɪt/,Cancer cells can infiltrate surrounding tissues.,Cancer cells can infiltrate surrounding tissues.,がん細胞は周囲の組織に浸潤することができます。,がん細胞は周囲の組織に浸潤することができます。,屈折IPAの原形化
11248,malpractice,B2,B2,医療過誤,医療過誤,/mæˈlpræktəs/,/mælprˈæktəs/,The doctor was sued for medical malpractice.,The doctor was sued for medical malpractice.,医師は医療過誤で訴えられた。,医師は医療過誤で訴えられた。,屈折IPAの原形化
11255,nitrate,B2,B2,硝酸塩,硝酸塩,/ˈnaɪˌtreɪts/,/nˈaɪtrˌeɪt/,Nitrates are often used as fertilizers.,nitrate are often used as fertilizers.,硝酸塩はしばしば肥料として使用される。,硝酸塩はしばしば肥料として使用される。,屈折IPAの原形化 / 例文の原形主語整合化
11262,pesticide,B2,B2,殺虫剤,殺虫剤,/ˈpɛstəˌsaɪd/,/ˈpɛstəˌsaɪd/,Farmers use pesticides to protect their crops.,Farmers use pesticide to protect their crops.,農家は作物を守るために殺虫剤を使用する。,農家は作物を守るために殺虫剤を使用する。,例文の原形主語整合化
11274,reptile,B2,B2,爬虫類,爬虫類,/ˈrɛp.taɪl/,/ˈrɛp.taɪl/,"Turtles, lizards, and snakes are reptiles.","Turtles, lizards, and snakes are reptile.",カメ、トカゲ、ヘビは爬虫類です。,カメ、トカゲ、ヘビは爬虫類です。,例文の原形主語整合化
11299,tweed,B2,B2,ツイード,ツイード,/ˈtwiːdz/,/twˈiːd/,He wore a jacket made of heavy tweeds.,He wore a jacket made of heavy tweed.,彼は厚手のツイードで作られたジャケットを着ていた。,私は厚手のツイードで作られたジャケットを着ていた。,屈折IPAの原形化 / 例文の原形主語整合化
11306,apiece,B2,B2,それぞれ,それぞれ,/əˈpiːs/,/əpˈiːs/,They cost five dollars apiece.,They cost five dollars apiece.,それらはそれぞれ5ドルかかる。,それらはそれぞれ5ドルかかる。,屈折IPAの原形化
11312,braid,B2,B2,編み込み,編み込み,/ˈbreɪdz/,/brˈeɪd/,She wore her hair in braids.,She wore her hair in braid.,彼女は髪を編み込みにしていました。,私は髪を編み込みにしていました。,屈折IPAの原形化 / 例文の原形主語整合化
11315,cabaret,B2,B2,キャバレー,キャバレー,/ˌkæbərˈeɪz/,/kˌæbɚˈeɪ/,They went to several cabarets during their trip to Paris.,They went to several cabaret during their trip to Paris.,彼らはパリ旅行中にいくつかのキャバレーに行った。,彼らはパリ旅行中にいくつかのキャバレーに行った。,屈折IPAの原形化 / 例文の原形主語整合化
11316,catheter,B2,B2,カテーテル,カテーテル,/ˈkæθətərz/,/kˈæθətɚ/,Catheters are used in many medical procedures.,catheter are used in many medical procedures.,カテーテルは多くの医療処置で使用されます。,カテーテルは多くの医療処置で使用されます。,屈折IPAの原形化 / 例文の原形主語整合化
11344,hanger,B2,B2,ハンガー,ハンガー,/ˈhæŋərz/,/hˈæŋɚ/,She hung her clothes on the hangers.,She hung her clothes on the hanger.,彼女はハンガーに服を掛けた。,私はハンガーに服を掛けた。,屈折IPAの原形化 / 例文の原形主語整合化
11359,mayonnaise,B2,B2,マヨネーズ,マヨネーズ,/ˈmeɪəˌneɪz/,/mˈeɪənˌeɪz/,I put mayonnaise on my sandwich.,I put mayonnaise on my sandwich.,私はサンドイッチにマヨネーズをかけた。,私はサンドイッチにマヨネーズをかけた。,屈折IPAの原形化
11371,prerequisite,B2,B2,前提条件,前提条件,/priˈrɛkwəzəts/,/priːrˈekwəzət/,The course has several prerequisites you must fulfill.,The course has several prerequisite you must fulfill.,そのコースには、満たさなければならないいくつかの前提条件があります。,そのコースには、満たさなければならないいくつかの前提条件があります。,屈折IPAの原形化 / 例文の原形主語整合化
11373,quantify,B2,B2,定量化する,定量化する,/quantifies/,/kwˈɑːntɪfˌaɪ/,This research quantifies the level of pollution.,This research quantifies the level of pollution.,この研究は汚染レベルを定量化する。,この研究は汚染レベルを定量化する。,屈折IPAの原形化
11376,rectangle,B2,B2,長方形,長方形,/ˈrɛˌktæŋɡəlz/,/rˈektæŋɡəl/,The table is in the shape of rectangles.,The table is in the shape of rectangle.,テーブルは長方形の形をしている。,テーブルは長方形の形をしている。,屈折IPAの原形化 / 例文の原形主語整合化
11385,revolve,B2,B2,回転する、回る,回転する、回る,/riˈvɑlv/,/riˈvɑlv/,The Earth revolves around the sun.,The Earth revolve around the sun.,地球は太陽の周りを回転する。,地球は太陽の周りを回転する。,例文の原形主語整合化
11391,seduce,B2,B2,誘惑する,誘惑する,/sɪˈduːs/,/sɪdˈuːs/,The advertisement was designed to seduce consumers into buying the product.,The advertisement was designed to seduce consumers into buying the product.,その広告は、消費者を誘惑して製品を買わせるように設計されていた。,その広告は、消費者を誘惑して製品を買わせるように設計されていた。,屈折IPAの原形化
11394,shun,B2,B2,避ける,避ける,/ˈʃʌnz/,/ʃˈʌn/,He shuns the limelight.,I shun the limelight.,彼は脚光を避けます。,私は脚光を避けます。,屈折IPAの原形化 / 例文の原形主語整合化
11419,urn,B2,B2,骨壷、壺,骨壷、壺,/ˈɜːrnz/,/ˈɜːrn/,The ashes were placed in decorative urns.,The ashes were placed in decorative urn.,遺灰は装飾的な骨壷に入れられた。,遺灰は装飾的な骨壷に入れられた。,屈折IPAの原形化 / 例文の原形主語整合化
11427,yearning,B2,B2,憧れ,憧れ,/ˈjɜːrnɪŋz/,/jˈɜːrnɪŋ/,She had strong yearnings for travel and adventure.,She had strong yearning for travel and adventure.,彼女は旅行と冒険への強い憧れを抱いていた。,私は旅行と冒険への強い憧れを抱いていた。,屈折IPAの原形化 / 例文の原形主語整合化
11439,ccp,B2,B2,クリティカルコントロールポイント,クリティカルコントロールポイント,/ccp/,/ccp/,The CCPs are essential to ensure food safety.,The ccp are essential to ensure food safety.,CCPは食品の安全性を確保するために不可欠である。,CCPは食品の安全性を確保するために不可欠である。,例文の原形主語整合化
11445,converge,B2,B2,集中する、収束する,集中する、収束する,/kəˈnvɜːrdʒz/,/kənvˈɜːrdʒ/,The roads converge at the town square.,The roads converge at the town square.,道路は町の広場に集中する。,道路は町の広場に集中する。,屈折IPAの原形化
11467,horde,B2,B2,大群,大群,/ˈhɔrdz/,/hˈɔːrd/,Hordes of tourists visit the city every summer.,horde of tourists visit the city every summer.,毎年夏には大勢の観光客がその都市を訪れます。,毎年夏には大勢の観光客がその都市を訪れます。,屈折IPAの原形化 / 例文の原形主語整合化
11474,intestine,B2,B2,腸,腸,/ɪˈntɛstənz/,/ɪntˈestən/,Food is digested in the intestines.,Food is digested in the intestine.,食物は腸で消化される。,食物は腸で消化される。,屈折IPAの原形化 / 例文の原形主語整合化
11487,norse,B2,B2,ノルウェーの,ノルウェーの,/ˈnɔrs/,/nˈɔːrs/,They studied Norse mythology in school.,They studied Norse mythology in school.,彼らは学校でノルウェーの神話を研究した。,彼らは学校でノルウェーの神話を研究した。,屈折IPAの原形化
11522,subtitle,B2,B2,字幕,字幕,/ˈsʌˌbtaɪtəlz/,/sˈʌbtˌaɪtəl/,The movie has subtitles for different languages.,The movie has subtitle for different languages.,その映画には異なる言語の字幕があります。,その映画には異なる言語の字幕があります。,屈折IPAの原形化 / 例文の原形主語整合化
11535,watercolor,B2,B2,水彩絵の具,水彩絵の具,/ˈwɔtərˌkʌlərz/,/wˈɔːtɚkˌʌlɚ/,She loves to paint landscapes using watercolors.,She loves to paint landscapes using watercolor.,彼女は水彩絵の具を使って風景を描くのが好きだ。,私は水彩絵の具を使って風景を描くのが好きだ。,屈折IPAの原形化 / 例文の原形主語整合化
11539,accomplice,B2,B2,共犯者,共犯者,/əˈkɑmpləs/,/əkˈɑːmpləs/,He was an accomplice in the crime.,He was an accomplice in the crime.,彼はその犯罪の共犯者だった。,彼はその犯罪の共犯者だった。,屈折IPAの原形化
11546,armistice,B2,B2,休戦,休戦,/ˈɑrməstəs/,/ˈɑːrməstəs/,The two countries signed an armistice to end the war.,The two countries signed an armistice to end the war.,両国は、戦争を終わらせるために休戦に署名した。,両国は、戦争を終わらせるために休戦に署名した。,屈折IPAの原形化
11555,clam,B2,B2,ハマグリ,ハマグリ,/ˈklæmz/,/klˈæm/,I like to eat clams.,I like to eat clam.,私はハマグリを食べるのが好きです。,私はハマグリを食べるのが好きです。,屈折IPAの原形化 / 例文の原形主語整合化
11581,galley,B2,B2,ガレー船、印刷版,ガレー船、印刷版,/ˈɡæliz/,/ɡˈæliː/,The printing company used galleys to lay out the magazine.,The printing company used galley to lay out the magazine.,印刷会社は、雑誌をレイアウトするためにゲラ刷りを使用した。,印刷会社は、雑誌をレイアウトするためにゲラ刷りを使用した。,屈折IPAの原形化 / 例文の原形主語整合化
11588,knuckle,B2,B2,拳,拳,/ˈnʌkəlz/,/nˈʌkəl/,He cracked his knuckles.,He cracked his knuckle.,彼は拳を鳴らした。,私は拳を鳴らした。,屈折IPAの原形化 / 例文の原形主語整合化
11595,memorize,B2,B2,記憶する,記憶する,/ˈmɛmərˌaɪz/,/mˈemɚˌaɪz/,You need to memorize these rules.,You need to memorize these rules.,あなたはこの規則を記憶する必要がある。,あなたはこの規則を記憶する必要がある。,屈折IPAの原形化
11613,presumption,B2,B2,推測,推測,/prɪˈzʌmpʃənz/,/prɪzˈʌmpʃən/,We should avoid making presumptions.,We should avoid making presumption.,私たちは推測を避けるべきだ。,私たちは推測を避けるべきだ。,屈折IPAの原形化 / 例文の原形主語整合化
11621,reverence,B2,B2,畏敬の念、尊敬,畏敬の念、尊敬,/ˈrɛvərəns/,/rˈevɚəns/,He had a deep reverence for nature.,He had a deep reverence for nature.,彼は自然に対して深い畏敬の念を抱いていた。,彼は自然に対して深い畏敬の念を抱いていた。,屈折IPAの原形化
11633,specificity,B2,B2,特異性,特異性,/specificities/,/spˌesəfˈɪsətiː/,The enzyme's specificities allow it to interact with only certain substrates.,The enzyme's specificities allow it to interact with only certain substrates.,その酵素の特異性により、特定の基質とのみ相互作用することができる。,その酵素の特異性により、特定の基質とのみ相互作用することができる。,屈折IPAの原形化
11634,squirt,B2,B2,噴射する,噴射する,/ˈskwɜːrts/,/skwˈɜːrt/,The water pistol squirts water.,The water pistol squirt water.,水鉄砲が水を噴射する。,水鉄砲が水を噴射する。,屈折IPAの原形化 / 例文の原形主語整合化
11639,superpower,B2,B2,超能力,超能力,/ˌsuːpərˈpaʊərz/,/sˌuːpɚpˈaʊɚ/,"In comics, many heroes have superpowers.","In comics, many heroes have superpower.",コミックでは、多くのヒーローが超能力を持っている。,コミックでは、多くのヒーローが超能力を持っている。,屈折IPAの原形化 / 例文の原形主語整合化
11688,entail,B2,B2,伴う,伴う,/ɛˈnteɪl/,/ɛˈnteɪl/,The job entails a lot of travel.,The job entail a lot of travel.,その仕事は多くの出張を伴う。,その仕事は多くの出張を伴う。,例文の原形主語整合化
11693,flake,B2,B2,薄片,薄片,/ˈfleɪks/,/flˈeɪk/,The paint is peeling off in flakes.,The paint is peeling off in flake.,ペンキが薄片状にはがれている。,ペンキが薄片状にはがれている。,屈折IPAの原形化 / 例文の原形主語整合化
11699,generalization,B2,B2,一般化,一般化,/ˌdʒɛnərələˈzeɪʃənz/,/dʒˌenɚəlɪzˈeɪʃən/,We should avoid making generalizations.,We should avoid making generalization.,一般化することは避けるべきだ。,一般化することは避けるべきだ。,屈折IPAの原形化 / 例文の原形主語整合化
11701,goldsmith,B2,B2,金細工師,金細工師,/ˈɡoʊˌldsmɪθs/,/ɡˈoʊldsmˌɪθ/,Goldsmiths have been crafting jewelry for centuries.,goldsmith have been crafting jewelry for centuries.,金細工師は、何世紀にもわたって宝石を作ってきた。,金細工師は、何世紀にもわたって宝石を作ってきた。,屈折IPAの原形化 / 例文の原形主語整合化
11714,lice,B2,B2,シラミ,シラミ,/ˈlaɪs/,/lˈaɪs/,The children were sent home due to a lice outbreak at school.,The children were sent home due to a lice outbreak at school.,子供たちは学校でシラミが発生したため家に送り返された。,子供たちは学校でシラミが発生したため家に送り返された。,屈折IPAの原形化
11717,magnolia,B2,B2,モクレン,モクレン,/mæˈɡnoʊljəz/,/mæɡnˈoʊljə/,Magnolias are beautiful flowering trees.,magnolia are beautiful flowering trees.,モクレンは美しい開花樹です。,モクレンは美しい開花樹です。,屈折IPAの原形化 / 例文の原形主語整合化
11720,modernist,B2,B2,モダニスト,モダニスト,/ˈmɑdərnəsts/,/mˈɑːdɚnəst/,Modernists in the art world embraced new and experimental styles.,modernist in the art world embraced new and experimental styles.,美術界のモダニストは、新しく実験的なスタイルを受け入れた。,美術界のモダニストは、新しく実験的なスタイルを受け入れた。,屈折IPAの原形化 / 例文の原形主語整合化
11721,mover,B2,B2,引っ越し業者,引っ越し業者,/ˈmuːvər/,/ˈmuːvər/,The movers helped us move our furniture.,The mover helped us move our furniture.,引っ越し業者が私たちの家具の移動を手伝ってくれた。,引っ越し業者が私たちの家具の移動を手伝ってくれた。,例文の原形主語整合化
11725,pave,B2,B2,舗装する、促進する,舗装する、促進する,/ˈpeɪvz/,/pˈeɪv/,Good education paves the way for a brighter future.,Good education pave the way for a brighter future.,良い教育は、より明るい未来への道を開く。,良い教育は、より明るい未来への道を開く。,屈折IPAの原形化 / 例文の原形主語整合化
11726,playhouse,B2,B2,子供用遊戯小屋,子供用遊戯小屋,/ˈpleɪˌhaʊs/,/plˈeɪhˌaʊs/,The children spent the afternoon playing in their playhouse.,The children spent the afternoon playing in their playhouse.,子供たちは午後の間、自分たちの遊戯小屋で遊んで過ごした。,子供たちは午後の間、自分たちの遊戯小屋で遊んで過ごした。,屈折IPAの原形化
11727,plow,B2,B2,鋤,鋤,/ˈplaʊz/,/plˈaʊ/,The plows were used to prepare the field for planting.,The plow were used to prepare the field for planting.,鋤は植え付けのために畑を準備するために使用された。,鋤は植え付けのために畑を準備するために使用された。,屈折IPAの原形化 / 例文の原形主語整合化
11742,schoolboy,B2,B2,男子生徒,男子生徒,/ˈskuːˌlbɔɪz/,/skˈuːlbˌɔɪ/,The schoolboys are playing soccer.,The schoolboy are playing soccer.,男子生徒たちがサッカーをしています。,男子生徒たちがサッカーをしています。,屈折IPAの原形化 / 例文の原形主語整合化
11757,tome,B2,B2,大著、書物,大著、書物,/ˈtoʊmz/,/tˈoʊm/,The library had many tomes on ancient history.,The library had many tome on ancient history.,図書館には古代史に関する多くの大著があった。,図書館には古代史に関する多くの大著があった。,屈折IPAの原形化 / 例文の原形主語整合化
11772,wield,B2,B2,操る、行使する,操る、行使する,/ˈwiːld/,/ˈwiːld/,She wields considerable influence within the company.,I wield considerable influence within the company.,彼女は会社内でかなりの影響力を行使している。,私は会社内でかなりの影響力を行使している。,例文の原形主語整合化
11777,affirm,B2,B2,断言する,断言する,/əˈfɜːrmz/,/əfˈɜːrm/,He affirms that he is innocent.,I affirm that he is innocent.,彼は自分が無実だと断言する。,私は自分が無実だと断言する。,屈折IPAの原形化 / 例文の原形主語整合化
11780,anecdote,B2,B2,逸話,逸話,/ˈænəˌkdoʊts/,/ˈænəkdˌoʊt/,He shared some amusing anecdotes about his time in the army.,He shared some amusing anecdote about his time in the army.,彼は軍隊時代の面白い逸話をいくつか語った。,私は軍隊時代の面白い逸話をいくつか語った。,屈折IPAの原形化 / 例文の原形主語整合化
11782,appease,B2,B2,なだめる、和らげる,なだめる、和らげる,/əˈpiːz/,/əpˈiːz/,They tried to appease the angry crowd.,They tried to appease the angry crowd.,彼らは怒った群衆をなだめようとした。,彼らは怒った群衆をなだめようとした。,屈折IPAの原形化
11796,clockwise,B2,B2,時計回り,時計回り,/ˈklɑˌkwaɪz/,/klˈɑːkwˌaɪz/,Turn the knob clockwise.,Turn the knob clockwise.,ノブを時計回りに回してください。,ノブを時計回りに回してください。,屈折IPAの原形化
11798,consort,B2,B2,伴侶,伴侶,/kəˈnsɔrts/,/kənsˈɔːrt/,The queen and her consort attended the ceremony.,The queen and her consort attended the ceremony.,女王とその伴侶が式典に出席しました。,女王とその伴侶が式典に出席しました。,屈折IPAの原形化
11814,equate,B2,B2,同等とみなす,同等とみなす,/ɪˈkweɪts/,/ɪkwˈeɪt/,The study equates the two types of treatments.,The study equate the two types of treatments.,その研究は、2つの種類の治療法を同等とみなしている。,その研究は、2つの種類の治療法を同等とみなしている。,屈折IPAの原形化 / 例文の原形主語整合化
11817,expanse,B2,B2,広がり,広がり,/ɪˈkspænsɪz/,/ɪkspˈæns/,The open expanses of the prairie were breathtaking.,The open expanse of the prairie were breathtaking.,プレーリーの広大な広がりは息をのむようでした。,プレーリーの広大な広がりは息をのむようでした。,屈折IPAの原形化 / 例文の原形主語整合化
11823,germ,B2,B2,細菌,細菌,/ˈdʒɜːrmz/,/dʒˈɜːrm/,Wash your hands to get rid of germs.,Wash your hands to get rid of germ.,細菌を取り除くために手を洗いなさい。,細菌を取り除くために手を洗いなさい。,屈折IPAの原形化 / 例文の原形主語整合化
11824,giver,B2,B2,与える人,与える人,/ˈɡɪvərz/,/ɡˈɪvɚ/,"They are givers, always ready to help.","They are giver, always ready to help.",彼らは与える人であり、常に助ける準備ができている。,彼らは与える人であり、常に助ける準備ができている。,屈折IPAの原形化 / 例文の原形主語整合化
11828,homeowner,B2,B2,住宅所有者,住宅所有者,/ˈhoʊˌmoʊnərz/,/hˈoʊmˌoʊnɚ/,The homeowners are responsible for maintaining their property.,The homeowner are responsible for maintaining their property.,住宅所有者は自分の財産を維持する責任がある。,住宅所有者は自分の財産を維持する責任がある。,屈折IPAの原形化 / 例文の原形主語整合化
11831,insurgent,B2,B2,反乱軍,反乱軍,/ɪˈnsɜːrdʒənts/,/ɪnsˈɜːrdʒənt/,The insurgents attacked the government buildings.,The insurgent attacked the government buildings.,反乱軍は政府の建物を攻撃した。,反乱軍は政府の建物を攻撃した。,屈折IPAの原形化 / 例文の原形主語整合化
11833,janitor,B2,B2,用務員,用務員,/ˈdʒænətərz/,/dʒˈænətɚ/,The janitors clean the school every day.,The janitor clean the school every day.,用務員は毎日学校を掃除します。,用務員は毎日学校を掃除します。,屈折IPAの原形化 / 例文の原形主語整合化
11836,lien,B2,B2,先取特権,先取特権,/ˈliːnz/,/lˈiːn/,The bank placed liens on the property as security for the loan.,The bank placed lien on the property as security for the loan.,銀行はローンの担保として不動産に先取特権を設定しました。,銀行はローンの担保として不動産に先取特権を設定しました。,屈折IPAの原形化 / 例文の原形主語整合化
11857,recurrence,B2,B2,再発,再発,/rɪˈkɜːrəns/,/rɪkˈɜːrəns/,The recurrence of the disease worried the doctor.,The recurrence of the disease worried the doctor.,その病気の再発は、医師を心配させた。,その病気の再発は、医師を心配させた。,屈折IPAの原形化
11861,rodent,B2,B2,齧歯動物,齧歯動物,/ˈroʊdənt/,/ˈroʊdənt/,Mice and rats are common rodents.,Mice and rats are common rodent.,ハツカネズミやネズミは一般的な齧歯動物だ。,ハツカネズミやネズミは一般的な齧歯動物だ。,例文の原形主語整合化
11868,skier,B2,B2,スキーヤー,スキーヤー,/ˈskiːərz/,/skˈaɪr/,The skiers were enjoying the fresh snow.,The skier were enjoying the fresh snow.,スキーヤーたちは新雪を楽しんでいた。,スキーヤーたちは新雪を楽しんでいた。,屈折IPAの原形化 / 例文の原形主語整合化
11875,topology,B2,B2,位相,位相,/topologies/,/təpˈɔːlədʒiː/,The topologies of the network are complex.,The topologies of the network are complex.,ネットワークの位相は複雑である。,ネットワークの位相は複雑である。,屈折IPAの原形化
11885,whoop,B2,B2,おっと,おっと,/ˈwuːps/,/wˈuːp/,Whoops! I didn't see that.,whoop! I didn't see that.,おっと！それが見えなかった。,おっと！それが見えなかった。,屈折IPAの原形化 / 例文の原形主語整合化
11887,admirer,B2,B2,ファン,ファン,/əˈdmaɪrərz/,/ædmˈaɪrɚ/,The singer has many admirers all over the world.,The singer has many admirer all over the world.,その歌手は世界中に多くのファンがいる。,その歌手は世界中に多くのファンがいる。,屈折IPAの原形化 / 例文の原形主語整合化
11890,airway,B2,B2,航空路,航空路,/ˈɛˌrweɪz/,/ˈerwˌeɪ/,Airways were busy during the holidays.,airway were busy during the holidays.,祝日の間、航空路は混雑していた。,祝日の間、航空路は混雑していた。,屈折IPAの原形化 / 例文の原形主語整合化
11892,amaze,B2,B2,驚かせる,驚かせる,/əˈmeɪzɪz/,/əmˈeɪz/,Her talent always amazes me.,Her talent always amaze me.,彼女の才能はいつも私を驚かせます。,彼女の才能はいつも私を驚かせます。,屈折IPAの原形化 / 例文の原形主語整合化
11894,augment,B2,B2,増強する,増強する,/ɔˈɡmɛnts/,/ɔːɡmˈent/,The software augments the user's abilities.,The software augment the user's abilities.,そのソフトウェアはユーザーの能力を増強する。,そのソフトウェアはユーザーの能力を増強する。,屈折IPAの原形化 / 例文の原形主語整合化
11901,chandelier,B2,B2,シャンデリア,シャンデリア,/ˌʃændəˈlɪz/,/ʃændəlˈɪr/,The grand ballroom was adorned with magnificent chandeliers.,The grand ballroom was adorned with magnificent chandelier.,大広間は豪華なシャンデリアで飾られていた。,大広間は豪華なシャンデリアで飾られていた。,屈折IPAの原形化 / 例文の原形主語整合化
11903,clipping,B2,B2,切り抜き,切り抜き,/ˈklɪpɪŋz/,/klˈɪpɪŋ/,She had a collection of newspaper clippings.,She had a collection of newspaper clipping.,彼女は新聞の切り抜きを集めていた。,私は新聞の切り抜きを集めていた。,屈折IPAの原形化 / 例文の原形主語整合化
11936,gimmick,B2,B2,仕掛け、奇抜なもの,仕掛け、奇抜なもの,/ˈɡɪmɪks/,/ɡˈɪmɪk/,The product was sold with many gimmicks but lacked real quality.,The product was sold with many gimmick but lacked real quality.,その製品は多くの仕掛けを使って販売されたが、実際の品質は欠けていた。,その製品は多くの仕掛けを使って販売されたが、実際の品質は欠けていた。,屈折IPAの原形化 / 例文の原形主語整合化
11938,glossary,B2,B2,用語集,用語集,/glossaries/,/ɡlˈɔːsɚiː/,The book includes glossaries for technical terms.,The book includes glossaries for technical terms.,その本には専門用語の用語集が含まれている。,その本には専門用語の用語集が含まれている。,屈折IPAの原形化
11944,intersect,B2,B2,交差する,交差する,/ˌɪntərˈsɛkts/,/ˌɪntɚsˈekt/,The two streets intersect at a busy corner.,The two streets intersect at a busy corner.,2つの通りはにぎやかな角で交差する。,2つの通りはにぎやかな角で交差する。,屈折IPAの原形化
11955,molding,B2,B2,モールディング,モールディング,/ˈmoʊldɪŋz/,/mˈoʊldɪŋ/,The new house had beautiful crown moldings.,The new house had beautiful crown molding.,新しい家には美しいクラウンモールディングがあった。,新しい家には美しいクラウンモールディングがあった。,屈折IPAの原形化 / 例文の原形主語整合化
11964,perk,B2,B2,特典,特典,/ˈpɜːrks/,/pˈɜːrk/,The job comes with many perks.,The job comes with many perk.,その仕事には多くの特典が付いてくる。,その仕事には多くの特典が付いてくる。,屈折IPAの原形化 / 例文の原形主語整合化
11977,renounce,B2,B2,放棄する、断念する,放棄する、断念する,/rɪˈnaʊns/,/rɪnˈaʊns/,He renounced his claim to the throne.,He renounced his claim to the throne.,彼は王位への主張を放棄した。,彼は王位への主張を放棄した。,屈折IPAの原形化
11978,repentance,B2,B2,後悔、悔悟,後悔、悔悟,/rɪˈpɛntəns/,/rɪpˈentəns/,He showed true repentance for his crimes.,He showed true repentance for his crimes.,彼は自分の罪に対して真の悔悟を示した。,彼は自分の罪に対して真の悔悟を示した。,屈折IPAの原形化
11987,shrub,B2,B2,低木,低木,/ˈʃrʌb/,/ˈʃrʌb/,The garden was filled with various types of shrubs.,The garden was filled with various types of shrub.,庭は様々な種類の低木でいっぱいだった。,庭は様々な種類の低木でいっぱいだった。,例文の原形主語整合化
11994,sulfate,B2,B2,硫酸塩,硫酸塩,/ˈsʌˌlfeɪtz/,/sˈʌlfˌeɪt/,The study examined the impact of sulfates in the environment.,The study examined the impact of sulfate in the environment.,その研究は環境中の硫酸塩の影響を調べた。,その研究は環境中の硫酸塩の影響を調べた。,屈折IPAの原形化 / 例文の原形主語整合化
11998,tracer,B2,B2,追跡装置,追跡装置,/ˈtreɪsərz/,/trˈeɪsɚ/,They used tracers to track the movement of the animals.,They used tracer to track the movement of the animals.,彼らは動物の動きを追跡するために追跡装置を使用した。,彼らは動物の動きを追跡するために追跡装置を使用した。,屈折IPAの原形化 / 例文の原形主語整合化
11999,transporter,B2,B2,輸送体,輸送体,/træˈnspɔrtərz/,/trænspˈɔːrtɚ/,These transporters facilitate the movement of molecules across membranes.,These transporter facilitate the movement of molecules across membranes.,これらの輸送体は、膜を越えた分子の移動を促進する。,これらの輸送体は、膜を越えた分子の移動を促進する。,屈折IPAの原形化 / 例文の原形主語整合化
12007,watchdog,B2,B2,監視役,監視役,/ˈwɑˌtʃdɔɡz/,/wˈɑːtʃdˌɔːɡ/,The watchdogs are keeping an eye on the situation.,The watchdog are keeping an eye on the situation.,監視役は状況を監視している。,監視役は状況を監視している。,屈折IPAの原形化 / 例文の原形主語整合化
12026,circumference,B2,B2,円周,円周,/sərˈkʌmfrəns/,/sɚkˈʌmfrəns/,The circumference of the circle was measured.,The circumference of the circle was measured.,円の円周が測定された。,円の円周が測定された。,屈折IPAの原形化
12035,delicacy,B2,B2,珍味,珍味,/ˈdɛlɪkəsiz/,/dˈeləkəsiː/,They enjoyed many local delicacies on their trip.,They enjoyed many local delicacies on their trip.,彼らは旅行中に多くの地元の珍味を楽しみました。,彼らは旅行中に多くの地元の珍味を楽しみました。,屈折IPAの原形化
12049,finesse,B2,B2,技巧、手際,技巧、手際,/fɪˈnɛs/,/fɪnˈes/,She handled the difficult situation with great finesse.,She handled the difficult situation with great finesse.,彼女はその難しい状況を素晴らしい手際で処理した。,彼女はその難しい状況を素晴らしい手際で処理した。,屈折IPAの原形化
12053,foresee,B2,B2,予見する、予想する,予見する、予想する,/fɔˈrsiːz/,/fɔːrsˈiː/,The company foresees a rise in demand next year.,The company foresee a rise in demand next year.,その会社は来年の需要の増加を予見している。,その会社は来年の需要の増加を予見している。,屈折IPAの原形化 / 例文の原形主語整合化
12059,howl,B2,B2,遠吠え,遠吠え,/ˈhaʊlz/,/hˈaʊl/,The wolf howls at the full moon.,The wolf howl at the full moon.,オオカミは満月に遠吠えする。,オオカミは満月に遠吠えする。,屈折IPAの原形化 / 例文の原形主語整合化
12074,melanoma,B2,B2,黒色腫,黒色腫,/ˌmɛləˈnoʊməs/,/mˌelənˈoʊmə/,Melanomas are dangerous skin cancers that can spread to other parts of the body.,melanoma are dangerous skin cancers that can spread to other parts of the body.,黒色腫は、体の他の部分に広がる可能性のある危険な皮膚がんです。,黒色腫は、体の他の部分に広がる可能性のある危険な皮膚がんです。,屈折IPAの原形化 / 例文の原形主語整合化
12087,posse,B2,B2,（仲間、ギャングなどの）集団,（仲間、ギャングなどの）集団,/ˈpɑsiz/,/pˈɑːsiː/,The gang had a posse of followers.,The gang had a posse of followers.,そのギャングは追従者の集団を持っていた。,そのギャングは追従者の集団を持っていた。,屈折IPAの原形化
12104,snowball,B2,B2,雪玉,雪玉,/ˈsnoʊˌbɔl/,/ˈsnoʊˌbɔl/,They threw snowballs at each other.,They threw snowball at each other.,彼らは互いに雪玉を投げ合った。,彼らは互いに雪玉を投げ合った。,例文の原形主語整合化
12117,tulip,B2,B2,チューリップ,チューリップ,/ˈtuːləp/,/ˈtuːləp/,The tulips are blooming in the garden.,The tulip are blooming in the garden.,チューリップが庭で咲いています。,チューリップが庭で咲いています。,例文の原形主語整合化
12123,vulture,B2,B2,ハゲワシ,ハゲワシ,/ˈvʌltʃərz/,/vˈʌltʃɚ/,Vultures circled overhead.,vulture circled overhead.,ハゲワシが頭上を旋回していた。,ハゲワシが頭上を旋回していた。,屈折IPAの原形化 / 例文の原形主語整合化
12124,waterway,B2,B2,水路,水路,/ˈwɔtərˌweɪz/,/wˈɔːtɚwˌeɪ/,The city has a network of waterways.,The city has a network of waterway.,その都市には水路のネットワークがある。,その都市には水路のネットワークがある。,屈折IPAの原形化 / 例文の原形主語整合化
12126,absentee,B2,B2,欠席者,欠席者,/ˌæbsəˈntiː/,/ˌæbsəˈntiː/,There were several absentees from the meeting.,There were several absentee from the meeting.,会議には数人の欠席者がいた。,会議には数人の欠席者がいた。,例文の原形主語整合化
12138,centrist,B2,B2,中道派,中道派,/ˈsɛntrɪsts/,/sˈentrɪst/,The centrists seek compromise.,The centrist seek compromise.,中道派は妥協を求めます。,中道派は妥協を求めます。,屈折IPAの原形化 / 例文の原形主語整合化
12144,commandment,B2,B2,戒律、命令,戒律、命令,/kəˈmændmənt/,/kəˈmændmənt/,The Ten Commandments are a fundamental part of many religions.,The Ten commandment are a fundamental part of many religions.,十戒は多くの宗教の基本的な部分である。,十戒は多くの宗教の基本的な部分である。,例文の原形主語整合化
12168,envision,B2,B2,思い描く,思い描く,/ɛˈnvɪʒənz/,/envˈɪʒən/,She envisions a bright future for the company.,I envision a bright future for the company.,彼女は会社の明るい未来を思い描いている。,私は会社の明るい未来を思い描いている。,屈折IPAの原形化 / 例文の原形主語整合化
12169,equivalence,B2,B2,同等性、等価性,同等性、等価性,/ɪˈkwɪvələns/,/ɪkwˈɪvələns/,The two systems have functional equivalence.,The two systems have functional equivalence.,二つのシステムは機能的な同等性を持っている。,二つのシステムは機能的な同等性を持っている。,屈折IPAの原形化
12177,grate,B2,B2,格子,格子,/ˈɡreɪts/,/ɡrˈeɪt/,The leaves were caught in the grates.,The leaves were caught in the grate.,葉が格子に引っかかっていました。,葉が格子に引っかかっていました。,屈折IPAの原形化 / 例文の原形主語整合化
12183,hotspot,B2,B2,人気スポット,人気スポット,/hotspots/,/hotspots/,These are the popular tourist hotspots.,These are the popular tourist hotspot.,これらは人気の観光スポットです。,これらは人気の観光スポットです。,例文の原形主語整合化
12202,piazza,B2,B2,広場,広場,/piˈæzəs/,/piːˈæzə/,Many European cities are known for their beautiful piazzas.,Many European cities are known for their beautiful piazza.,多くのヨーロッパの都市は、美しい広場で知られています。,多くのヨーロッパの都市は、美しい広場で知られています。,屈折IPAの原形化 / 例文の原形主語整合化
12213,shilling,B2,B2,シリング,シリング,/ˈʃɪlɪŋz/,/ʃˈɪlɪŋ/,Shillings were a form of currency once used in some countries.,shilling were a form of currency once used in some countries.,シリングはかつて一部の国で使用されていた通貨の一形態でした。,シリングはかつて一部の国で使用されていた通貨の一形態でした。,屈折IPAの原形化 / 例文の原形主語整合化
12252,cliche,B2,B2,決まり文句,決まり文句,/kliˈʃeɪ/,/kliˈʃeɪ/,His speech was full of cliches.,His speech was full of cliche.,彼のスピーチは決まり文句でいっぱいだった。,彼のスピーチは決まり文句でいっぱいだった。,例文の原形主語整合化
12264,duplication,B2,B2,複製、重複,複製、重複,/ˌduːplɪˈkeɪʃənz/,/djˌuːpləkˈeɪʃən/,There were several duplications in the database.,There were several duplication in the database.,データベースにはいくつかの重複があった。,データベースにはいくつかの重複があった。,屈折IPAの原形化 / 例文の原形主語整合化
12280,horseshoe,B2,B2,蹄鉄,蹄鉄,/ˈhɔˌrsʃuːz/,/hˈɔːrsʃˌuː/,They play horseshoes in the backyard.,They play horseshoe in the backyard.,彼らは裏庭で蹄鉄投げをします。,彼らは裏庭で蹄鉄投げをします。,屈折IPAの原形化 / 例文の原形主語整合化
12282,infer,B2,B2,推測する,推測する,/ɪˈnfɜːrz/,/ɪnfˈɜːr/,"From the data, we can infer that sales will increase.","From the data, we can infer that sales will increase.",データから、売上が増加すると推測できます。,データから、売上が増加すると推測できます。,屈折IPAの原形化
12283,inpatient,B2,B2,入院患者,入院患者,/ɪˌnpeɪʃənts/,/ˈɪnpˌeɪʃənt/,The hospital has many inpatients.,The hospital has many inpatient.,病院には多くの入院患者がいる。,病院には多くの入院患者がいる。,屈折IPAの原形化 / 例文の原形主語整合化
12293,menopause,B2,B2,閉経,閉経,/ˈmɛnəˌpaʊz/,/mˈenəpˌaʊz/,Menopause typically occurs around the age of 50.,Menopause typically occurs around the age of 50.,閉経は通常50歳前後で起こる。,閉経は通常50歳前後で起こる。,屈折IPAの原形化
12295,neuron,B2,B2,ニューロン,ニューロン,/ˈnʊrɑn/,/ˈnʊrɑn/,Neurons are the basic units of the nervous system.,neuron are the basic units of the nervous system.,ニューロンは神経系の基本単位である。,ニューロンは神経系の基本単位である。,例文の原形主語整合化
12305,propel,B2,B2,推進する、駆り立てる,推進する、駆り立てる,/prəˈpɛl/,/prəˈpɛl/,The engine propels the boat forward.,The engine propel the boat forward.,エンジンがボートを前進させる。,エンジンがボートを前進させる。,例文の原形主語整合化
12306,propensity,B2,B2,傾向、性向,傾向、性向,/prəˈpɛnsətiz/,/prəpˈensɪtiː/,He has propensities for risky behavior.,He has propensities for risky behavior.,彼は危険な行動をする傾向がある。,彼は危険な行動をする傾向がある。,屈折IPAの原形化
12314,ruse,B2,B2,策略,策略,/ˈruːz/,/rˈuːz/,It turned out that his story was just a ruse to get money.,It turned out that his story was just a ruse to get money.,彼の話は、お金を得るための単なる策略であることが判明しました。,彼の話は、お金を得るための単なる策略であることが判明しました。,屈折IPAの原形化
12316,severance,B2,B2,離脱、解雇、分離,離脱、解雇、分離,/ˈsɛvərəns/,/sˈevɚəns/,The employee received a severance package after being laid off.,The employee received a severance package after being laid off.,その従業員は解雇後、退職手当を受け取った。,その従業員は解雇後、退職手当を受け取った。,屈折IPAの原形化
12317,sheath,B2,B2,鞘、覆い,鞘、覆い,/ˈʃiːθs/,/ʃˈiːθ/,He placed the knife back in its sheath.,He placed the knife back in its sheath.,彼はナイフを鞘に戻した。,彼はナイフを鞘に戻した。,屈折IPAの原形化
12320,socialize,B2,B2,社交をする,社交をする,/ˈsoʊʃəˌlaɪz/,/sˈoʊʃəlˌaɪz/,It's important to socialize with colleagues.,It's important to socialize with colleagues.,同僚と社交をするのは重要だ。,同僚と社交をするのは重要だ。,屈折IPAの原形化
12326,strut,B2,B2,気取って歩く、支柱,気取って歩く、支柱,/ˈstrʌts/,/strˈʌt/,The peacock struts proudly.,The peacock strut proudly.,クジャクは誇らしげに気取って歩く。,クジャクは誇らしげに気取って歩く。,屈折IPAの原形化 / 例文の原形主語整合化
12329,swirl,B2,B2,渦巻き,渦巻き,/ˈswɜːrlz/,/swˈɜːrl/,The cream created beautiful swirls in the coffee.,The cream created beautiful swirl in the coffee.,クリームがコーヒーの中に美しい渦巻きを作りました。,クリームがコーヒーの中に美しい渦巻きを作りました。,屈折IPAの原形化 / 例文の原形主語整合化
12331,theorist,B2,B2,理論家,理論家,/ˈθiːərɪsts/,/θˈiːɚɪst/,Many theorists have explored the topic.,Many theorist have explored the topic.,多くの理論家がそのテーマを探求してきた。,多くの理論家がそのテーマを探求してきた。,屈折IPAの原形化 / 例文の原形主語整合化
12342,vigilance,B2,B2,警戒,警戒,/ˈvɪdʒələns/,/vˈɪdʒələns/,Vigilance is important to prevent crime.,Vigilance is important to prevent crime.,警戒は犯罪を防ぐために重要です。,警戒は犯罪を防ぐために重要です。,屈折IPAの原形化
12343,walkway,B2,B2,歩道,歩道,/ˈwɔˌkweɪz/,/wˈɔːkwˌeɪ/,The park has beautiful walkways.,The park has beautiful walkway.,その公園には美しい歩道がある。,その公園には美しい歩道がある。,屈折IPAの原形化 / 例文の原形主語整合化
12344,windmill,B2,B2,風車,風車,/ˈwɪˌndmɪlz/,/wˈɪndmˌɪl/,The windmills were turning in the wind.,The windmill were turning in the wind.,風車は風の中で回っていた。,風車は風の中で回っていた。,屈折IPAの原形化 / 例文の原形主語整合化
12360,byte,B2,B2,バイト,バイト,/ˈbaɪts/,/bˈaɪt/,The file size is measured in bytes.,The file size is measured in byte.,ファイルサイズはバイト単位で測定されます。,ファイルサイズはバイト単位で測定されます。,屈折IPAの原形化 / 例文の原形主語整合化
12366,chore,B2,B2,雑用,雑用,/ˈtʃɔrz/,/tʃˈɔːr/,I have to do my chores before I can play.,I have to do my chore before I can play.,私は遊ぶ前に雑用をしなければならない。,私は遊ぶ前に雑用をしなければならない。,屈折IPAの原形化 / 例文の原形主語整合化
12367,circumvent,B2,B2,回避する,回避する,/ˌsɜːrkəˈmvɛnts/,/sˌɜːrkəmvˈent/,He skillfully circumvents all the regulations.,He skillfully circumvent all the regulations.,彼は巧みにすべての規制を回避する。,私は巧みにすべての規制を回避する。,屈折IPAの原形化 / 例文の原形主語整合化
12368,clique,B2,B2,派閥,派閥,/ˈklɪks/,/klˈiːk/,There were cliques within the school.,There were clique within the school.,学校内には派閥があった。,学校内には派閥があった。,屈折IPAの原形化 / 例文の原形主語整合化
12388,entice,B2,B2,誘い込む、惹きつける,誘い込む、惹きつける,/ɪˈntaɪs/,/ɪntˈaɪs/,The advertisement was designed to entice customers.,The advertisement was designed to entice customers.,その広告は顧客を誘い込むように設計されていた。,その広告は顧客を誘い込むように設計されていた。,屈折IPAの原形化
12391,gambler,B2,B2,ギャンブラー,ギャンブラー,/ˈɡæmblərz/,/ɡˈæmblɚ/,The casino was filled with gamblers.,The casino was filled with gambler.,カジノはギャンブラーでいっぱいだった。,カジノはギャンブラーでいっぱいだった。,屈折IPAの原形化 / 例文の原形主語整合化
12398,impedance,B2,B2,インピーダンス,インピーダンス,/ɪˈmpiːdəns/,/ɪmpˈiːdəns/,The impedance of the circuit was measured to determine its conductivity.,The impedance of the circuit was measured to determine its conductivity.,回路のインピーダンスは、その導電率を決定するために測定されました。,回路のインピーダンスは、その導電率を決定するために測定されました。,屈折IPAの原形化
12399,incline,B2,B2,傾斜する,傾斜する,/ɪˈnklaɪnz/,/ɪnklˈaɪn/,The road inclines sharply at this point.,The road incline sharply at this point.,この地点で道路は急激に傾斜している。,この地点で道路は急激に傾斜している。,屈折IPAの原形化 / 例文の原形主語整合化
12411,machete,B2,B2,マチェーテ,マチェーテ,/məˈʃɛˌtiːz/,/məʃˈetˌiː/,The workers were clearing the vegetation with machetes.,The workers were clearing the vegetation with machete.,作業員たちはマチェーテで植生を切り開いていた。,作業員たちはマチェーテで植生を切り開いていた。,屈折IPAの原形化 / 例文の原形主語整合化
12412,marshmallow,B2,B2,マシュマロ,マシュマロ,/ˈmɑˌrʃmɛloʊz/,/mˈɑːrʃmˌeloʊ/,We roasted marshmallows over the campfire.,We roasted marshmallow over the campfire.,私たちはキャンプファイヤーでマシュマロを焼きました。,私たちはキャンプファイヤーでマシュマロを焼きました。,屈折IPAの原形化 / 例文の原形主語整合化
12413,masse,B2,B2,大衆、集団,大衆、集団,/ˈmæs/,/mˈæs/,The protest attracted a huge masse of people.,The protest attracted a huge masse of people.,その抗議活動は、大勢の人々を集めた。,その抗議活動は、大勢の人々を集めた。,屈折IPAの原形化
12420,monograph,B2,B2,モノグラフ、論文,モノグラフ、論文,/ˈmɑnəˌɡræfs/,/mˈɑːnəɡrˌæf/,The professor has written several monographs on the topic.,The professor has written several monograph on the topic.,その教授はそのトピックについていくつかのモノグラフを書いてきた。,その教授はそのトピックについていくつかのモノグラフを書いてきた。,屈折IPAの原形化 / 例文の原形主語整合化
12429,outburst,B2,B2,爆発,爆発,/ˈaʊˌtbɜːrsts/,/ˈaʊtbˌɜːrst/,He had emotional outbursts during the meeting.,He had emotional outburst during the meeting.,彼は会議中に感情的な爆発を起こした。,私は会議中に感情的な爆発を起こした。,屈折IPAの原形化 / 例文の原形主語整合化
12435,ply,B2,B2,層,層,/ˈplaɪ/,/ˈplaɪ/,The plywood was made of three plys of wood.,The plywood was made of three ply of wood.,合板は3層の木材で作られていた。,合板は3層の木材で作られていた。,例文の原形主語整合化
12439,proponent,B2,B2,支持者、提案者,支持者、提案者,/prəˈpoʊnənts/,/prəpˈoʊnənt/,The proponents of the new law believe it will improve society.,The proponent of the new law believe it will improve society.,新法の支持者たちはそれが社会を改善すると信じている。,新法の支持者たちはそれが社会を改善すると信じている。,屈折IPAの原形化 / 例文の原形主語整合化
12440,provenance,B2,B2,起源、出所,起源、出所,/ˈprɑvənəns/,/prˈɑːvənəns/,The provenance of the artifact is still unknown.,The provenance of the artifact is still unknown.,その工芸品の起源はまだ不明です。,その工芸品の起源はまだ不明です。,屈折IPAの原形化
12441,putt,B2,B2,パット,パット,/ˈpʌts/,/pˈʌt/,He made several impressive putts in the golf game.,He made several impressive putt in the golf game.,彼はゴルフの試合でいくつかの印象的なパットを決めました。,私はゴルフの試合でいくつかの印象的なパットを決めました。,屈折IPAの原形化 / 例文の原形主語整合化
12445,ravine,B2,B2,峡谷,峡谷,/rəˈviːnz/,/rəvˈiːn/,The river flowed through the deep ravines.,The river flowed through the deep ravine.,川は深い峡谷を流れた。,川は深い峡谷を流れた。,屈折IPAの原形化 / 例文の原形主語整合化
12455,settler,B2,B2,入植者,入植者,/ˈsɛtlərz/,/sˈetəlɚ/,The settlers built a new village in the valley.,The settler built a new village in the valley.,入植者たちは谷に新しい村を建てた。,入植者たちは谷に新しい村を建てた。,屈折IPAの原形化 / 例文の原形主語整合化
12462,singleton,B2,B2,単一の要素,単一の要素,/ˈsɪŋɡəltənz/,/sˈɪŋɡəltən/,We are looking for singletons in this dataset.,We are looking for singleton in this dataset.,私たちはこのデータセットで単一の要素を探している。,私たちはこのデータセットで単一の要素を探している。,屈折IPAの原形化 / 例文の原形主語整合化
12467,stairway,B2,B2,階段,階段,/ˈstɛˌrweɪz/,/stˈerwˌeɪ/,The stairways lead to the second floor.,The stairway lead to the second floor.,階段は2階につながっている。,階段は2階につながっている。,屈折IPAの原形化 / 例文の原形主語整合化
12472,temperance,B2,B2,節制、禁酒,節制、禁酒,/ˈtɛmpərəns/,/tˈempɚəns/,He is an advocate of temperance.,He is an advocate of temperance.,彼は節制の擁護者です。,彼は節制の擁護者です。,屈折IPAの原形化
12492,abbreviation,B2,B2,略語、短縮形,略語、短縮形,/əˌbriːviˈeɪʃənz/,/əbrˌiːviːˈeɪʃən/,'etc.' is a common abbreviation for 'et cetera'.,'etc.' is a common abbreviation for 'et cetera'.,'etc.' は 'et cetera' の一般的な略語である。,'etc.' は 'et cetera' の一般的な略語である。,屈折IPAの原形化
12508,chime,B2,B2,鐘の音,鐘の音,/ˈtʃaɪmz/,/tʃˈaɪm/,The chimes of the clock could be heard from afar.,The chime of the clock could be heard from afar.,遠くから時計の鐘の音が聞こえた。,遠くから時計の鐘の音が聞こえた。,屈折IPAの原形化 / 例文の原形主語整合化
12511,collectible,B2,B2,収集品,収集品,/kəˈlɛktəbəlz/,/kəlˈektəbəl/,He has a large collection of collectibles.,He has a large collection of collectible.,彼は収集品の大きなコレクションを持っています。,私は収集品の大きなコレクションを持っています。,屈折IPAの原形化 / 例文の原形主語整合化
12519,crossword,B2,B2,クロスワードパズル,クロスワードパズル,/ˈkrɔˌswɜːrdz/,/krˈɔːswˌɜːrd/,I enjoy doing crosswords in my free time.,I enjoy doing crossword in my free time.,私は暇な時にクロスワードパズルをするのが好きです。,私は暇な時にクロスワードパズルをするのが好きです。,屈折IPAの原形化 / 例文の原形主語整合化
12540,growl,B2,B2,うなり声,うなり声,/ˈɡraʊlz/,/ɡrˈaʊl/,The dog growls when it's angry.,The dog growl when it's angry.,犬は怒るとうなる。,犬は怒るとうなる。,屈折IPAの原形化 / 例文の原形主語整合化
12543,hater,B2,B2,嫌いな人たち,嫌いな人たち,/ˈheɪtərz/,/hˈeɪtɚ/,The singer has a lot of haters online.,The singer has a lot of hater online.,その歌手にはオンラインで多くの嫌いな人たちがいる。,その歌手にはオンラインで多くの嫌いな人たちがいる。,屈折IPAの原形化 / 例文の原形主語整合化
12553,jurisprudence,B2,B2,法学,法学,/ˌdʒʊrəˈspruːdəns/,/dʒˌʊrəsprˈuːdəns/,Jurisprudence is the theory and philosophy of law.,Jurisprudence is the theory and philosophy of law.,法学は法の理論と哲学である。,法学は法の理論と哲学である。,屈折IPAの原形化
12566,periodical,B2,B2,定期刊行物,定期刊行物,/ˌpɪriˈɑdɪkəlz/,/pˌɪriːˈɑːdɪkəl/,The library subscribes to many periodicals.,The library subscribes to many periodical.,図書館は多くの定期刊行物を購読している。,図書館は多くの定期刊行物を購読している。,屈折IPAの原形化 / 例文の原形主語整合化
12571,prentice,B2,B2,見習い,見習い,/ˈprɛntɪs/,/prˈentɪs/,He started as a prentice in the workshop.,He started as a prentice in the workshop.,彼はワークショップで見習いとして働き始めた。,彼はワークショップで見習いとして働き始めた。,屈折IPAの原形化
12572,primate,B2,B2,霊長類,霊長類,/ˈpraɪˌmeɪts/,/prˈaɪmˌeɪt/,"Monkeys, apes, and humans are all primates.","Monkeys, apes, and humans are all primate.",サル、類人猿、そして人間はすべて霊長類である。,サル、類人猿、そして人間はすべて霊長類である。,屈折IPAの原形化 / 例文の原形主語整合化
12589,spleen,B2,B2,脾臓,脾臓,/ˈspliːnz/,/splˈiːn/,The spleen plays a role in the immune system.,The spleen plays a role in the immune system.,脾臓は免疫システムにおいて役割を果たす。,脾臓は免疫システムにおいて役割を果たす。,屈折IPAの原形化
12592,stoop,B2,B2,かがむ,かがむ,/ˈstuːps/,/stˈuːp/,He stoops to pick up the trash.,I stoop to pick up the trash.,彼はゴミを拾うためにかがむ。,私はゴミを拾うためにかがむ。,屈折IPAの原形化 / 例文の原形主語整合化
12639,firefly,B2,B2,ホタル,ホタル,/ˈfaɪərˌflaɪ/,/ˈfaɪərˌflaɪ/,We watched fireflys dance in the forest.,We watched firefly dance in the forest.,私たちは森の中でホタルが舞うのを見た。,私たちは森の中でホタルが舞うのを見た。,例文の原形主語整合化
12645,hippo,B2,B2,カバ,カバ,/ˈhɪpoʊz/,/hˈɪpoʊ/,The hippos are in the water.,The hippo are in the water.,カバは水の中にいます。,カバは水の中にいます。,屈折IPAの原形化 / 例文の原形主語整合化
12655,juror,B2,B2,陪審員,陪審員,/ˈdʒʊrərz/,/dʒˈʊrɚ/,The jurors listened carefully to the evidence.,The juror listened carefully to the evidence.,陪審員は証拠を注意深く聞いた。,陪審員は証拠を注意深く聞いた。,屈折IPAの原形化 / 例文の原形主語整合化
12656,kinship,B2,B2,血縁関係,血縁関係,/ˈkɪˌnʃɪps/,/kˈɪnʃˌɪp/,They traced their kinships back several generations.,They traced their kinship back several generations.,彼らは自分たちの血縁関係を数世代前に遡って調べた。,彼らは自分たちの血縁関係を数世代前に遡って調べた。,屈折IPAの原形化 / 例文の原形主語整合化
12657,lactose,B2,B2,乳糖,乳糖,/ˈlæktoʊs/,/lˈæktoʊs/,Some people are intolerant to lactose.,Some people are intolerant to lactose.,一部の人は乳糖不耐症です。,一部の人は乳糖不耐症です。,屈折IPAの原形化
12663,millimeter,B2,B2,ミリメートル,ミリメートル,/ˈmɪləˌmiːtərz/,/mˈɪləmˌiːtɚ/,The rainfall was measured in millimeters.,The rainfall was measured in millimeter.,降水量はミリメートル単位で測定されました。,降水量はミリメートル単位で測定されました。,屈折IPAの原形化 / 例文の原形主語整合化
12664,negotiator,B2,B2,交渉担当者,交渉担当者,/nɪˈɡoʊʃiˌeɪtərz/,/nəɡˈoʊʃiːˌeɪtɚ/,The negotiators are trying to reach an agreement.,The negotiator are trying to reach an agreement.,交渉担当者は合意に達しようとしている。,交渉担当者は合意に達しようとしている。,屈折IPAの原形化 / 例文の原形主語整合化
12666,observance,B2,B2,慣習,慣習,/əˈbzɜːrvənsɪz/,/əbzˈɜːrvəns/,Religious observances are a key part of their culture.,Religious observance are a key part of their culture.,宗教的な慣習は彼らの文化の重要な一部である。,宗教的な慣習は彼らの文化の重要な一部である。,屈折IPAの原形化 / 例文の原形主語整合化
12668,penance,B2,B2,償い、苦行,償い、苦行,/ˈpɛnəns/,/pˈenəns/,He did penance for his sins.,He did penance for his sins.,彼は自分の罪の償いをした。,彼は自分の罪の償いをした。,屈折IPAの原形化
12669,peroxide,B2,B2,過酸化物,過酸化物,/pərˈɑˌksaɪdz/,/pɚˈɑːksˌaɪd/,Hydrogen peroxides are used as disinfectants.,Hydrogen peroxide are used as disinfectants.,過酸化水素は消毒剤として使用されています。,過酸化水素は消毒剤として使用されています。,屈折IPAの原形化 / 例文の原形主語整合化
12702,synonym,B2,B2,同義語,同義語,/ˈsɪnəˌnɪmz/,/sˈɪnənˌɪm/,"Good"" and ""great"" are synonyms.""","Good"" and ""great"" are synonym.""",「良い」と「素晴らしい」は同義語である。,「良い」と「素晴らしい」は同義語である。,屈折IPAの原形化 / 例文の原形主語整合化
12718,amuse,B2,B2,楽しませる,楽しませる,/əˈmjuːz/,/əmjˈuːz/,The clown tried to amuse the children.,The clown tried to amuse the children.,ピエロは子供たちを楽しませようとした。,ピエロは子供たちを楽しませようとした。,屈折IPAの原形化
12732,cadence,B2,B2,律動,律動,/ˈkeɪdəns/,/kˈeɪdəns/,The music had a slow cadence.,The music had a slow cadence.,その音楽はゆっくりとした律動を持っていた。,その音楽はゆっくりとした律動を持っていた。,屈折IPAの原形化
12736,cipher,B2,B2,暗号,暗号,/ˈsaɪfərz/,/sˈaɪfɚ/,They used ciphers to protect their communications.,They used cipher to protect their communications.,彼らは通信を保護するために暗号を使用した。,彼らは通信を保護するために暗号を使用した。,屈折IPAの原形化 / 例文の原形主語整合化
12740,confluence,B2,B2,合流,合流,/ˈkɑnfluəns/,/kˈɑːnfluːəns/,The confluence of the two rivers created a large delta.,The confluence of the two rivers created a large delta.,2つの川の合流地点は、大きなデルタを形成しました。,2つの川の合流地点は、大きなデルタを形成しました。,屈折IPAの原形化
12748,custodian,B2,B2,管理人、管理者,管理人、管理者,/kəˈstoʊdiənz/,/kəstˈoʊdiːən/,The school custodians keep the building clean.,The school custodian keep the building clean.,学校の管理人は建物を清潔に保っている。,学校の管理人は建物を清潔に保っている。,屈折IPAの原形化 / 例文の原形主語整合化
12749,cyst,B2,B2,嚢胞,嚢胞,/ˈsɪsts/,/sˈɪst/,The doctor removed the cysts during the procedure.,The doctor removed the cyst during the procedure.,医師は手術中に嚢胞を取り除いた。,医師は手術中に嚢胞を取り除いた。,屈折IPAの原形化 / 例文の原形主語整合化
12752,delinquent,B2,B2,非行少年、不良少年,非行少年、不良少年,/dɪˈlɪŋkwənts/,/dɪlˈɪŋkwənt/,The program aims to rehabilitate young delinquents.,The program aims to rehabilitate young delinquent.,そのプログラムは若い非行少年を更生させることを目指している。,そのプログラムは若い非行少年を更生させることを目指している。,屈折IPAの原形化 / 例文の原形主語整合化
12757,dormitory,B2,B2,寮,寮,/ˈdɔrməˌtɔriz/,/dˈɔːrmətˌɔːriː/,The students live in the dormitories.,The students live in the dormitories.,学生たちは寮に住んでいる。,学生たちは寮に住んでいる。,屈折IPAの原形化
12776,grub,B2,B2,幼虫、食い物,幼虫、食い物,/ˈɡrʌb/,/ˈɡrʌb/,The birds were looking for grubs in the garden.,The birds were looking for grub in the garden.,鳥たちは庭で幼虫を探していた。,鳥たちは庭で幼虫を探していた。,例文の原形主語整合化
12782,identifier,B2,B2,識別子,識別子,/aɪˈdɛntəˌfaɪərz/,/aɪdˈentəfˌaɪɚ/,These identifiers help track the packages.,These identifier help track the packages.,これらの識別子は荷物の追跡に役立ちます。,これらの識別子は荷物の追跡に役立ちます。,屈折IPAの原形化 / 例文の原形主語整合化
12792,leaflet,B2,B2,チラシ,チラシ,/ˈliːfləts/,/lˈiːflət/,We handed out leaflets advertising the upcoming event.,We handed out leaflet advertising the upcoming event.,私たちは今後のイベントを宣伝するチラシを配った。,私たちは今後のイベントを宣伝するチラシを配った。,屈折IPAの原形化 / 例文の原形主語整合化
12796,moat,B2,B2,堀,堀,/ˈmoʊts/,/mˈoʊt/,The castle was surrounded by deep moats.,The castle was surrounded by deep moat.,城は深い堀で囲まれていた。,城は深い堀で囲まれていた。,屈折IPAの原形化 / 例文の原形主語整合化
12798,mouthpiece,B2,B2,代弁者,代弁者,/ˈmaʊˌθpiːs/,/mˈaʊθpˌiːs/,He was seen as the mouthpiece for the government.,He was seen as the mouthpiece for the government.,彼は政府の代弁者と見なされていた。,彼は政府の代弁者と見なされていた。,屈折IPAの原形化
12803,neutralize,B2,B2,無効にする,無効にする,/ˈnuːtrəˌlaɪz/,/nˈuːtrəlˌaɪz/,The chemical reaction can neutralize the acid.,The chemical reaction can neutralize the acid.,その化学反応は酸を中和することができる。,その化学反応は酸を中和することができる。,屈折IPAの原形化
12818,retainer,B2,B2,家来,家来,/rɪˈteɪnər/,/rɪˈteɪnər/,The king had many retainers who served him loyally.,The king had many retainer who served him loyally.,王は彼に忠実に仕える多くの家来を抱えていました。,王は彼に忠実に仕える多くの家来を抱えていました。,例文の原形主語整合化
12822,separatist,B2,B2,分離主義者,分離主義者,/ˈsɛpərətɪsts/,/sˈepɚətɪst/,The separatists are calling for independence.,The separatist are calling for independence.,分離主義者は独立を求めている。,分離主義者は独立を求めている。,屈折IPAの原形化 / 例文の原形主語整合化
12829,stockpile,B2,B2,備蓄,備蓄,/ˈstɑˌkpaɪlz/,/stˈɑːkpˌaɪl/,The government maintains stockpiles of essential goods.,The government maintains stockpile of essential goods.,政府は必需品の備蓄を維持している。,政府は必需品の備蓄を維持している。,屈折IPAの原形化 / 例文の原形主語整合化
12845,wrinkle,B2,B2,しわ,しわ,/ˈrɪŋkəlz/,/rˈɪŋkəl/,He had wrinkles around his eyes from years of smiling.,He had wrinkle around his eyes from years of smiling.,彼は長年の笑顔のために目の周りにしわがあった。,私は長年の笑顔のために目の周りにしわがあった。,屈折IPAの原形化 / 例文の原形主語整合化
12849,affliction,B2,B2,苦痛,苦痛,/əˈflɪkʃənz/,/əflˈɪkʃən/,She has suffered from various afflictions.,She has suffered from various affliction.,彼女はさまざまな苦痛に苦しんでいる。,私はさまざまな苦痛に苦しんでいる。,屈折IPAの原形化 / 例文の原形主語整合化
12865,cowardice,B2,B2,臆病,臆病,/ˈkaʊərdəs/,/kˈaʊɚdəs/,"His actions were driven by cowardice, not bravery.","His actions were driven by cowardice, not bravery.",彼の行動は勇気ではなく、臆病によって駆り立てられたものだった。,彼の行動は勇気ではなく、臆病によって駆り立てられたものだった。,屈折IPAの原形化
12884,glimmer,B2,B2,かすかな光,かすかな光,/ˈɡlɪmərz/,/ɡlˈɪmɚ/,A few glimmers of hope remain.,A few glimmer of hope remain.,かすかな希望がいくつか残っている。,かすかな希望がいくつか残っている。,屈折IPAの原形化 / 例文の原形主語整合化
12885,goon,B2,B2,ごろつき,ごろつき,/ˈɡuːnz/,/ɡˈuːn/,The goons were hired to threaten the businessman.,The goon were hired to threaten the businessman.,ごろつきはビジネスマンを脅迫するために雇われました。,ごろつきはビジネスマンを脅迫するために雇われました。,屈折IPAの原形化 / 例文の原形主語整合化
12889,hectare,B2,B2,ヘクタール,ヘクタール,/ˈhɛˌktɑrz/,/hˈektˌɑːr/,The farm covers several hectares of land.,The farm covers several hectare of land.,その農場は数ヘクタールの土地を覆っている。,その農場は数ヘクタールの土地を覆っている。,屈折IPAの原形化 / 例文の原形主語整合化
12908,manganese,B2,B2,マンガン,マンガン,/ˈmæŋɡəˌniːz/,/mˈæŋɡənˌiːz/,Manganese is a chemical element.,Manganese is a chemical element.,マンガンは化学元素です。,マンガンは化学元素です。,屈折IPAの原形化
12935,secretion,B2,B2,分泌物,分泌物,/səˈkriːʃənz/,/səkrˈiːʃən/,The glands produce various secretions.,The glands produce various secretion.,腺はさまざまな分泌物を生成する。,腺はさまざまな分泌物を生成する。,屈折IPAの原形化 / 例文の原形主語整合化
12983,centerpiece,B2,B2,中心,中心,/ˈsɛntərˌpiːs/,/sˈentɚpˌiːs/,The statue was the centerpiece of the exhibition.,The statue was the centerpiece of the exhibition.,その像は展覧会の中心だった。,その像は展覧会の中心だった。,屈折IPAの原形化
12988,condominium,B2,B2,分譲マンション,分譲マンション,/ˌkɑndəˈmɪniəmz/,/kˌɑːndəmˈɪniːəm/,The condominiums offer a great view of the ocean.,The condominium offer a great view of the ocean.,その分譲マンションからは素晴らしい海の景色が見える。,その分譲マンションからは素晴らしい海の景色が見える。,屈折IPAの原形化 / 例文の原形主語整合化
12998,creditor,B2,B2,債権者,債権者,/ˈkrɛdətər/,/ˈkrɛdətər/,The company is struggling to repay its creditors.,The company is struggling to repay its creditor.,その会社は債権者への返済に苦労している。,その会社は債権者への返済に苦労している。,例文の原形主語整合化
12999,crypt,B2,B2,地下納骨所,地下納骨所,/ˈkrɪpts/,/krˈɪpt/,The church has many crypts beneath the main floor.,The church has many crypt beneath the main floor.,その教会には、メインフロアの下に多くの地下納骨所がある。,その教会には、メインフロアの下に多くの地下納骨所がある。,屈折IPAの原形化 / 例文の原形主語整合化
13008,elicit,B2,B2,引き起こす,引き起こす,/ɪˈlɪsəts/,/ɪlˈɪsɪt/,The loud noise elicits a startled reaction.,The loud noise elicit a startled reaction.,大きな音は驚いた反応を引き起こします。,大きな音は驚いた反応を引き起こします。,屈折IPAの原形化 / 例文の原形主語整合化
13009,evangelist,B2,B2,福音伝道者、熱心な支持者,福音伝道者、熱心な支持者,/ɪˈvændʒəlɪsts/,/ɪvˈændʒələst/,Technology evangelists promoted the benefits of the new software.,Technology evangelist promoted the benefits of the new software.,テクノロジーの熱心な支持者は、新しいソフトウェアの利点を宣伝した。,テクノロジーの熱心な支持者は、新しいソフトウェアの利点を宣伝した。,屈折IPAの原形化 / 例文の原形主語整合化
13015,grille,B2,B2,格子,格子,/ˈɡrɪlz/,/ɡrˈɪl/,The windows were protected by iron grilles.,The windows were protected by iron grille.,窓は鉄格子で保護されていた。,窓は鉄格子で保護されていた。,屈折IPAの原形化 / 例文の原形主語整合化
13025,improvisation,B2,B2,即興,即興,/ˌɪmprɑvɪˈzeɪʃənz/,/ˌɪmprɑːvɪzˈeɪʃən/,The musician is known for his improvisations.,The musician is known for his improvisation.,その音楽家は彼の即興で知られている。,その音楽家は彼の即興で知られている。,屈折IPAの原形化 / 例文の原形主語整合化
13029,jeopardize,B2,B2,危険にさらす,危険にさらす,/ˈdʒɛpərˌdaɪz/,/dʒˈepɚdˌaɪz/,His careless actions could jeopardize the entire project.,His careless actions could jeopardize the entire project.,彼の不注意な行動はプロジェクト全体を危険にさらす可能性がある。,彼の不注意な行動はプロジェクト全体を危険にさらす可能性がある。,屈折IPAの原形化
13037,lurk,B2,B2,潜む,潜む,/ˈlɜːrks/,/lˈɜːrk/,Danger lurks in the dark alley.,Danger lurk in the dark alley.,暗い路地には危険が潜んでいる。,暗い路地には危険が潜んでいる。,屈折IPAの原形化 / 例文の原形主語整合化
13038,medallion,B2,B2,メダリオン,メダリオン,/məˈdæljənz/,/mədˈæljən/,He received a gold medallion for his achievement.,He received a gold medallion for his achievement.,彼はその功績に対して金のメダリオンを受け取った。,彼はその功績に対して金のメダリオンを受け取った。,屈折IPAの原形化
13055,pellet,B2,B2,小球,小球,/ˈpɛləts/,/pˈelət/,He fed the fish pellets.,He fed the fish pellet.,彼は魚に小球を与えた。,私は魚に小球を与えた。,屈折IPAの原形化 / 例文の原形主語整合化
13059,planter,B2,B2,プランター,プランター,/ˈplæntərz/,/plˈæntɚ/,She filled the planters with colorful flowers.,She filled the planter with colorful flowers.,彼女はプランターに色とりどりの花を植えた。,私はプランターに色とりどりの花を植えた。,屈折IPAの原形化 / 例文の原形主語整合化
13071,rouse,B2,B2,奮い立たせる,奮い立たせる,/ˈraʊs/,/rˈaʊs/,The speech roused the crowd to action.,The speech roused the crowd to action.,スピーチは群衆を行動に駆り立てました。,スピーチは群衆を行動に駆り立てました。,屈折IPAの原形化
13072,sampler,B2,B2,試供品,試供品,/ˈsæmplərz/,/sˈæmplɚ/,They gave out free samplers at the store.,They gave out free sampler at the store.,彼らは店で無料の試供品を配っていた。,彼らは店で無料の試供品を配っていた。,屈折IPAの原形化 / 例文の原形主語整合化
13075,schoolgirl,B2,B2,女子生徒,女子生徒,/ˈskulˌgərlz/,/ˈskulˌgərlz/,The schoolgirls are wearing uniforms.,The schoolgirl are wearing uniforms.,女子生徒たちは制服を着ている。,女子生徒たちは制服を着ている。,例文の原形主語整合化
13077,semblance,B2,B2,外観,外観,/ˈsɛmbləns/,/sˈembləns/,There was a semblance of order in the chaos.,There was a semblance of order in the chaos.,混乱の中に秩序の外観があった。,混乱の中に秩序の外観があった。,屈折IPAの原形化
13091,staffer,B2,B2,職員,職員,/ˈstæfərz/,/stˈæfɚ/,The staffers worked late to finish the project.,The staffer worked late to finish the project.,職員たちはプロジェクトを終えるために遅くまで働いた。,職員たちはプロジェクトを終えるために遅くまで働いた。,屈折IPAの原形化 / 例文の原形主語整合化
13104,transcend,B2,B2,超越する,超越する,/træˈnsɛnd/,/træˈnsɛnd/,His art transcends cultural boundaries.,His art transcend cultural boundaries.,彼の芸術は文化の境界を超える。,彼の芸術は文化の境界を超える。,例文の原形主語整合化
13106,undercut,B2,B2,弱める,弱める,/ˈʌndərˌkʌts/,/ˈʌndɚkˌʌt/,The company's low prices undercut its competitors.,The company's low prices undercut its competitors.,その会社の低価格は競合他社を弱める。,その会社の低価格は競合他社を弱める。,屈折IPAの原形化
13113,warlord,B2,B2,軍閥,軍閥,/ˈwɔˌrlɔrdz/,/wˈɔːrlˌɔːrd/,The country was torn apart by civil war and warlords.,The country was torn apart by civil war and warlord.,その国は内戦と軍閥によって引き裂かれました。,その国は内戦と軍閥によって引き裂かれました。,屈折IPAの原形化 / 例文の原形主語整合化
13114,whence,B2,B2,どこから、～に由来する,どこから、～に由来する,/ˈwɛns/,/wˈens/,Whence did this idea originate?,Whence did this idea originate?,このアイデアはどこから生まれたのか？,このアイデアはどこから生まれたのか？,屈折IPAの原形化
13125,barricade,B2,B2,バリケード,バリケード,/ˈbærəˌkeɪdz/,/bˈærəkˌeɪd/,The protesters set up barricades in the street.,The protesters set up barricade in the street.,抗議者たちは通りにバリケードを設置した。,抗議者たちは通りにバリケードを設置した。,屈折IPAの原形化 / 例文の原形主語整合化
13133,briefcase,B2,B2,ブリーフケース,ブリーフケース,/ˈbriːˌfkeɪs/,/brˈiːfkˌeɪs/,He carried important documents in his briefcase.,He carried important documents in his briefcase.,彼はブリーフケースに重要な書類を入れて持ち歩いていた。,彼はブリーフケースに重要な書類を入れて持ち歩いていた。,屈折IPAの原形化
13135,canister,B2,B2,キャニスター,キャニスター,/ˈkænəstərz/,/kˈænəstɚ/,We need to buy some canisters for the camping trip.,We need to buy some canister for the camping trip.,キャンプ旅行のためにいくつかのキャニスターを買う必要がある。,キャンプ旅行のためにいくつかのキャニスターを買う必要がある。,屈折IPAの原形化 / 例文の原形主語整合化
13138,coherence,B2,B2,一貫性,一貫性,/koʊˈhɪrəns/,/koʊhˈɪrəns/,The arguments lacked coherence.,The arguments lacked coherence.,その議論は一貫性に欠けていた。,その議論は一貫性に欠けていた。,屈折IPAの原形化
13139,complainant,B2,B2,告訴人,告訴人,/kəˈmpleɪnənts/,/kəmplˈeɪnənt/,The police interviewed the complainants.,The police interviewed the complainant.,警察は告訴人に事情聴取を行った。,警察は告訴人に事情聴取を行った。,屈折IPAの原形化 / 例文の原形主語整合化
13148,dichotomy,B2,B2,二分法,二分法,/dichotomies/,/daɪkˈɑːtəmiː/,The article explores the dichotomies between nature and nurture.,The article explores the dichotomies between nature and nurture.,その記事は、自然と育成の二分法を探求している。,その記事は、自然と育成の二分法を探求している。,屈折IPAの原形化
13169,gilt,B2,B2,国債,国債,/ˈɡɪlts/,/ɡˈɪlt/,Gilts are government bonds issued in the UK.,gilt are government bonds issued in the UK.,国債は、英国で発行される政府債券です。,国債は、英国で発行される政府債券です。,屈折IPAの原形化 / 例文の原形主語整合化
13172,heron,B2,B2,サギ,サギ,/ˈhɛrənz/,/hˈerən/,Herons can be seen near the water in the park.,heron can be seen near the water in the park.,サギは公園の近くの水辺で見ることができる。,サギは公園の近くの水辺で見ることができる。,屈折IPAの原形化 / 例文の原形主語整合化
13200,nit,B2,B2,シラミの卵,シラミの卵,/ˈnɪt/,/ˈnɪt/,She found nits in her child's hair.,She found nit in her child's hair.,彼女は子供の髪にシラミの卵を見つけた。,私は子供の髪にシラミの卵を見つけた。,例文の原形主語整合化
13201,nuance,B2,B2,ニュアンス,ニュアンス,/ˈnuːɑnsɪz/,/nˈuːɑːns/,He understood the nuances of the situation.,He understood the nuance of the situation.,彼は状況のニュアンスを理解した。,私は状況のニュアンスを理解した。,屈折IPAの原形化 / 例文の原形主語整合化
13214,placenta,B2,B2,胎盤,胎盤,/pləˈsɛntəs/,/pləsˈentə/,The placentas were examined after birth.,The placenta were examined after birth.,胎盤は出産後に検査された。,胎盤は出産後に検査された。,屈折IPAの原形化 / 例文の原形主語整合化
13216,propagate,B2,B2,伝播する,伝播する,/ˈprɑpəˌɡeɪtz/,/prˈɑːpəɡˌeɪt/,Sound propagates through the air.,Sound propagate through the air.,音は空気中を伝播する。,音は空気中を伝播する。,屈折IPAの原形化 / 例文の原形主語整合化
13220,respondent,B2,B2,回答者、返答者,回答者、返答者,/rɪˈspɑndənts/,/rɪspˈɑːndənt/,The survey received responses from a large number of respondents.,The survey received responses from a large number of respondent.,その調査は、多数の回答者から回答を得た。,その調査は、多数の回答者から回答を得た。,屈折IPAの原形化 / 例文の原形主語整合化
13237,subtlety,B2,B2,微妙さ、繊細さ,微妙さ、繊細さ,/ˈsʌtəltiz/,/sˈʌtəltiː/,He appreciated the subtleties of her performance.,He appreciated the subtleties of her performance.,彼は彼女の演技の繊細さを理解していた。,彼は彼女の演技の繊細さを理解していた。,屈折IPAの原形化
13243,unwise,B2,B2,賢明でない,賢明でない,/əˈnwaɪz/,/ənwˈaɪz/,It is unwise to drive after drinking alcohol.,It is unwise to drive after drinking alcohol.,アルコールを飲んだ後に運転するのは賢明ではありません。,アルコールを飲んだ後に運転するのは賢明ではありません。,屈折IPAの原形化
13250,acorn,B2,B2,どんぐり,どんぐり,/ˈeɪkɔrnz/,/ˈeɪkɔːrn/,Squirrels collect acorns in the fall.,Squirrels collect acorn in the fall.,リスは秋にどんぐりを集める。,リスは秋にどんぐりを集める。,屈折IPAの原形化 / 例文の原形主語整合化
13266,certify,B2,B2,認証する,認証する,/ˈsɜːrtəˌfaɪz/,/sˈɜːrtəfˌaɪ/,The organization certifies organic products.,The organization certifies organic products.,その組織は有機製品を認証する。,その組織は有機製品を認証する。,屈折IPAの原形化
13268,checker,B2,B2,チェッカー,チェッカー,/ˈtʃɛkərz/,/tʃˈekɚ/,Let's play checkers.,Let's play checker.,チェッカーをしよう。,チェッカーをしよう。,屈折IPAの原形化 / 例文の原形主語整合化
13272,credence,B2,B2,信用、信頼,信用、信頼,/ˈkriːdəns/,/krˈiːdəns/,I have little credence in his story.,I have little credence in his story.,私は彼の話をほとんど信用していない。,私は彼の話をほとんど信用していない。,屈折IPAの原形化
13278,dispatcher,B2,B2,派遣係,派遣係,/dɪˈspætʃərz/,/dɪspˈætʃɚ/,The dispatchers are responsible for coordinating emergency services.,The dispatcher are responsible for coordinating emergency services.,派遣係は緊急サービスを調整する責任がある。,派遣係は緊急サービスを調整する責任がある。,屈折IPAの原形化 / 例文の原形主語整合化
13293,gable,B2,B2,切妻,切妻,/ˈɡeɪbəlz/,/ɡˈeɪbəl/,The house had beautiful gables and a porch.,The house had beautiful gable and a porch.,その家には美しい切妻と玄関ポーチがありました。,その家には美しい切妻と玄関ポーチがありました。,屈折IPAの原形化 / 例文の原形主語整合化
13316,mite,B2,B2,ダニ,ダニ,/ˈmaɪt/,/ˈmaɪt/,Dust mites can cause allergies.,Dust mite can cause allergies.,ダニはアレルギーを引き起こす可能性があります。,ダニはアレルギーを引き起こす可能性があります。,例文の原形主語整合化
13325,octave,B2,B2,オクターブ,オクターブ,/ˈɑktɪv/,/ˈɑktɪv/,The song spanned two octaves.,The song spanned two octave.,その歌は2オクターブに及んだ。,その歌は2オクターブに及んだ。,例文の原形主語整合化
13330,prerogative,B2,B2,特権,特権,/prɪˈrɑɡətɪvz/,/prɪrˈɑːɡətɪv/,It is one of the king's prerogatives to pardon criminals.,It is one of the king's prerogative to pardon criminals.,犯罪者を恩赦することは王の特権の一つである。,犯罪者を恩赦することは王の特権の一つである。,屈折IPAの原形化 / 例文の原形主語整合化
13332,prudence,B2,B2,慎重さ,慎重さ,/ˈpruːdəns/,/prˈuːdəns/,He always acts with great prudence.,He always acts with great prudence.,彼はいつも非常に慎重に行動する。,彼はいつも非常に慎重に行動する。,屈折IPAの原形化
13352,slipper,B2,B2,スリッパ,スリッパ,/ˈslɪpərz/,/slˈɪpɚ/,She put on her slippers when she got home.,She put on her slipper when she got home.,彼女は帰宅するとスリッパを履いた。,私は帰宅するとスリッパを履いた。,屈折IPAの原形化 / 例文の原形主語整合化
13363,stub,B2,B2,切符の半券,切符の半券,/ˈstʌbz/,/stˈʌb/,I saved the ticket stubs from the concert.,I saved the ticket stub from the concert.,私はコンサートの切符の半券を保管した。,私はコンサートの切符の半券を保管した。,屈折IPAの原形化 / 例文の原形主語整合化
13364,subgroup,B2,B2,サブグループ,サブグループ,/ˈsʌˌbɡruːp/,/ˈsʌˌbɡruːp/,The study included several subgroups.,The study included several subgroup.,その研究にはいくつかのサブグループが含まれていた。,その研究にはいくつかのサブグループが含まれていた。,例文の原形主語整合化
13397,bootleg,B2,B2,海賊版,海賊版,/ˈbuːˌtlɛɡz/,/bˈuːtlˌeɡ/,The movie was released on bootlegs before its official release.,The movie was released on bootleg before its official release.,その映画は公式リリース前に海賊版でリリースされました。,その映画は公式リリース前に海賊版でリリースされました。,屈折IPAの原形化 / 例文の原形主語整合化
13402,cellulose,B2,B2,セルロース,セルロース,/ˈsɛljəˌloʊs/,/sˈeljəlˌoʊs/,Cellulose is a major component of plant cell walls.,Cellulose is a major component of plant cell walls.,セルロースは、植物細胞壁の主要な構成要素である。,セルロースは、植物細胞壁の主要な構成要素である。,屈折IPAの原形化
13411,creole,B2,B2,クレオール,クレオール,/kriˈoʊlz/,/krˈiːoʊl/,Creoles are languages that have developed from a mixture of languages.,creole are languages that have developed from a mixture of languages.,クレオールは、複数の言語の混合から発達した言語である。,クレオールは、複数の言語の混合から発達した言語である。,屈折IPAの原形化 / 例文の原形主語整合化
13418,deliverance,B2,B2,解放,解放,/dɪˈlɪvərəns/,/dɪlˈɪvɚəns/,The people prayed for deliverance from their suffering.,The people prayed for deliverance from their suffering.,人々は苦しみからの解放を祈った。,人々は苦しみからの解放を祈った。,屈折IPAの原形化
13425,electrolyte,B2,B2,電解質,電解質,/electrolytes/,/electrolytes/,Sports drinks contain electrolytes to replace what you lose during exercise.,Sports drinks contain electrolyte to replace what you lose during exercise.,スポーツドリンクは、運動中に失われるものを補うための電解質を含んでいる。,スポーツドリンクは、運動中に失われるものを補うための電解質を含んでいる。,例文の原形主語整合化
13452,issuer,B2,B2,"発行者,発行体","発行者,発行体",/ˈɪʃuərz/,/ˈɪʃuːɚ/,The issuers of bonds are responsible for repayment.,The issuer of bonds are responsible for repayment.,債券の発行者は、返済の責任があります。,債券の発行者は、返済の責任があります。,屈折IPAの原形化 / 例文の原形主語整合化
13463,nomad,B2,B2,遊牧民,遊牧民,/ˈnoʊˌmæd/,/ˈnoʊˌmæd/,Nomads wander the desert.,nomad wander the desert.,遊牧民は砂漠をさまよう。,遊牧民は砂漠をさまよう。,例文の原形主語整合化
13474,paraphrase,B2,B2,言い換える,言い換える,/ˈpɛrəˌfreɪz/,/pˈerəfrˌeɪz/,Can you paraphrase the sentence?,Can you paraphrase the sentence?,その文章を言い換えることができますか？,その文章を言い換えることができますか？,屈折IPAの原形化
13476,pediatrician,B2,B2,小児科医,小児科医,/ˌpiːdiəˈtrɪʃənz/,/pˌiːdiːətrˈɪʃən/,Pediatricians specialize in children's health.,pediatrician specialize in children's health.,小児科医は子供の健康を専門としている。,小児科医は子供の健康を専門としている。,屈折IPAの原形化 / 例文の原形主語整合化
13478,pelican,B2,B2,ペリカン,ペリカン,/ˈpɛlɪkənz/,/pˈeləkən/,The pelicans were flying over the sea.,The pelican were flying over the sea.,ペリカンは海の上を飛んでいた。,ペリカンは海の上を飛んでいた。,屈折IPAの原形化 / 例文の原形主語整合化
13490,rascal,B2,B2,いたずらっ子,いたずらっ子,/ˈræskəlz/,/rˈæskəl/,The rascals were playing pranks on each other.,The rascal were playing pranks on each other.,いたずらっ子たちはお互いにいたずらをしていました。,いたずらっ子たちはお互いにいたずらをしていました。,屈折IPAの原形化 / 例文の原形主語整合化
13508,steamship,B2,B2,蒸気船,蒸気船,/ˈstiːˌmʃɪps/,/stˈiːmʃˌɪp/,People traveled by steamships in the past.,People traveled by steamship in the past.,人々は昔、蒸気船で旅行した。,人々は昔、蒸気船で旅行した。,屈折IPAの原形化 / 例文の原形主語整合化
13512,thence,B2,B2,そこから,そこから,/ˈðɛns/,/ðˈens/,"He came from London, and thence to Paris.","He came from London, and thence to Paris.",彼はロンドンから来て、そこからパリへ行った。,彼はロンドンから来て、そこからパリへ行った。,屈折IPAの原形化
13535,anesthetic,B2,B2,麻酔薬,麻酔薬,/ˌænəˈsθɛtɪks/,/ˌænəsθˈetɪk/,Anesthetics are used to induce a state of unconsciousness.,anesthetic are used to induce a state of unconsciousness.,麻酔薬は意識不明の状態を誘発するために使用される。,麻酔薬は意識不明の状態を誘発するために使用される。,屈折IPAの原形化 / 例文の原形主語整合化
13547,clipper,B2,B2,バリカン,バリカン,/ˈklɪpərz/,/klˈɪpɚ/,He used clippers to cut his hair.,He used clipper to cut his hair.,彼はバリカンで髪を切った。,私はバリカンで髪を切った。,屈折IPAの原形化 / 例文の原形主語整合化
13575,fuzz,B2,B2,けば,けば,/ˈfʌz/,/fˈʌz/,The old coat was covered in fuzz.,The old coat was covered in fuzz.,その古いコートはけばで覆われていた。,その古いコートはけばで覆われていた。,屈折IPAの原形化
13579,hertz,B2,B2,ヘルツ,ヘルツ,/ˈhɛrts/,/hˈerts/,The sound is measured in hertz.,The sound is measured in hertz.,音はヘルツで測定されます。,音はヘルツで測定されます。,屈折IPAの原形化
13587,islander,B2,B2,島民,島民,/ˈaɪləndərz/,/ˈaɪləndɚ/,The islanders are skilled fishermen.,The islander are skilled fishermen.,島民は熟練した漁師である。,島民は熟練した漁師である。,屈折IPAの原形化 / 例文の原形主語整合化
13588,ism,B2,B2,主義、イデオロギー,主義、イデオロギー,/ˈɪzəmz/,/ˈɪzəm/,The debate focused on the various isms that shaped the society.,The debate focused on the various ism that shaped the society.,その議論は、社会を形成したさまざまな主義に焦点を当てた。,その議論は、社会を形成したさまざまな主義に焦点を当てた。,屈折IPAの原形化 / 例文の原形主語整合化
13596,mannequin,B2,B2,マネキン,マネキン,/ˈmænəkɪnz/,/mˈænəkɪn/,The mannequins were wearing the latest fashions.,The mannequin were wearing the latest fashions.,マネキンは最新のファッションを着ていた。,マネキンは最新のファッションを着ていた。,屈折IPAの原形化 / 例文の原形主語整合化
13621,reimburse,B2,B2,払い戻す,払い戻す,/ˌriːɪˈmbɜːrs/,/rˌiːɪmbˈɜːrs/,The company will reimburse you for your expenses.,The company will reimburse you for your expenses.,会社はあなたの費用を払い戻します。,会社はあなたの費用を払い戻します。,屈折IPAの原形化
13625,ringer,B2,B2,替え玉,替え玉,/ˈrɪŋərz/,/rˈɪŋɚ/,He was accused of using ringers in the race.,He was accused of using ringer in the race.,彼はレースで替え玉を使ったと非難された。,私はレースで替え玉を使ったと非難された。,屈折IPAの原形化 / 例文の原形主語整合化
13645,sympathize,B2,B2,同情する,同情する,/ˈsɪmpəˌθaɪzɪz/,/sˈɪmpəθˌaɪz/,She sympathizes with their plight.,I sympathize with their plight.,彼女は彼らの窮状に同情している。,私は彼らの窮状に同情している。,屈折IPAの原形化 / 例文の原形主語整合化
13650,townhouse,B2,B2,タウンハウス,タウンハウス,/ˈtaʊˌnhaʊs/,/tˈaʊnhˌaʊs/,They live in a townhouse.,They live in a townhouse.,彼らはタウンハウスに住んでいます。,彼らはタウンハウスに住んでいます。,屈折IPAの原形化
13653,truffle,B2,B2,トリュフ,トリュフ,/ˈtrʌfəlz/,/trˈʌfəl/,We had a delicious pasta dish with black truffles.,We had a delicious pasta dish with black truffle.,私たちは黒トリュフを使ったおいしいパスタ料理を食べました。,私たちは黒トリュフを使ったおいしいパスタ料理を食べました。,屈折IPAの原形化 / 例文の原形主語整合化
13658,vibrate,B2,B2,振動する,振動する,/ˈvaɪbreɪts/,/vˈaɪbreɪt/,The phone vibrates when I get a call.,The phone vibrate when I get a call.,電話がかかってくると電話が振動する。,電話がかかってくると電話が振動する。,屈折IPAの原形化 / 例文の原形主語整合化
13672,asterisk,B2,B2,アスタリスク、星印,アスタリスク、星印,/ˈæstərɪsks/,/ˈæstɚɪsk/,The footnotes are marked with asterisks.,The footnotes are marked with asterisk.,脚注はアスタリスクでマークされている。,脚注はアスタリスクでマークされている。,屈折IPAの原形化 / 例文の原形主語整合化
13675,azalea,B2,B2,ツツジ,ツツジ,/əˈzeɪljəz/,/əzˈeɪljə/,The garden was filled with blooming azaleas.,The garden was filled with blooming azalea.,その庭は満開のツツジでいっぱいだった。,その庭は満開のツツジでいっぱいだった。,屈折IPAの原形化 / 例文の原形主語整合化
13678,beet,B2,B2,ビーツ,ビーツ,/ˈbiːts/,/bˈiːt/,Beets are a type of vegetable.,beet are a type of vegetable.,ビーツは野菜の一種です。,ビーツは野菜の一種です。,屈折IPAの原形化 / 例文の原形主語整合化
13712,errand,B2,B2,用事,用事,/ˈɛrəndz/,/ˈerənd/,I have some errands to run.,I have some errand to run.,私は済ませるべき用事があります。,私は済ませるべき用事があります。,屈折IPAの原形化 / 例文の原形主語整合化
13723,freighter,B2,B2,貨物船,貨物船,/ˈfreɪtərz/,/frˈeɪtɚ/,The port was bustling with freighters loading and unloading goods.,The port was bustling with freighter loading and unloading goods.,港は貨物を積み下ろしする貨物船で賑わっていた。,港は貨物を積み下ろしする貨物船で賑わっていた。,屈折IPAの原形化 / 例文の原形主語整合化
13742,melodrama,B2,B2,メロドラマ,メロドラマ,/ˈmɛləˌdrɑməz/,/mˈelədrˌɑːmə/,The movie was filled with melodramas.,The movie was filled with melodrama.,その映画はメロドラマでいっぱいだった。,その映画はメロドラマでいっぱいだった。,屈折IPAの原形化 / 例文の原形主語整合化
13744,minion,B2,B2,手下、子分,手下、子分,/ˈmɪnjənz/,/mˈɪnjən/,The evil villain had many minions.,The evil villain had many minion.,悪の親玉には多くの子分がいた。,悪の親玉には多くの子分がいた。,屈折IPAの原形化 / 例文の原形主語整合化
13777,subunit,B2,B2,サブユニット,サブユニット,/subunit/,/subunit/,The protein is composed of several different subunits.,The protein is composed of several different subunit.,そのタンパク質は、いくつかの異なるサブユニットで構成されている。,そのタンパク質は、いくつかの異なるサブユニットで構成されている。,例文の原形主語整合化
13778,swede,B2,B2,スウェーデン人,スウェーデン人,/ˈswiːdz/,/swˈiːd/,The swedes are known for their design.,The swede are known for their design.,スウェーデン人はデザインで知られている。,スウェーデン人はデザインで知られている。,屈折IPAの原形化 / 例文の原形主語整合化
13787,twister,B2,B2,竜巻,竜巻,/ˈtwɪstərz/,/twˈɪstɚ/,We saw some twisters forming in the distance.,We saw some twister forming in the distance.,遠くにいくつかの竜巻が発生しているのを見ました。,遠くにいくつかの竜巻が発生しているのを見ました。,屈折IPAの原形化 / 例文の原形主語整合化
13804,armament,B2,B2,軍備,軍備,/ˈɑrməmənts/,/ˈɑːrməmənt/,The country is increasing its armaments.,The country is increasing its armament.,その国は軍備を増強している。,その国は軍備を増強している。,屈折IPAの原形化 / 例文の原形主語整合化
13817,campground,B2,B2,キャンプ場,キャンプ場,/ˈkæˌmpɡraʊndz/,/kˈæmpɡrˌaʊnd/,We reserved a spot at the campgrounds for the weekend.,We reserved a spot at the campground for the weekend.,私たちは週末のためにキャンプ場の場所を予約した。,私たちは週末のためにキャンプ場の場所を予約した。,屈折IPAの原形化 / 例文の原形主語整合化
13823,coinage,B2,B2,造語,造語,/ˈkɔɪnɪdʒz/,/kˈɔɪnɪdʒ/,Many coinages have become common in everyday language.,Many coinage have become common in everyday language.,多くの造語が日常言語で一般的になっています。,多くの造語が日常言語で一般的になっています。,屈折IPAの原形化 / 例文の原形主語整合化
13849,foray,B2,B2,襲撃、進出,襲撃、進出,/ˈfɔreɪz/,/fˈɔːreɪ/,The company made several forays into the new market.,The company made several foray into the new market.,その会社は新しい市場に何度か進出した。,その会社は新しい市場に何度か進出した。,屈折IPAの原形化 / 例文の原形主語整合化
13856,goody,B2,B2,お菓子,お菓子,/ˈɡʊdiz/,/ɡˈʊdiː/,The children received a bag full of goodies.,The children received a bag full of goodies.,子供たちはお菓子でいっぱいの袋を受け取った。,子供たちはお菓子でいっぱいの袋を受け取った。,屈折IPAの原形化
13858,grassland,B2,B2,草原,草原,/ˈɡræˌslændz/,/ɡrˈæslˌænd/,The cattle grazed in the grasslands.,The cattle grazed in the grassland.,牛は草原で草を食んだ。,牛は草原で草を食んだ。,屈折IPAの原形化 / 例文の原形主語整合化
13885,obtuse,B2,B2,鈍い、愚鈍な,鈍い、愚鈍な,/ɑˈbtuːs/,/ɑːbtˈuːs/,He was being obtuse and not understanding the point.,He was being obtuse and not understanding the point.,彼は鈍くてポイントを理解していなかった。,彼は鈍くてポイントを理解していなかった。,屈折IPAの原形化
13888,penicillin,B2,B2,ペニシリン,ペニシリン,/ˌpɛnəˈsɪlənz/,/pˌenəsˈɪlən/,Penicillins are a group of antibiotics used to treat bacterial infections.,penicillin are a group of antibiotics used to treat bacterial infections.,ペニシリンは、細菌感染症の治療に使用される抗生物質のグループである。,ペニシリンは、細菌感染症の治療に使用される抗生物質のグループである。,屈折IPAの原形化 / 例文の原形主語整合化
13890,petal,B2,B2,花びら,花びら,/ˈpɛtəlz/,/pˈetəl/,The petals of the rose were soft.,The petal of the rose were soft.,バラの花びらは柔らかかったです。,バラの花びらは柔らかかったです。,屈折IPAの原形化 / 例文の原形主語整合化
13895,radiance,B2,B2,輝き、光輝,輝き、光輝,/ˈreɪdiəns/,/rˈeɪdiːəns/,Her face radiated with radiance.,Her face radiated with radiance.,彼女の顔は輝きで満たされていた。,彼女の顔は輝きで満たされていた。,屈折IPAの原形化
13902,rupee,B2,B2,ルピー,ルピー,/ruˈpiːz/,/ruːpˈiː/,The cost of the book is 200 rupees.,The cost of the book is 200 rupee.,この本の値段は200ルピーです。,この本の値段は200ルピーです。,屈折IPAの原形化 / 例文の原形主語整合化
13910,smirk,B2,B2,にやにや笑う、薄笑い,にやにや笑う、薄笑い,/ˈsmɜːrks/,/smˈɜːrk/,He smirks whenever someone makes a mistake.,I smirk whenever someone makes a mistake.,彼は誰かが間違いを犯すといつもにやにや笑う。,私は誰かが間違いを犯すといつもにやにや笑う。,屈折IPAの原形化 / 例文の原形主語整合化
13918,stave,B2,B2,板、棒,板、棒,/ˈsteɪv/,/ˈsteɪv/,They used staves to build a makeshift shelter.,They used stave to build a makeshift shelter.,彼らは仮設の避難所を建てるために板を使った。,彼らは仮設の避難所を建てるために板を使った。,例文の原形主語整合化
13921,streamer,B2,B2,紙吹雪,紙吹雪,/ˈstriːmərz/,/strˈiːmɚ/,Streamers were used to decorate the room.,streamer were used to decorate the room.,紙吹雪は部屋を飾るために使われた。,紙吹雪は部屋を飾るために使われた。,屈折IPAの原形化 / 例文の原形主語整合化
13925,symbolize,B2,B2,象徴する,象徴する,/ˈsɪmbəˌlaɪz/,/sˈɪmbəlˌaɪz/,The dove is said to symbolize peace.,The dove is said to symbolize peace.,ハトは平和を象徴すると言われている。,ハトは平和を象徴すると言われている。,屈折IPAの原形化
13935,workstation,B2,B2,ワークステーション,ワークステーション,/ˈwɜːrˌksteɪʃənz/,/wˈɜːrkstˌeɪʃən/,The employees had their own workstations.,The employees had their own workstation.,従業員はそれぞれ自分のワークステーションを持っていた。,従業員はそれぞれ自分のワークステーションを持っていた。,屈折IPAの原形化 / 例文の原形主語整合化
13948,blot,B2,B2,しみ、しみをつける,しみ、しみをつける,/ˈblɑts/,/blˈɑːt/,The experiment involved blotting samples onto a membrane.,The experiment involved blotting samples onto a membrane.,その実験には、サンプルを膜にブロットすることが含まれていた。,その実験には、サンプルを膜にブロットすることが含まれていた。,屈折IPAの原形化
13963,corset,B2,B2,コルセット,コルセット,/ˈkɔrsəts/,/kˈɔːrsət/,Women used to wear corsets to shape their bodies.,Women used to wear corset to shape their bodies.,女性はかつて体を整えるためにコルセットを着用していた。,女性はかつて体を整えるためにコルセットを着用していた。,屈折IPAの原形化 / 例文の原形主語整合化
13970,dispenser,B2,B2,ディスペンサー,ディスペンサー,/dɪˈspɛnsərz/,/dɪspˈensɚ/,The hand sanitizer is available from dispensers at the entrance.,The hand sanitizer is available from dispenser at the entrance.,入り口にあるディスペンサーから手指消毒剤を利用できます。,入り口にあるディスペンサーから手指消毒剤を利用できます。,屈折IPAの原形化 / 例文の原形主語整合化
13986,gentile,B2,B2,異邦人,異邦人,/ˈdʒɛˌntaɪl/,/ˈdʒɛˌntaɪl/,"In ancient times, they were known as gentiles.","In ancient times, they were known as gentile.",古代では、彼らは異邦人として知られていた。,古代では、彼らは異邦人として知られていた。,例文の原形主語整合化
13994,hydrocarbon,B2,B2,炭化水素,炭化水素,/ˌhaɪdroʊˈkɑrbənz/,/hˌaɪdroʊkˈɑːrbən/,Petroleum is a mixture of various hydrocarbons.,Petroleum is a mixture of various hydrocarbon.,石油は、さまざまな炭化水素の混合物です。,石油は、さまざまな炭化水素の混合物です。,屈折IPAの原形化 / 例文の原形主語整合化
14006,kebab,B2,B2,ケバブ,ケバブ,/kebabs/,/kebabs/,We had kebabs for dinner.,We had kebab for dinner.,夕食にケバブを食べた。,夕食にケバブを食べた。,例文の原形主語整合化
14007,licensee,B2,B2,被許可者,被許可者,/ˌlaɪsəˈnsiːz/,/lˌaɪsənsˈiː/,The licensees are responsible for following regulations.,The licensee are responsible for following regulations.,被許可者は規制に従う責任がある。,被許可者は規制に従う責任がある。,屈折IPAの原形化 / 例文の原形主語整合化
14014,modernize,B2,B2,近代化する,近代化する,/ˈmɑdərˌnaɪz/,/mˈɑːdɚnˌaɪz/,The company needs to modernize its technology.,The company needs to modernize its technology.,その会社はテクノロジーを近代化する必要がある。,その会社はテクノロジーを近代化する必要がある。,屈折IPAの原形化
14024,pheasant,B2,B2,キジ,キジ,/ˈfɛzənts/,/fˈezənt/,We saw some pheasants in the field.,We saw some pheasant in the field.,私たちは野原で何羽かのキジを見た。,私たちは野原で何羽かのキジを見た。,屈折IPAの原形化 / 例文の原形主語整合化
14030,preclude,B2,B2,妨げる、排除する,妨げる、排除する,/prɪˈkluːd/,/prɪˈkluːd/,The evidence precludes any possibility of error.,The evidence preclude any possibility of error.,その証拠は誤りの可能性を排除している。,その証拠は誤りの可能性を排除している。,例文の原形主語整合化
14040,regularity,B2,B2,規則性,規則性,/regularities/,/rˌeɡjəlˈerətiː/,We observed regularities in the data.,We observed regularities in the data.,データに規則性が見られました。,データに規則性が見られました。,屈折IPAの原形化
14046,scion,B2,B2,子孫、後継者,子孫、後継者,/ˈsaɪənz/,/sˈaɪən/,The scions of the family continued the business.,The scion of the family continued the business.,その家族の子孫は事業を継続した。,その家族の子孫は事業を継続した。,屈折IPAの原形化 / 例文の原形主語整合化
14049,showbiz,B2,B2,芸能界,芸能界,/ˈʃoʊbɪz/,/ʃˈoʊbɪz/,She dreams of making it big in showbiz.,She dreams of making it big in showbiz.,彼女は芸能界で成功することを夢見ている。,彼女は芸能界で成功することを夢見ている。,屈折IPAの原形化
14067,twig,B2,B2,小枝,小枝,/ˈtwɪɡz/,/twˈɪɡ/,The bird is building a nest with twigs.,The bird is building a nest with twig.,鳥は小枝で巣を作っています。,鳥は小枝で巣を作っています。,屈折IPAの原形化 / 例文の原形主語整合化
14075,wag,B2,B2,おどけた人、ひょうきんな人,おどけた人、ひょうきんな人,/ˈwæɡz/,/wˈæɡ/,The wags at the party told funny stories.,The wag at the party told funny stories.,パーティーのおどけた人々は面白い話をしていた。,パーティーのおどけた人々は面白い話をしていた。,屈折IPAの原形化 / 例文の原形主語整合化
14077,watcher,B2,B2,見物人,見物人,/ˈwɑtʃərz/,/wˈɑːtʃɚ/,The watchers gathered to see the sunset.,The watcher gathered to see the sunset.,見物人たちは夕日を見るために集まった。,見物人たちは夕日を見るために集まった。,屈折IPAの原形化 / 例文の原形主語整合化
14090,amputation,B2,B2,切断手術,切断手術,/ˌæmpjuˈteɪʃənz/,/ˌæmpjətˈeɪʃən/,Amputations are sometimes necessary due to severe injuries.,amputation are sometimes necessary due to severe injuries.,重傷のため、切断手術が必要になることがある。,重傷のため、切断手術が必要になることがある。,屈折IPAの原形化 / 例文の原形主語整合化
14098,bystander,B2,B2,傍観者,傍観者,/ˈbaɪˌstændərz/,/bˈaɪstˌændɚ/,The bystanders watched in shock as the accident unfolded.,The bystander watched in shock as the accident unfolded.,事故が起こるにつれて、傍観者たちはショックを受けて見ていた。,事故が起こるにつれて、傍観者たちはショックを受けて見ていた。,屈折IPAの原形化 / 例文の原形主語整合化
14106,dieter,B2,B2,ダイエットをする人,ダイエットをする人,/ˈdaɪətərz/,/dˈiːtɚ/,Many dieters try to eat less carbs.,Many dieter try to eat less carbs.,多くのダイエットをする人は、炭水化物を少なく食べようとします。,多くのダイエットをする人は、炭水化物を少なく食べようとします。,屈折IPAの原形化 / 例文の原形主語整合化
14110,dissonance,B2,B2,不協和音,不協和音,/ˈdɪsənəns/,/dˈɪsənəns/,The argument created dissonance in the team.,The argument created dissonance in the team.,その議論はチーム内に不協和音を生じさせた。,その議論はチーム内に不協和音を生じさせた。,屈折IPAの原形化
14117,eulogy,B2,B2,弔辞,弔辞,/ˈjuːlədʒiz/,/jˈuːlədʒiː/,Many people delivered eulogies at the funeral.,Many people delivered eulogies at the funeral.,多くの人々が葬儀で弔辞を述べた。,多くの人々が葬儀で弔辞を述べた。,屈折IPAの原形化
14126,fructose,B2,B2,果糖,果糖,/ˈfrʌˌktoʊs/,/frˈʌktˌoʊs/,Fructose is a natural sugar found in fruit.,Fructose is a natural sugar found in fruit.,果糖は果物に含まれる天然の糖である。,果糖は果物に含まれる天然の糖である。,屈折IPAの原形化
14130,graze,B2,B2,放牧する,放牧する,/ˈɡreɪz/,/ɡrˈeɪz/,The cows graze peacefully in the pasture.,The cows graze peacefully in the pasture.,牛たちは牧草地で穏やかに放牧されている。,牛たちは牧草地で穏やかに放牧されている。,屈折IPAの原形化
14137,improvise,B2,B2,即興でやる,即興でやる,/ˈɪmprəˌvaɪz/,/ˈɪmprəvˌaɪz/,They had to improvise the ending of the play.,They had to improvise the ending of the play.,彼らは劇の結末を即興でやらなければならなかった。,彼らは劇の結末を即興でやらなければならなかった。,屈折IPAの原形化
14151,mince,B2,B2,ひき肉にする,ひき肉にする,/ˈmɪns/,/mˈɪns/,He used a food processor to mince the meat.,He used a food processor to mince the meat.,彼は肉をひき肉にするためにフードプロセッサーを使った。,彼は肉をひき肉にするためにフードプロセッサーを使った。,屈折IPAの原形化
14152,monogram,B2,B2,モノグラム,モノグラム,/ˈmɑnəˌɡræmz/,/mˈɑːnəɡrˌæm/,The napkins were embroidered with the couple's monograms.,The napkins were embroidered with the couple's monogram.,ナプキンにはカップルのモノグラムが刺繍されていた。,ナプキンにはカップルのモノグラムが刺繍されていた。,屈折IPAの原形化 / 例文の原形主語整合化
14163,overuse,B2,B2,過剰使用,過剰使用,/ˌoʊvərˈjuːz/,/ˌoʊvɚjˈuːz/,Overuse of antibiotics can lead to resistance.,Overuse of antibiotics can lead to resistance.,抗生物質の過剰使用は耐性につながる可能性があります。,抗生物質の過剰使用は耐性につながる可能性があります。,屈折IPAの原形化
14172,racetrack,B2,B2,競馬場,競馬場,/ˈreɪˌstræks/,/rˈeɪstrˌæk/,The race cars sped around the racetracks.,The race cars sped around the racetrack.,レーシングカーは競馬場の周りを疾走した。,レーシングカーは競馬場の周りを疾走した。,屈折IPAの原形化 / 例文の原形主語整合化
14184,shortfall,B2,B2,不足,不足,/ˈʃɔˌrtfɔlz/,/ʃˈɔːrtfˌɔːl/,There were shortfalls in the budget.,There were shortfall in the budget.,予算に不足があった。,予算に不足があった。,屈折IPAの原形化 / 例文の原形主語整合化
14197,suture,B2,B2,縫合,縫合,/ˈsuːtʃərz/,/sˈuːtʃɚ/,The doctor used sutures to close the wound.,The doctor used suture to close the wound.,医師は傷を閉じるために縫合糸を使用した。,医師は傷を閉じるために縫合糸を使用した。,屈折IPAの原形化 / 例文の原形主語整合化
14213,adorn,B2,B2,飾る,飾る,/əˈdɔrnz/,/ədˈɔːrn/,The garden adorns the house.,The garden adorn the house.,庭が家を飾っています。,庭が家を飾っています。,屈折IPAの原形化 / 例文の原形主語整合化
14214,aggressor,B2,B2,侵略者,侵略者,/əˈɡrɛsərz/,/əɡrˈesɚ/,The aggressors attacked without warning.,The aggressor attacked without warning.,侵略者たちは警告なしに攻撃しました。,侵略者たちは警告なしに攻撃しました。,屈折IPAの原形化 / 例文の原形主語整合化
14247,evaporate,B2,B2,蒸発する,蒸発する,/ɪˈvæpərˌeɪts/,/ɪvˈæpɚˌeɪt/,The water evaporates quickly in the sun.,The water evaporate quickly in the sun.,水は太陽の下で急速に蒸発する。,水は太陽の下で急速に蒸発する。,屈折IPAの原形化 / 例文の原形主語整合化
14249,expat,B2,B2,駐在員,駐在員,/expats/,/expats/,Many expats live and work in Dubai.,Many expat live and work in Dubai.,多くの駐在員がドバイで生活し、働いている。,多くの駐在員がドバイで生活し、働いている。,例文の原形主語整合化
14251,eyelid,B2,B2,まぶた,まぶた,/ˈaɪˌlɪdz/,/ˈaɪlˌɪd/,She closed her eyelids and relaxed.,She closed her eyelid and relaxed.,彼女はまぶたを閉じてリラックスした。,私はまぶたを閉じてリラックスした。,屈折IPAの原形化 / 例文の原形主語整合化
14274,kilogram,B2,B2,キログラム,キログラム,/ˈkɪləˌɡræmz/,/kˈɪləɡrˌæm/,The bag weighed two kilograms.,The bag weighed two kilogram.,その袋は2キログラムの重さがあった。,その袋は2キログラムの重さがあった。,屈折IPAの原形化 / 例文の原形主語整合化
14296,pretense,B2,B2,見せかけ,見せかけ,/priˈtɛns/,/priːtˈens/,He kept up the pretense of being happy.,He kept up the pretense of being happy.,彼は幸せであるという見せかけを続けた。,彼は幸せであるという見せかけを続けた。,屈折IPAの原形化
14300,quart,B2,B2,クォート,クォート,/ˈkwɔrts/,/kwˈɔːrt/,I need two quarts of milk.,I need two quart of milk.,私は牛乳を2クォート必要です。,私は牛乳を2クォート必要です。,屈折IPAの原形化 / 例文の原形主語整合化
14319,shipper,B2,B2,荷送人,荷送人,/ˈʃɪpərz/,/ʃˈɪpɚ/,The shippers were delayed due to the bad weather.,The shipper were delayed due to the bad weather.,悪天候のため、荷送人は遅れた。,悪天候のため、荷送人は遅れた。,屈折IPAの原形化 / 例文の原形主語整合化
14325,sneaker,B2,B2,スニーカー,スニーカー,/ˈsniːkərz/,/snˈiːkɚ/,She bought new sneakers for running.,She bought new sneaker for running.,彼女はランニング用に新しいスニーカーを買いました。,私はランニング用に新しいスニーカーを買いました。,屈折IPAの原形化 / 例文の原形主語整合化
14329,stakeholder,B2,B2,利害関係者,利害関係者,/ˈsteɪˌkhoʊldərz/,/stˈeɪkhˌoʊldɚ/,The project team consulted with all stakeholders.,The project team consulted with all stakeholder.,プロジェクトチームはすべての利害関係者と協議した。,プロジェクトチームはすべての利害関係者と協議した。,屈折IPAの原形化 / 例文の原形主語整合化
14330,stanza,B2,B2,詩節,詩節,/ˈstænzə/,/ˈstænzə/,The poem is divided into several stanzas.,The poem is divided into several stanza.,その詩はいくつかの詩節に分かれている。,その詩はいくつかの詩節に分かれている。,例文の原形主語整合化
14331,stipend,B2,B2,奨学金,奨学金,/ˈstaɪpəndz/,/stˈaɪpənd/,The students receive stipends for their research work.,The students receive stipend for their research work.,学生たちは研究活動に対して奨学金を受け取っています。,学生たちは研究活動に対して奨学金を受け取っています。,屈折IPAの原形化 / 例文の原形主語整合化
14373,campaigner,B2,B2,運動家,運動家,/kæˈmpeɪnərz/,/kæmpˈeɪnɚ/,The campaigners are fighting for environmental protection.,The campaigner are fighting for environmental protection.,運動家たちは環境保護のために戦っている。,運動家たちは環境保護のために戦っている。,屈折IPAの原形化 / 例文の原形主語整合化
14374,chalice,B2,B2,聖杯,聖杯,/ˈtʃælɪs/,/tʃˈælɪs/,The chalice was used in the religious ceremony.,The chalice was used in the religious ceremony.,聖杯は宗教儀式で使用された。,聖杯は宗教儀式で使用された。,屈折IPAの原形化
14387,duchy,B2,B2,公国,公国,/duchies/,/dˈʌtʃiː/,The region was divided into several duchies.,The region was divided into several duchies.,その地域はいくつかの公国に分かれていた。,その地域はいくつかの公国に分かれていた。,屈折IPAの原形化
14395,femur,B2,B2,大腿骨,大腿骨,/ˈfiːmərz/,/fˈiːmɚ/,The doctor examined the femurs of the patient.,The doctor examined the femur of the patient.,医師は患者の大腿骨を診察した。,医師は患者の大腿骨を診察した。,屈折IPAの原形化 / 例文の原形主語整合化
14405,heretic,B2,B2,異端者,異端者,/ˈhɛrətɪks/,/hˈerətɪk/,"In the past, heretics were often persecuted.","In the past, heretic were often persecuted.",過去には、異端者はしばしば迫害された。,過去には、異端者はしばしば迫害された。,屈折IPAの原形化 / 例文の原形主語整合化
14418,locust,B2,B2,イナゴ,イナゴ,/ˈloʊkəsts/,/lˈoʊkəst/,The locusts devoured all the crops.,The locust devoured all the crops.,イナゴはすべての作物を食い尽くした。,イナゴはすべての作物を食い尽くした。,屈折IPAの原形化 / 例文の原形主語整合化
14428,nepali,B2,B2,ネパール人,ネパール人,/nəˈpɔlis/,/nəpˈɔːliː/,The Nepalis are known for their mountaineering skills.,The nepali are known for their mountaineering skills.,ネパール人は登山技術で知られている。,ネパール人は登山技術で知られている。,屈折IPAの原形化 / 例文の原形主語整合化
14429,normalize,B2,B2,正常化する,正常化する,/ˈnɔrməˌlaɪzɪz/,/nˈɔːrməlˌaɪz/,The therapy normalizes blood pressure.,The therapy normalize blood pressure.,その治療法は血圧を正常化する。,その治療法は血圧を正常化する。,屈折IPAの原形化 / 例文の原形主語整合化
14430,nucleotide,B2,B2,ヌクレオチド,ヌクレオチド,/ˈnuːkliəˌtaɪd/,/ˈnuːkliəˌtaɪd/,Nucleotides are the building blocks of DNA.,nucleotide are the building blocks of DNA.,ヌクレオチドはDNAの構成要素です。,ヌクレオチドはDNAの構成要素です。,例文の原形主語整合化
14435,peso,B2,B2,ペソ,ペソ,/ˈpeɪsoʊ/,/ˈpeɪsoʊ/,The price is 100 pesos.,The price is 100 peso.,値段は100ペソです。,値段は100ペソです。,例文の原形主語整合化
14457,shard,B2,B2,破片,破片,/ˈʃɑrdz/,/ʃˈɑːrd/,The shards of glass were scattered all over the floor.,The shard of glass were scattered all over the floor.,ガラスの破片が床一面に散らばっていました。,ガラスの破片が床一面に散らばっていました。,屈折IPAの原形化 / 例文の原形主語整合化
14462,spore,B2,B2,胞子,胞子,/ˈspɔr/,/ˈspɔr/,The fungus reproduces through spores.,The fungus reproduces through spore.,その菌類は胞子を通して繁殖する。,その菌類は胞子を通して繁殖する。,例文の原形主語整合化
14470,tenet,B2,B2,教義,教義,/ˈtɛnəts/,/tˈenət/,The tenets of the religion were strictly followed.,The tenet of the religion were strictly followed.,その宗教の教義は厳格に守られていた。,その宗教の教義は厳格に守られていた。,屈折IPAの原形化 / 例文の原形主語整合化
14471,theologian,B2,B2,神学者,神学者,/ˌθiːəˈloʊdʒənz/,/θˌiːəlˈoʊdʒiːən/,Theologians have debated the nature of God for centuries.,theologian have debated the nature of God for centuries.,神学者たちは何世紀にもわたって神の本質について議論してきた。,神学者たちは何世紀にもわたって神の本質について議論してきた。,屈折IPAの原形化 / 例文の原形主語整合化
14476,travesty,B2,B2,まがい物、茶番,まがい物、茶番,/ˈtrævəstiz/,/trˈævəstiː/,The trial was a travesty of justice.,The trial was a travesty of justice.,その裁判は正義のまがい物だった。,その裁判は正義のまがい物だった。,屈折IPAの原形化
14494,bustle,B2,B2,せわしなく動く,せわしなく動く,/ˈbʌsəlz/,/bˈʌsəl/,The city bustles with activity in the morning.,The city bustle with activity in the morning.,朝、都市は活気に満ちてせわしなく動く。,朝、都市は活気に満ちてせわしなく動く。,屈折IPAの原形化 / 例文の原形主語整合化
14500,deduce,B2,B2,推論する,推論する,/dɪˈduːs/,/dɪdˈuːs/,We can deduce from his behavior that he is not happy.,We can deduce from his behavior that he is not happy.,彼の行動から、彼が幸せでないと推論できる。,彼の行動から、彼が幸せでないと推論できる。,屈折IPAの原形化
14506,firework,B2,B2,花火,花火,/ˈfaɪˌrwɜːrks/,/fˈaɪrwˌɜːrk/,The fireworks display was amazing.,The firework display was amazing.,花火の打ち上げは素晴らしかった。,花火の打ち上げは素晴らしかった。,屈折IPAの原形化 / 例文の原形主語整合化
14509,practicality,B2,B2,現実的な側面,現実的な側面,/practicalities/,/prˌæktɪkˈælətiː/,Let's consider the practicalities of this plan.,Let's consider the practicalities of this plan.,この計画の現実的な側面を考慮してみよう。,この計画の現実的な側面を考慮してみよう。,屈折IPAの原形化
14510,radiate,B2,B2,放射する,放射する,/ˈreɪdiˌeɪts/,/rˈeɪdiːət/,The sun radiates heat and light.,The sun radiate heat and light.,太陽は熱と光を放射する。,太陽は熱と光を放射する。,屈折IPAの原形化 / 例文の原形主語整合化
14511,sonnet,B2,B2,ソネット（十四行詩）,ソネット（十四行詩）,/ˈsɑnɪt/,/ˈsɑnɪt/,Shakespeare wrote many famous sonnets.,Shakespeare wrote many famous sonnet.,シェイクスピアは多くの有名なソネットを書いた。,シェイクスピアは多くの有名なソネットを書いた。,例文の原形主語整合化
14512,taunt,B2,B2,嘲る、中傷する,嘲る、中傷する,/ˈtɔnts/,/tˈɔːnt/,The bully taunts his classmates.,The bully taunt his classmates.,そのいじめっ子はクラスメートを嘲る。,そのいじめっ子はクラスメートを嘲る。,屈折IPAの原形化 / 例文の原形主語整合化
14518,immerse,B2,B2,浸す,浸す,/ɪˈmɜːrs/,/ɪmˈɜːrs/,She decided to immerse herself in the local culture.,She decided to immerse herself in the local culture.,彼女は現地の文化に浸ることに決めた。,彼女は現地の文化に浸ることに決めた。,屈折IPAの原形化
14519,mausoleum,B2,B2,霊廟,霊廟,/ˌmɔsəˈliːəmz/,/mˌɔːsəlˈiːəm/,Many emperors were buried in grand mausoleums.,Many emperors were buried in grand mausoleum.,多くの皇帝が壮大な霊廟に埋葬された。,多くの皇帝が壮大な霊廟に埋葬された。,屈折IPAの原形化 / 例文の原形主語整合化
14528,mumble,B2,B2,つぶやく,つぶやく,/ˈmʌmbəl/,/ˈmʌmbəl/,He mumbles when he speaks.,I mumble when he speaks.,彼は話すときにつぶやきます。,私は話すときにつぶやきます。,例文の原形主語整合化
14530,arouse,B2,B2,呼び起こす,呼び起こす,/ərˈaʊzɪz/,/ɚˈaʊz/,The music arouses feelings of nostalgia.,The music arouse feelings of nostalgia.,その音楽は郷愁の念を呼び起こす。,その音楽は郷愁の念を呼び起こす。,屈折IPAの原形化 / 例文の原形主語整合化
14531,dandelion,B2,B2,タンポポ,タンポポ,/ˈdændəˌlaɪənz/,/dˈændəlˌaɪən/,The field was full of yellow dandelions.,The field was full of yellow dandelion.,その野原は黄色いタンポポでいっぱいだった。,その野原は黄色いタンポポでいっぱいだった。,屈折IPAの原形化 / 例文の原形主語整合化
14533,orator,B2,B2,演説者、弁論家,演説者、弁論家,/ˈɔrətərz/,/ˈɔːrətɚ/,The orators delivered powerful speeches that moved the audience.,The orator delivered powerful speeches that moved the audience.,演説者たちは、聴衆を感動させる力強い演説を行った。,演説者たちは、聴衆を感動させる力強い演説を行った。,屈折IPAの原形化 / 例文の原形主語整合化
14539,shopkeeper,B2,B2,店主,店主,/ˈʃɑˌpkiːpərz/,/ʃˈɑːpkˌiːpɚ/,The shopkeepers were very friendly.,The shopkeeper were very friendly.,店主たちはとてもフレンドリーだった。,店主たちはとてもフレンドリーだった。,屈折IPAの原形化 / 例文の原形主語整合化
14541,subside,B2,B2,収まる,収まる,/səˈbsaɪdz/,/səbsˈaɪd/,The storm eventually subsides.,The storm eventually subside.,嵐はやがて収まる。,嵐はやがて収まる。,屈折IPAの原形化 / 例文の原形主語整合化
14543,prawn,B2,B2,エビ,エビ,/ˈprɔnz/,/prˈɔːn/,We ordered a dish of grilled prawns.,We ordered a dish of grilled prawn.,私たちは焼きエビ料理を注文した。,私たちは焼きエビ料理を注文した。,屈折IPAの原形化 / 例文の原形主語整合化
14545,precede,B2,B2,～に先行する,～に先行する,/prɪˈsiːdz/,/prɪsˈiːd/,The introduction precedes the main body of the report.,The introduction precede the main body of the report.,導入はレポートの本文に先行する。,導入はレポートの本文に先行する。,屈折IPAの原形化 / 例文の原形主語整合化
14552,eloquence,B2,B2,雄弁,雄弁,/ˈɛləkwəns/,/ˈeləkwəns/,His eloquence impressed the audience.,His eloquence impressed the audience.,彼の雄弁さは聴衆を感動させた。,彼の雄弁さは聴衆を感動させた。,屈折IPAの原形化
14555,tropic,B2,B2,熱帯地方,熱帯地方,/ˈtrɑpɪks/,/trˈɑːpɪk/,They decided to take their vacation in the tropics.,They decided to take their vacation in the tropic.,彼らは熱帯地方で休暇を過ごすことに決めた。,彼らは熱帯地方で休暇を過ごすことに決めた。,屈折IPAの原形化 / 例文の原形主語整合化
14560,playmate,B2,B2,遊び仲間,遊び仲間,/ˈpleɪˌmeɪts/,/plˈeɪmˌeɪt/,The kids were playing together with their playmates.,The kids were playing together with their playmate.,子供たちは遊び仲間と一緒に遊んでいました。,子供たちは遊び仲間と一緒に遊んでいました。,屈折IPAの原形化 / 例文の原形主語整合化
14569,bellow,B2,B2,ふいご,ふいご,/ˈbɛloʊz/,/bˈeloʊ/,The blacksmith used bellows to heat the forge.,The blacksmith used bellow to heat the forge.,鍛冶屋は炉を熱するためにふいごを使った。,鍛冶屋は炉を熱するためにふいごを使った。,屈折IPAの原形化 / 例文の原形主語整合化
14571,benevolence,B2,B2,慈悲,慈悲,/bəˈnɛvələns/,/bənˈevələns/,He showed great benevolence to the poor.,He showed great benevolence to the poor.,彼は貧しい人々に大きな慈悲を示した。,彼は貧しい人々に大きな慈悲を示した。,屈折IPAの原形化
14574,unease,B2,B2,不安、不快感,不安、不快感,/əˈniːz/,/ənˈiːz/,She felt a growing sense of unease about the situation.,She felt a growing sense of unease about the situation.,彼女はその状況について増大する不安を感じた。,彼女はその状況について増大する不安を感じた。,屈折IPAの原形化
14576,mutter,B2,B2,つぶやく,つぶやく,/ˈmʌtərz/,/mˈʌtɚ/,He often mutters to himself when he is nervous.,He often mutter to himself when he is nervous.,彼は緊張するとよく独り言をつぶやく。,私は緊張するとよく独り言をつぶやく。,屈折IPAの原形化 / 例文の原形主語整合化
14577,nostril,B2,B2,鼻の穴,鼻の穴,/ˈnɑstrəlz/,/nˈɑːstrɪl/,His nostrils flared in anger.,His nostril flared in anger.,怒りで彼の鼻の穴が広がった。,怒りで彼の鼻の穴が広がった。,屈折IPAの原形化 / 例文の原形主語整合化
14580,inhabitant,B2,B2,居住者,居住者,/ɪˈnhæbətənt/,/ɪˈnhæbətənt/,The inhabitants of the island are friendly.,The inhabitant of the island are friendly.,島の居住者たちは友好的だ。,島の居住者たちは友好的だ。,例文の原形主語整合化
14581,permanence,B2,B2,永続性,永続性,/ˈpɜːrmənəns/,/pˈɜːrmənəns/,He sought permanence in his work.,He sought permanence in his work.,彼は自分の仕事に永続性を求めた。,彼は自分の仕事に永続性を求めた。,屈折IPAの原形化
14587,fingernail,B2,B2,爪,爪,/ˈfɪŋɡərˌneɪlz/,/fˈɪŋɡɚnˌeɪl/,She painted her fingernails red.,She painted her fingernail red.,彼女は爪を赤く塗った。,私は爪を赤く塗った。,屈折IPAの原形化 / 例文の原形主語整合化
14595,sneer,B2,B2,あざ笑い、冷笑,あざ笑い、冷笑,/ˈsnɪrz/,/snˈɪr/,She responded to his sneers with a calm voice.,She responded to his sneer with a calm voice.,彼女は彼のあざ笑いに穏やかな声で答えた。,私は彼のあざ笑いに穏やかな声で答えた。,屈折IPAの原形化 / 例文の原形主語整合化
14600,subplot,B2,B2,副筋、サブプロット,副筋、サブプロット,/ˈsʌbplɑt/,/ˈsʌbplɑt/,The movie had several interesting subplots.,The movie had several interesting subplot.,その映画にはいくつかの興味深いサブプロットがあった。,その映画にはいくつかの興味深いサブプロットがあった。,例文の原形主語整合化
14601,tablecloth,B2,B2,テーブルクロス,テーブルクロス,/ˈteɪbəˌlklɔθs/,/tˈeɪbəlklˌɔːθ/,We need to change the tablecloths.,We need to change the tablecloth.,テーブルクロスを交換する必要があります。,テーブルクロスを交換する必要があります。,屈折IPAの原形化 / 例文の原形主語整合化
14603,oversize,B2,B2,特大の,特大の,/ˌoʊvərˈsaɪz/,/ˌoʊvɚsˈaɪz/,The shirt was oversize for him.,The shirt was oversize for him.,そのシャツは彼には特大だった。,そのシャツは彼には特大だった。,屈折IPAの原形化
14606,pessimist,B2,B2,悲観論者,悲観論者,/ˈpɛsəmɪsts/,/pˈesəməst/,Pessimists often focus on the negative aspects of things.,pessimist often focus on the negative aspects of things.,悲観論者はしばしば物事の否定的な側面に焦点を当てる。,悲観論者はしばしば物事の否定的な側面に焦点を当てる。,屈折IPAの原形化 / 例文の原形主語整合化
14610,gravestone,B2,B2,墓石,墓石,/ˈɡreɪˌvstoʊnz/,/ɡrˈeɪvstˌoʊn/,The gravestones were weathered by time.,The gravestone were weathered by time.,墓石は時の経過とともに風化した。,墓石は時の経過とともに風化した。,屈折IPAの原形化 / 例文の原形主語整合化
14613,downsize,B2,B2,縮小する,縮小する,/ˈdaʊˌnsaɪz/,/dˈaʊnsˌaɪz/,The company decided to downsize their workforce.,The company decided to downsize their workforce.,会社は人員を削減することを決定した。,会社は人員を削減することを決定した。,屈折IPAの原形化
14614,handicraft,B2,B2,手工芸品,手工芸品,/ˈhændiˌkræft/,/ˈhændiˌkræft/,The local market sells beautiful handicrafts made by villagers.,The local market sells beautiful handicraft made by villagers.,地元の市場では、村人たちが作った美しい手工芸品が売られている。,地元の市場では、村人たちが作った美しい手工芸品が売られている。,例文の原形主語整合化
14621,fume,B2,B2,煙,煙,/ˈfjuːmz/,/fjˈuːm/,The fumes from the factory were toxic.,The fume from the factory were toxic.,工場からの煙は有毒だった。,工場からの煙は有毒だった。,屈折IPAの原形化 / 例文の原形主語整合化
14622,microbe,B2,B2,微生物,微生物,/ˈmaɪˌkroʊbz/,/mˈaɪkrˌoʊb/,Microbes are found everywhere in the world.,microbe are found everywhere in the world.,微生物は世界のどこにでも見られる。,微生物は世界のどこにでも見られる。,屈折IPAの原形化 / 例文の原形主語整合化
14632,exalt,B2,B2,高める,高める,/ɪˈɡzɔlts/,/ɪɡzˈɔːlt/,The poem exalts the beauty of nature.,The poem exalt the beauty of nature.,その詩は、自然の美しさを高めている。,その詩は、自然の美しさを高めている。,屈折IPAの原形化 / 例文の原形主語整合化
14637,ravage,B2,B2,破壊、荒廃,破壊、荒廃,/ˈrævɪdʒɪz/,/rˈævɪdʒ/,The storm left a trail of ravages.,The storm left a trail of ravage.,嵐は破壊の跡を残した。,嵐は破壊の跡を残した。,屈折IPAの原形化 / 例文の原形主語整合化
14641,rafter,B2,B2,垂木（たるき）,垂木（たるき）,/ˈræftərz/,/rˈæftɚ/,The old barn had exposed rafters.,The old barn had exposed rafter.,その古い納屋にはむき出しの垂木があった。,その古い納屋にはむき出しの垂木があった。,屈折IPAの原形化 / 例文の原形主語整合化
14646,newscaster,B2,B2,ニュースキャスター,ニュースキャスター,/ˈnuːˌzkæstərz/,/nˈuːzkˌæstɚ/,The newscasters reported the latest events.,The newscaster reported the latest events.,ニュースキャスターは最新の出来事を報道した。,ニュースキャスターは最新の出来事を報道した。,屈折IPAの原形化 / 例文の原形主語整合化
14647,paratrooper,B2,B2,落下傘兵,落下傘兵,/ˈpɛrəˌtruːpərz/,/pˈerətrˌuːpɚ/,The paratroopers jumped from the plane into the combat zone.,The paratrooper jumped from the plane into the combat zone.,落下傘兵は戦闘地域へ飛行機から飛び降りた。,落下傘兵は戦闘地域へ飛行機から飛び降りた。,屈折IPAの原形化 / 例文の原形主語整合化
14649,blurt,B2,B2,うっかり口にする,うっかり口にする,/ˈblɜːrts/,/blˈɜːrt/,She sometimes blurts things out without thinking.,She sometimes blurt things out without thinking.,彼女は時々考えずにうっかり口にしてしまう。,私は時々考えずにうっかり口にしてしまう。,屈折IPAの原形化 / 例文の原形主語整合化
14660,handrail,B2,B2,手すり,手すり,/ˈhæˌndreɪlz/,/hˈændrˌeɪl/,The stairs have handrails.,The stairs have handrail.,その階段には手すりが付いている。,その階段には手すりが付いている。,屈折IPAの原形化 / 例文の原形主語整合化
14662,microorganism,B2,B2,微生物,微生物,/ˌmaɪkroʊˈɔrɡəˌnɪzəmz/,/mˌaɪkroʊˈɔːrɡənˌɪzəm/,Microorganisms are found everywhere.,microorganism are found everywhere.,微生物はどこにでも存在する。,微生物はどこにでも存在する。,屈折IPAの原形化 / 例文の原形主語整合化
14667,smokestack,B2,B2,煙突,煙突,/ˈsmoʊˌkstæks/,/smˈoʊkstˌæk/,The factory has several smokestacks.,The factory has several smokestack.,その工場にはいくつかの煙突がある。,その工場にはいくつかの煙突がある。,屈折IPAの原形化 / 例文の原形主語整合化
14673,ferryboat,B2,B2,フェリー,フェリー,/ˈfɛriˌboʊts/,/fˈeriːbˌoʊt/,The ferryboats carry passengers across the river.,The ferryboat carry passengers across the river.,フェリーは乗客を川を渡って運びます。,フェリーは乗客を川を渡って運びます。,屈折IPAの原形化 / 例文の原形主語整合化
14676,habitant,B2,B2,住民,住民,/habitants/,/habitants/,The habitants of the island are very welcoming.,The habitant of the island are very welcoming.,その島の住民はとても歓迎的だ。,その島の住民はとても歓迎的だ。,例文の原形主語整合化
14681,total,C1,C1,合計,合計,/ˈtoʊtəlz/,/tˈoʊtəl/,The totals were calculated at the end of the month.,The total were calculated at the end of the month.,合計は月末に計算された。,合計は月末に計算された。,屈折IPAの原形化 / 例文の原形主語整合化
14683,pop,C1,C1,はじける,はじける,/ˈpɑps/,/pˈɑːp/,The popcorn pops in the microwave.,The popcorn pop in the microwave.,ポップコーンが電子レンジではじける。,ポップコーンが電子レンジではじける。,屈折IPAの原形化 / 例文の原形主語整合化
14689,vice,C1,C1,悪徳,悪徳,/ˈvaɪs/,/vˈaɪs/,Gambling can be a vice for some.,Gambling can be a vice for some.,ギャンブルは一部の人にとって悪徳になりえます。,ギャンブルは一部の人にとって悪徳になりえます。,屈折IPAの原形化
14690,attorney,C1,C1,弁護士,弁護士,/əˈtɜːrniz/,/ətˈɜːrniː/,They hired attorneys to represent them.,They hired attorney to represent them.,彼らは自分たちを代表する弁護士を雇った。,彼らは自分たちを代表する弁護士を雇った。,屈折IPAの原形化 / 例文の原形主語整合化
14691,ray,C1,C1,光線,光線,/ˈreɪ/,/ˈreɪ/,The sun's rays were very strong.,The sun's ray were very strong.,太陽光線は非常に強かった。,太陽光線は非常に強かった。,例文の原形主語整合化
14693,squad,C1,C1,分隊,分隊,/ˈskwɑdz/,/skwˈɑːd/,The squads were practicing drills.,The squad were practicing drills.,分隊は訓練を練習していた。,分隊は訓練を練習していた。,屈折IPAの原形化 / 例文の原形主語整合化
14694,abuse,C1,C1,虐待,虐待,/əˈbjuːs/,/əbjˈuːs/,The child suffered abuse at home.,The child suffered abuse at home.,その子供は家庭で虐待を受けた。,その子供は家庭で虐待を受けた。,屈折IPAの原形化
14697,ministry,C1,C1,省庁,省庁,/ˈmɪnɪstriz/,/mˈɪnəstriː/,The various ministries are located in the capital.,The various ministries are located in the capital.,さまざまな省庁が首都にあります。,さまざまな省庁が首都にあります。,屈折IPAの原形化
14711,constitution,C1,C1,憲法,憲法,/ˌkɑnstɪˈtuːʃənz/,/kˌɑːnstətˈuːʃən/,The constitution protects individual rights.,The constitution protects individual rights.,憲法は個人の権利を保護しています。,憲法は個人の権利を保護しています。,屈折IPAの原形化
14713,crown,C1,C1,王冠,王冠,/ˈkraʊnz/,/krˈaʊn/,The queen wore a beautiful crown.,The queen wore a beautiful crown.,女王は美しい王冠をかぶっていた。,女王は美しい王冠をかぶっていた。,屈折IPAの原形化
14715,grace,C1,C1,優雅さ,優雅さ,/ˈɡreɪs/,/ɡrˈeɪs/,She danced with grace and elegance.,She danced with grace and elegance.,彼女は優雅さと気品をもって踊った。,彼女は優雅さと気品をもって踊った。,屈折IPAの原形化
14723,maintenance,C1,C1,保守,保守,/ˈmeɪntənəns/,/mˈeɪntənəns/,The car needs regular maintenance.,The car needs regular maintenance.,その車は定期的な保守が必要だ。,その車は定期的な保守が必要だ。,屈折IPAの原形化
14724,resistance,C1,C1,抵抗、抵抗力,抵抗、抵抗力,/rɪˈzɪstənsz/,/rɪzˈɪstəns/,The bacteria developed resistances to the antibiotics.,The bacteria developed resistance to the antibiotics.,その細菌は抗生物質に対する抵抗力を発達させた。,その細菌は抗生物質に対する抵抗力を発達させた。,屈折IPAの原形化 / 例文の原形主語整合化
14726,marine,C1,C1,海兵隊,海兵隊,/mərˈiːnz/,/mɚˈiːn/,The marines landed on the beach.,The marine landed on the beach.,海兵隊はビーチに上陸した。,海兵隊はビーチに上陸した。,屈折IPAの原形化 / 例文の原形主語整合化
14728,reform,C1,C1,改革、改善,改革、改善,/rəˈfɔrmz/,/rəfˈɔːrm/,The government introduced several economic reforms.,The government introduced several economic reform.,政府はいくつかの経済改革を導入した。,政府はいくつかの経済改革を導入した。,屈折IPAの原形化 / 例文の原形主語整合化
14730,license,C1,C1,免許,免許,/ˈlaɪsəns/,/lˈaɪsəns/,You need a license to drive a car.,You need a license to drive a car.,あなたは車を運転するために免許が必要です。,あなたは車を運転するために免許が必要です。,屈折IPAの原形化
14735,cabinet,C1,C1,キャビネット,キャビネット,/ˈkæbənəts/,/kˈæbənət/,The kitchen has new cabinets.,The kitchen has new cabinet.,キッチンには新しいキャビネットがあります。,キッチンには新しいキャビネットがあります。,屈折IPAの原形化 / 例文の原形主語整合化
14738,rape,C1,C1,レイプ,レイプ,/ˈreɪps/,/rˈeɪp/,The statistics showed a rise in reported rapes.,The statistics showed a rise in reported rape.,統計は報告されたレイプの増加を示した。,統計は報告されたレイプの増加を示した。,屈折IPAの原形化 / 例文の原形主語整合化
14741,province,C1,C1,州,州,/ˈprɑvəns/,/prˈɑːvəns/,He lives in a rural province.,He lives in a rural province.,彼は田舎の州に住んでいます。,彼は田舎の州に住んでいます。,屈折IPAの原形化
14745,superior,C1,C1,上司,上司,/suˈpɪriərz/,/suːpˈɪriːɚ/,She reported to her superiors.,She reported to her superior.,彼女は上司に報告した。,私は上司に報告した。,屈折IPAの原形化 / 例文の原形主語整合化
14755,replacement,C1,C1,交換,交換,/riˈpleɪsmənts/,/rɪplˈeɪsmənt/,The store sells replacements for broken parts.,The store sells replacement for broken parts.,その店は壊れた部品の交換品を販売している。,その店は壊れた部品の交換品を販売している。,屈折IPAの原形化 / 例文の原形主語整合化
14756,thread,C1,C1,糸,糸,/ˈθrɛdz/,/θrˈed/,The threads are tangled.,The thread are tangled.,糸が絡まっている。,糸が絡まっている。,屈折IPAの原形化 / 例文の原形主語整合化
14765,memorial,C1,C1,記念碑,記念碑,/məˈmɔriəlz/,/məmˈɔːriːəl/,The war memorials are placed to remember the fallen soldiers.,The war memorial are placed to remember the fallen soldiers.,戦争記念碑は、戦没した兵士を偲ぶために設置されています。,戦争記念碑は、戦没した兵士を偲ぶために設置されています。,屈折IPAの原形化 / 例文の原形主語整合化
14767,alliance,C1,C1,同盟,同盟,/əˈlaɪəns/,/əlˈaɪəns/,The countries formed an alliance to fight against terrorism.,The countries formed an alliance to fight against terrorism.,各国はテロと戦うために同盟を結成した。,各国はテロと戦うために同盟を結成した。,屈折IPAの原形化
14769,crystal,C1,C1,結晶,結晶,/ˈkrɪstəlz/,/krˈɪstəl/,The cave was filled with beautiful crystals.,The cave was filled with beautiful crystal.,洞窟は美しい結晶で満たされていました。,洞窟は美しい結晶で満たされていました。,屈折IPAの原形化 / 例文の原形主語整合化
14770,elite,C1,C1,エリート,エリート,/ɪˈliːts/,/ɪlˈiːt/,The elites often have different access to resources.,The elite often have different access to resources.,エリートはしばしば資源への異なるアクセスを持つ。,エリートはしばしば資源への異なるアクセスを持つ。,屈折IPAの原形化 / 例文の原形主語整合化
14775,idiot,C1,C1,ばか,ばか,/ˈɪdiəts/,/ˈɪdiːət/,Don't be an idiot!,Don't be an idiot!,ばかになるな！,ばかになるな！,屈折IPAの原形化
14777,bishop,C1,C1,司教,司教,/ˈbɪʃəps/,/bˈɪʃəp/,The bishops gathered for the council meeting.,The bishop gathered for the council meeting.,司教たちは会議のために集まった。,司教たちは会議のために集まった。,屈折IPAの原形化 / 例文の原形主語整合化
14780,enterprise,C1,C1,企業,企業,/ˈɛntərˌpraɪz/,/ˈentɚprˌaɪz/,He started his own enterprise.,He started his own enterprise.,彼は自分の企業を始めた。,彼は自分の企業を始めた。,屈折IPAの原形化
14781,mill,C1,C1,工場、製粉所,工場、製粉所,/ˈmɪlz/,/mˈɪl/,The old mills were still standing.,The old mill were still standing.,古い工場はまだ残っていた。,古い工場はまだ残っていた。,屈折IPAの原形化 / 例文の原形主語整合化
14782,spin,C1,C1,回転する,回転する,/ˈspɪnz/,/spˈɪn/,The earth spins on its axis.,The earth spin on its axis.,地球は地軸を中心に回転する。,地球は地軸を中心に回転する。,屈折IPAの原形化 / 例文の原形主語整合化
14784,commerce,C1,C1,商業,商業,/ˈkɑmərs/,/kˈɑːmɚs/,The city is a major hub for international commerce.,The city is a major hub for international commerce.,その都市は国際商業の主要な拠点である。,その都市は国際商業の主要な拠点である。,屈折IPAの原形化
14786,funeral,C1,C1,葬式,葬式,/ˈfjuːnərəlz/,/fjˈuːnɚəl/,They attended the funeral of their friend.,They attended the funeral of their friend.,彼らは友人の葬式に参列した。,彼らは友人の葬式に参列した。,屈折IPAの原形化
14789,log,C1,C1,丸太,丸太,/ˈlɔɡz/,/lˈɔːɡ/,The logs were piled up by the river.,The log were piled up by the river.,丸太は川のそばに積み上げられていました。,丸太は川のそばに積み上げられていました。,屈折IPAの原形化 / 例文の原形主語整合化
14792,reverse,C1,C1,逆にする,逆にする,/rɪˈvɜːrs/,/rɪvˈɜːrs/,He reversed the car into the parking spot.,He reversed the car into the parking spot.,彼は車をバックで駐車スペースに入れた。,彼は車をバックで駐車スペースに入れた。,屈折IPAの原形化
14798,glory,C1,C1,栄光,栄光,/ˈɡlɔriz/,/ɡlˈɔːriː/,The glories of ancient Rome are still admired today.,The glories of ancient Rome are still admired today.,古代ローマの栄光は今日でも賞賛されている。,古代ローマの栄光は今日でも賞賛されている。,屈折IPAの原形化
14801,residence,C1,C1,住居,住居,/ˈrɛzɪdəns/,/rˈezɪdəns/,This is their official residence.,This is their official residence.,これは彼らの公式住居です。,これは彼らの公式住居です。,屈折IPAの原形化
14802,strip,C1,C1,ストリップ,ストリップ,/ˈstrɪps/,/strˈɪp/,He cut the paper into strips.,He cut the paper into strip.,彼は紙をストリップ状に切った。,私は紙をストリップ状に切った。,屈折IPAの原形化 / 例文の原形主語整合化
14803,ambassador,C1,C1,大使,大使,/æˈmbæsədərz/,/æmbˈæsədɚ/,The ambassadors met to discuss the treaty.,The ambassador met to discuss the treaty.,大使たちは条約について話し合うために会った。,大使たちは条約について話し合うために会った。,屈折IPAの原形化 / 例文の原形主語整合化
14808,absence,C1,C1,欠席,欠席,/ˈæbsənsɪz/,/ˈæbsəns/,The teacher recorded the absences in the register.,The teacher recorded the absence in the register.,先生は出席簿に欠席を記録しました。,先生は出席簿に欠席を記録しました。,屈折IPAの原形化 / 例文の原形主語整合化
14812,rally,C1,C1,集会,集会,/ˈræliz/,/rˈæliː/,The supporters held several rallies to protest the policy.,The supporters held several rallies to protest the policy.,支持者たちは政策に抗議するためにいくつかの集会を開いた。,支持者たちは政策に抗議するためにいくつかの集会を開いた。,屈折IPAの原形化
14816,alert,C1,C1,警告,警告,/əˈlɜːrts/,/əlˈɜːrt/,The app sends alerts when a new message arrives.,The app sends alert when a new message arrives.,新しいメッセージが届くと、アプリは警告を送る。,新しいメッセージが届くと、アプリは警告を送る。,屈折IPAの原形化 / 例文の原形主語整合化
14817,arena,C1,C1,競技場,競技場,/ərˈiːnəz/,/ɚˈiːnə/,The games were held in large arenas.,The games were held in large arena.,試合は大きな競技場で開催された。,試合は大きな競技場で開催された。,屈折IPAの原形化 / 例文の原形主語整合化
14818,boom,C1,C1,ブーム,ブーム,/ˈbuːmz/,/bˈuːm/,The city is experiencing an economic boom.,The city is experiencing an economic boom.,その都市は経済ブームを経験している。,その都市は経済ブームを経験している。,屈折IPAの原形化
14825,guidance,C1,C1,指導,指導,/ˈɡaɪdəns/,/ɡˈaɪdəns/,He asked for guidance on his career path.,He asked for guidance on his career path.,彼は自分のキャリアパスについて指導を求めた。,彼は自分のキャリアパスについて指導を求めた。,屈折IPAの原形化
14833,blast,C1,C1,爆風,爆風,/ˈblæsts/,/blˈæst/,The blasts were heard miles away.,The blast were heard miles away.,爆風は何マイルも離れた場所で聞こえた。,爆風は何マイルも離れた場所で聞こえた。,屈折IPAの原形化 / 例文の原形主語整合化
14834,communist,C1,C1,共産主義者,共産主義者,/ˈkɑmjənəsts/,/kˈɑːmjənəst/,The communists held a demonstration in the square.,The communist held a demonstration in the square.,共産主義者たちは広場でデモを行った。,共産主義者たちは広場でデモを行った。,屈折IPAの原形化 / 例文の原形主語整合化
14836,humanity,C1,C1,人文科学,人文科学,/hjuˈmænɪtiz/,/hjuːmˈænɪtiː/,She studied humanities in college.,She studied humanities in college.,彼女は大学で人文科学を学んだ。,彼女は大学で人文科学を学んだ。,屈折IPAの原形化
14842,discrimination,C1,C1,差別,差別,/dɪˌskrɪməˈneɪʃənz/,/dɪskrˌɪmənˈeɪʃən/,We must fight against all forms of discriminations.,We must fight against all forms of discrimination.,私たちはあらゆる形の差別と戦わなければならない。,私たちはあらゆる形の差別と戦わなければならない。,屈折IPAの原形化 / 例文の原形主語整合化
14843,domain,C1,C1,領域、領土,領域、領土,/doʊˈmeɪnz/,/doʊmˈeɪn/,The king ruled over vast domains.,The king ruled over vast domain.,その王は広大な領域を支配した。,その王は広大な領域を支配した。,屈折IPAの原形化 / 例文の原形主語整合化
14852,bat,C1,C1,コウモリ,コウモリ,/ˈbæts/,/bˈæt/,We saw bats flying at dusk.,We saw bat flying at dusk.,私たちは夕暮れ時にコウモリが飛んでいるのを見ました。,私たちは夕暮れ時にコウモリが飛んでいるのを見ました。,屈折IPAの原形化 / 例文の原形主語整合化
14853,bow,C1,C1,お辞儀,お辞儀,/ˈbaʊz/,/bˈaʊ/,He bows to the audience.,I bow to the audience.,彼は観客にお辞儀をする。,私は観客にお辞儀をする。,屈折IPAの原形化 / 例文の原形主語整合化
14855,craft,C1,C1,工芸品,工芸品,/ˈkræfts/,/krˈæft/,They sell handmade crafts at the market.,They sell handmade craft at the market.,彼らは市場で手作りの工芸品を販売している。,彼らは市場で手作りの工芸品を販売している。,屈折IPAの原形化 / 例文の原形主語整合化
14856,devil,C1,C1,悪魔,悪魔,/ˈdɛvəlz/,/dˈevəl/,He was dressed as a devil for Halloween.,He was dressed as a devil for Halloween.,彼はハロウィーンのために悪魔の格好をしていた。,彼はハロウィーンのために悪魔の格好をしていた。,屈折IPAの原形化
14862,seal,C1,C1,アザラシ,アザラシ,/ˈsiːlz/,/sˈiːl/,Seals can be found on the rocky shores.,seal can be found on the rocky shores.,アザラシは岩の多い海岸で見つけることができる。,アザラシは岩の多い海岸で見つけることができる。,屈折IPAの原形化 / 例文の原形主語整合化
14863,stem,C1,C1,茎,茎,/ˈstɛmz/,/stˈem/,The flowers have long stems.,The flowers have long stem.,花は長い茎を持っている。,花は長い茎を持っている。,屈折IPAの原形化 / 例文の原形主語整合化
14865,beast,C1,C1,獣,獣,/ˈbiːsts/,/bˈiːst/,The forest was full of wild beasts.,The forest was full of wild beast.,その森は野生の獣でいっぱいだった。,その森は野生の獣でいっぱいだった。,屈折IPAの原形化 / 例文の原形主語整合化
14866,carrier,C1,C1,運搬業者,運搬業者,/ˈkæriərz/,/kˈæriːɚ/,The company uses various carriers to deliver goods.,The company uses various carrier to deliver goods.,その会社は商品を配達するために様々な運搬業者を利用している。,その会社は商品を配達するために様々な運搬業者を利用している。,屈折IPAの原形化 / 例文の原形主語整合化
14870,franchise,C1,C1,フランチャイズ,フランチャイズ,/ˈfræˌntʃaɪz/,/frˈæntʃˌaɪz/,He owns a franchise of a popular restaurant chain.,He owns a franchise of a popular restaurant chain.,彼は人気のあるレストランチェーンのフランチャイズを所有している。,彼は人気のあるレストランチェーンのフランチャイズを所有している。,屈折IPAの原形化
14874,sacrifice,C1,C1,犠牲,犠牲,/ˈsækrəˌfaɪs/,/sˈækrəfˌaɪs/,He made a great sacrifice for his family.,He made a great sacrifice for his family.,彼は家族のために大きな犠牲を払った。,彼は家族のために大きな犠牲を払った。,屈折IPAの原形化
14876,worship,C1,C1,崇拝する,崇拝する,/ˈwɜːrʃəps/,/wˈɜːrʃəp/,They worships gods in temples.,They worship gods in temples.,彼らは寺院で神々を崇拝する。,彼らは寺院で神々を崇拝する。,屈折IPAの原形化 / 例文の原形主語整合化
14879,collaboration,C1,C1,協力,協力,/ˌkɑləbərˈeɪʃənz/,/kəlˌæbɚˈeɪʃən/,The project involves collaborations between different teams.,The project involves collaboration between different teams.,プロジェクトには異なるチーム間の協力が含まれている。,プロジェクトには異なるチーム間の協力が含まれている。,屈折IPAの原形化 / 例文の原形主語整合化
14880,con,C1,C1,不利益,不利益,/ˈkɑnz/,/kˈɑːn/,The cons of the plan outweighed the pros.,The con of the plan outweighed the pros.,その計画の不利益は利益を上回った。,その計画の不利益は利益を上回った。,屈折IPAの原形化 / 例文の原形主語整合化
14885,mature,C1,C1,成熟する,成熟する,/məˈtʃʊrz/,/mətʃˈʊr/,The fruit matures in the autumn.,The fruit mature in the autumn.,果物は秋に成熟します。,果物は秋に成熟します。,屈折IPAの原形化 / 例文の原形主語整合化
14888,pump,C1,C1,ポンプ,ポンプ,/ˈpʌmps/,/pˈʌmp/,The pumps were working hard.,The pump were working hard.,ポンプは懸命に動いていた。,ポンプは懸命に動いていた。,屈折IPAの原形化 / 例文の原形主語整合化
14894,dawn,C1,C1,夜明け,夜明け,/ˈdɔnz/,/dˈɔːn/,The dawns are beautiful in the mountains.,The dawn are beautiful in the mountains.,山では夜明けが美しい。,山では夜明けが美しい。,屈折IPAの原形化 / 例文の原形主語整合化
14898,pit,C1,C1,穴,穴,/ˈpɪts/,/pˈɪt/,They found pits in the ground where they had dug.,They found pit in the ground where they had dug.,彼らは掘った場所に穴があるのを見つけた。,彼らは掘った場所に穴があるのを見つけた。,屈折IPAの原形化 / 例文の原形主語整合化
14899,quest,C1,C1,探求,探求,/ˈkwɛsts/,/kwˈest/,The knights embarked on a dangerous quest.,The knights embarked on a dangerous quest.,騎士たちは危険な探求の旅に出た。,騎士たちは危険な探求の旅に出た。,屈折IPAの原形化
14901,weed,C1,C1,雑草,雑草,/ˈwiːd/,/ˈwiːd/,The garden is full of weeds.,The garden is full of weed.,庭は雑草でいっぱいだ。,庭は雑草でいっぱいだ。,例文の原形主語整合化
14904,intervention,C1,C1,介入、干渉,介入、干渉,/ˌɪntərˈvɛntʃənz/,/ˌɪntɚvˈentʃən/,The government made several interventions to boost the economy.,The government made several intervention to boost the economy.,政府は経済を活性化させるためにいくつかの介入を行った。,政府は経済を活性化させるためにいくつかの介入を行った。,屈折IPAの原形化 / 例文の原形主語整合化
14909,scope,C1,C1,範囲、機会,範囲、機会,/ˈskoʊps/,/skˈoʊp/,The project scopes need to be defined more clearly.,The project scope need to be defined more clearly.,プロジェクトの範囲をより明確に定義する必要があります。,プロジェクトの範囲をより明確に定義する必要があります。,屈折IPAの原形化 / 例文の原形主語整合化
14912,venture,C1,C1,冒険,冒険,/ˈvɛntʃərz/,/vˈentʃɚ/,They are planning new business ventures.,They are planning new business venture.,彼らは新しいビジネスベンチャーを計画している。,彼らは新しいビジネスベンチャーを計画している。,屈折IPAの原形化 / 例文の原形主語整合化
14914,mercy,C1,C1,慈悲,慈悲,/ˈmɜːrsiz/,/mˈɜːrsiː/,They were left to the mercies of the storm.,They were left to the mercies of the storm.,彼らは嵐の慈悲に任された。,彼らは嵐の慈悲に任された。,屈折IPAの原形化
14915,screw,C1,C1,ねじ,ねじ,/ˈskruːz/,/skrˈuː/,He used a screwdriver to tighten the screws.,He used a screwdriver to tighten the screw.,彼はねじを締めるためにドライバーを使った。,私はねじを締めるためにドライバーを使った。,屈折IPAの原形化 / 例文の原形主語整合化
14916,tribute,C1,C1,賛辞,賛辞,/ˈtrɪbjuts/,/trˈɪbjuːt/,Many tributes were paid to the deceased.,Many tribute were paid to the deceased.,故人に多くの賛辞が送られた。,故人に多くの賛辞が送られた。,屈折IPAの原形化 / 例文の原形主語整合化
14920,copyright,C1,C1,著作権,著作権,/ˈkɑpiˌraɪts/,/kˈɑːpiːrˌaɪt/,The author owns the copyrights to the book.,The author owns the copyright to the book.,著者はその本の著作権を所有している。,著者はその本の著作権を所有している。,屈折IPAの原形化 / 例文の原形主語整合化
14927,noble,C1,C1,貴族,貴族,/ˈnoʊbəlz/,/nˈoʊbəl/,The nobles lived in a grand castle.,The noble lived in a grand castle.,貴族たちは壮大な城に住んでいた。,貴族たちは壮大な城に住んでいた。,屈折IPAの原形化 / 例文の原形主語整合化
14929,spy,C1,C1,スパイ,スパイ,/ˈspaɪz/,/spˈaɪ/,The spies were caught gathering information.,The spies were caught gathering information.,スパイは情報を集めているところを捕えられた。,スパイは情報を集めているところを捕えられた。,屈折IPAの原形化
14937,civilian,C1,C1,民間人,民間人,/səˈvɪljən/,/səˈvɪljən/,The accident injured many civilians.,The accident injured many civilian.,その事故は多くの民間人を負傷させた。,その事故は多くの民間人を負傷させた。,例文の原形主語整合化
14938,coalition,C1,C1,連合、提携,連合、提携,/ˌkoʊəˈlɪʃənz/,/kˌoʊəlˈɪʃən/,The parties formed coalitions to gain more power.,The parties formed coalition to gain more power.,党はより多くの力を得るために連合を形成した。,党はより多くの力を得るために連合を形成した。,屈折IPAの原形化 / 例文の原形主語整合化
14942,serial,C1,C1,シリアル,シリアル,/ˈsɪriəlz/,/sˈɪriːəl/,The TV show was released in serials.,The TV show was released in serial.,そのテレビ番組はシリアルでリリースされた。,そのテレビ番組はシリアルでリリースされた。,屈折IPAの原形化 / 例文の原形主語整合化
14943,shed,C1,C1,小屋,小屋,/ˈʃɛdz/,/ʃˈed/,He keeps his tools in the sheds.,He keeps his tools in the shed.,彼は道具を小屋に保管しています。,私は道具を小屋に保管しています。,屈折IPAの原形化 / 例文の原形主語整合化
14945,amateur,C1,C1,アマチュア,アマチュア,/ˈæməˌtɜːrz/,/ˈæmətˌɜːr/,The competition is open to both professionals and amateurs.,The competition is open to both professionals and amateur.,その大会はプロとアマチュアの両方に開かれている。,その大会はプロとアマチュアの両方に開かれている。,屈折IPAの原形化 / 例文の原形主語整合化
14947,fluid,C1,C1,液体,液体,/ˈfluːədz/,/flˈuːəd/,The doctor checked the patient's body fluids.,The doctor checked the patient's body fluid.,医師は患者の体液を調べた。,医師は患者の体液を調べた。,屈折IPAの原形化 / 例文の原形主語整合化
14953,socialist,C1,C1,社会主義者,社会主義者,/ˈsoʊʃələsts/,/sˈoʊʃələst/,The socialists advocate for a more equal society.,The socialist advocate for a more equal society.,社会主義者は、より平等な社会を提唱している。,社会主義者は、より平等な社会を提唱している。,屈折IPAの原形化 / 例文の原形主語整合化
14955,twist,C1,C1,ねじれ,ねじれ,/ˈtwɪsts/,/twˈɪst/,The road had many twists and turns.,The road had many twist and turns.,その道には多くのねじれと曲がり角があった。,その道には多くのねじれと曲がり角があった。,屈折IPAの原形化 / 例文の原形主語整合化
14956,advocate,C1,C1,擁護する,擁護する,/ˈædvəkət/,/ˈædvəkət/,The organization advocates for human rights.,The organization advocate for human rights.,その組織は人権を擁護する。,その組織は人権を擁護する。,例文の原形主語整合化
14958,creator,C1,C1,クリエイター,クリエイター,/kriˈeɪtərz/,/kriːˈeɪtɚ/,The creators are responsible for this new product.,The creator are responsible for this new product.,クリエイターはこの新製品の責任者です。,クリエイターはこの新製品の責任者です。,屈折IPAの原形化 / 例文の原形主語整合化
14962,nonsense,C1,C1,ナンセンス,ナンセンス,/ˈnɑnsɛns/,/nˈɑːnsens/,That's just a bunch of nonsense.,That's just a bunch of nonsense.,それはただのナンセンスだ。,それはただのナンセンスだ。,屈折IPAの原形化
14964,skip,C1,C1,スキップする,スキップする,/ˈskɪps/,/skˈɪp/,The little girl skips down the street.,The little girl skip down the street.,その小さな女の子は通りをスキップして歩く。,その小さな女の子は通りをスキップして歩く。,屈折IPAの原形化 / 例文の原形主語整合化
14966,snap,C1,C1,スナップ写真,スナップ写真,/ˈsnæps/,/snˈæp/,She took some snaps on her phone.,She took some snap on her phone.,彼女はスマホでいくつかのスナップ写真を撮った。,私はスマホでいくつかのスナップ写真を撮った。,屈折IPAの原形化 / 例文の原形主語整合化
14969,veteran,C1,C1,退役軍人,退役軍人,/ˈvɛtərənz/,/vˈetɚən/,The event was held to honor veterans.,The event was held to honor veteran.,そのイベントは退役軍人を称えるために開催された。,そのイベントは退役軍人を称えるために開催された。,屈折IPAの原形化 / 例文の原形主語整合化
14973,dose,C1,C1,投与量,投与量,/ˈdoʊs/,/dˈoʊs/,The doctor prescribed a high dose of antibiotics.,The doctor prescribed a high dose of antibiotics.,医者は高用量の抗生物質を処方した。,医者は高用量の抗生物質を処方した。,屈折IPAの原形化
14975,laser,C1,C1,レーザー,レーザー,/ˈleɪzərz/,/lˈeɪzɚ/,Lasers are used in many industrial and medical applications.,laser are used in many industrial and medical applications.,レーザーは多くの産業および医療用途で使用されている。,レーザーは多くの産業および医療用途で使用されている。,屈折IPAの原形化 / 例文の原形主語整合化
14978,radar,C1,C1,レーダー,レーダー,/ˈreɪˌdɑrz/,/rˈeɪdˌɑːr/,The ship used radars to navigate through the fog.,The ship used radar to navigate through the fog.,船は霧の中を航行するためにレーダーを使用しました。,船は霧の中を航行するためにレーダーを使用しました。,屈折IPAの原形化 / 例文の原形主語整合化
14982,blade,C1,C1,刃,刃,/ˈbleɪdz/,/blˈeɪd/,The blades of the fan were turning.,The blade of the fan were turning.,扇風機の刃が回っていた。,扇風機の刃が回っていた。,屈折IPAの原形化 / 例文の原形主語整合化
14990,ranking,C1,C1,ランキング,ランキング,/ˈræŋkɪŋz/,/rˈæŋkɪŋ/,The university rankings were released yesterday.,The university ranking were released yesterday.,大学ランキングは昨日発表された。,大学ランキングは昨日発表された。,屈折IPAの原形化 / 例文の原形主語整合化
15001,grid,C1,C1,格子,格子,/ˈɡrɪdz/,/ɡrˈɪd/,The city is laid out in a grid pattern.,The city is laid out in a grid pattern.,その都市は格子状に配置されている。,その都市は格子状に配置されている。,屈折IPAの原形化
15007,physician,C1,C1,医師,医師,/fəˈzɪʃənz/,/fəzˈɪʃən/,Many physicians attended the conference.,Many physician attended the conference.,多くの医師が会議に出席した。,多くの医師が会議に出席した。,屈折IPAの原形化 / 例文の原形主語整合化
15010,suite,C1,C1,スイートルーム,スイートルーム,/ˈswiːts/,/swˈiːt/,They booked a suite for their honeymoon.,They booked a suite for their honeymoon.,彼らは新婚旅行のためにスイートルームを予約した。,彼らは新婚旅行のためにスイートルームを予約した。,屈折IPAの原形化
15011,verse,C1,C1,詩,詩,/ˈvɜːrsəz/,/vˈɜːrs/,He wrote many verses of poetry.,He wrote many verse of poetry.,彼は多くの詩を書いた。,私は多くの詩を書いた。,屈折IPAの原形化 / 例文の原形主語整合化
15014,attendance,C1,C1,出席,出席,/əˈtɛndəns/,/ətˈendəns/,The attendance at the meeting was higher than expected.,The attendance at the meeting was higher than expected.,会議の出席者は予想より多かった。,会議の出席者は予想より多かった。,屈折IPAの原形化
15019,compliance,C1,C1,遵守,遵守,/kəˈmplaɪəns/,/kəmplˈaɪəns/,Compliance with safety regulations is mandatory.,Compliance with safety regulations is mandatory.,安全規制の遵守は必須である。,安全規制の遵守は必須である。,屈折IPAの原形化
15022,dam,C1,C1,ダム,ダム,/ˈdæmz/,/dˈæm/,Dams are used to control water flow.,dam are used to control water flow.,ダムは水の流れを制御するために使用される。,ダムは水の流れを制御するために使用される。,屈折IPAの原形化 / 例文の原形主語整合化
15027,reflection,C1,C1,反射,反射,/rɪˈflɛkʃənz/,/rəflˈekʃən/,The reflections on the lake were beautiful.,The reflection on the lake were beautiful.,湖の反射は美しかった。,湖の反射は美しかった。,屈折IPAの原形化 / 例文の原形主語整合化
15031,surveillance,C1,C1,監視、警戒,監視、警戒,/sərˈveɪləns/,/sɚvˈeɪləns/,The police maintained surveillance of the suspect's house.,The police maintained surveillance of the suspect's house.,警察は容疑者の家を監視していた。,警察は容疑者の家を監視していた。,屈折IPAの原形化
15033,trophy,C1,C1,トロフィー,トロフィー,/ˈtroʊfiz/,/trˈoʊfiː/,The team proudly displayed their trophies.,The team proudly displayed their trophies.,チームは誇らしげにトロフィーを飾った。,チームは誇らしげにトロフィーを飾った。,屈折IPAの原形化
15035,acceptance,C1,C1,受け入れ,受け入れ,/æˈksɛptəns/,/æksˈeptəns/,He is waiting for the acceptance letter from the university.,He is waiting for the acceptance letter from the university.,彼は大学からの合格通知を待っている。,彼は大学からの合格通知を待っている。,屈折IPAの原形化
15040,marvel,C1,C1,驚異,驚異,/ˈmɑrvəlz/,/mˈɑːrvəl/,The pyramids are marvels of engineering.,The pyramids are marvel of engineering.,ピラミッドは工学の驚異だ。,ピラミッドは工学の驚異だ。,屈折IPAの原形化 / 例文の原形主語整合化
15043,vocal,C1,C1,ボーカル,ボーカル,/ˈvoʊkəlz/,/vˈoʊkəl/,The band has a great female lead vocals.,The band has a great female lead vocal.,そのバンドには素晴らしい女性リードボーカルがいる。,そのバンドには素晴らしい女性リードボーカルがいる。,屈折IPAの原形化 / 例文の原形主語整合化
15044,warrior,C1,C1,戦士,戦士,/ˈwɔriərz/,/wˈɔːriːɚ/,Ancient warriors were known for their bravery.,Ancient warrior were known for their bravery.,古代の戦士は勇敢さで知られていた。,古代の戦士は勇敢さで知られていた。,屈折IPAの原形化 / 例文の原形主語整合化
15045,yield,C1,C1,産出する,産出する,/ˈjiːldz/,/jˈiːld/,The harvest yields a lot of wheat.,The harvest yield a lot of wheat.,収穫は多くの小麦を産出する。,収穫は多くの小麦を産出する。,屈折IPAの原形化 / 例文の原形主語整合化
15046,admission,C1,C1,入学許可,入学許可,/æˈdmɪʃənz/,/ædmˈɪʃən/,The university sent out admissions letters.,The university sent out admission letters.,大学は入学許可証を送った。,大学は入学許可証を送った。,屈折IPAの原形化 / 例文の原形主語整合化
15049,compromise,C1,C1,妥協、和解,妥協、和解,/ˈkɑmprəˌmaɪz/,/kˈɑːmprəmˌaɪz/,They reached a compromise after lengthy negotiations.,They reached a compromise after lengthy negotiations.,彼らは長時間の交渉の末、妥協に達した。,彼らは長時間の交渉の末、妥協に達した。,屈折IPAの原形化
15051,portfolio,C1,C1,ポートフォリオ,ポートフォリオ,/pɔˈrtfoʊliˌoʊz/,/pɔːrtfˈoʊliːˌoʊ/,The artist showed her portfolios of drawings to the gallery owner.,The artist showed her portfolio of drawings to the gallery owner.,そのアーティストはギャラリーのオーナーに自分の絵のポートフォリオを見せた。,そのアーティストはギャラリーのオーナーに自分の絵のポートフォリオを見せた。,屈折IPAの原形化 / 例文の原形主語整合化
15056,torture,C1,C1,拷問,拷問,/ˈtɔrtʃərz/,/tˈɔːrtʃɚ/,He was subjected to brutal tortures.,He was subjected to brutal torture.,彼は残酷な拷問にかけられた。,私は残酷な拷問にかけられた。,屈折IPAの原形化 / 例文の原形主語整合化
15063,horn,C1,C1,角,角,/ˈhɔrnz/,/hˈɔːrn/,The deer had large horns.,The deer had large horn.,その鹿は大きな角を持っていた。,その鹿は大きな角を持っていた。,屈折IPAの原形化 / 例文の原形主語整合化
15065,intensity,C1,C1,強度,強度,/ˌɪnˈtɛnsɪtiz/,/ɪntˈensətiː/,The intensities of the colors varied across the spectrum.,The intensities of the colors varied across the spectrum.,色の強度はスペクトル全体で変化した。,色の強度はスペクトル全体で変化した。,屈折IPAの原形化
15070,patrol,C1,C1,パトロール,パトロール,/pəˈtroʊlz/,/pətrˈoʊl/,The police patrols the area every night.,The police patrol the area every night.,警察は毎晩その地域をパトロールします。,警察は毎晩その地域をパトロールします。,屈折IPAの原形化 / 例文の原形主語整合化
15073,rod,C1,C1,棒,棒,/ˈrɑdz/,/rˈɑːd/,He used metal rods to support the structure.,He used metal rod to support the structure.,彼は構造を支えるために金属製の棒を使った。,私は構造を支えるために金属製の棒を使った。,屈折IPAの原形化 / 例文の原形主語整合化
15076,accordance,C1,C1,一致、合意,一致、合意,/əˈkɔrdəns/,/əkˈɔːrdəns/,The project was completed in accordance with the plan.,The project was completed in accordance with the plan.,プロジェクトは計画通りに完了した。,プロジェクトは計画通りに完了した。,屈折IPAの原形化
15083,companion,C1,C1,仲間,仲間,/kəˈmpænjənz/,/kəmpˈænjən/,He enjoys the company of his companions.,He enjoys the company of his companion.,彼は仲間の付き合いを楽しんでいる。,私は仲間の付き合いを楽しんでいる。,屈折IPAの原形化 / 例文の原形主語整合化
15093,miracle,C1,C1,奇跡,奇跡,/ˈmɪrəkəlz/,/mˈɪrəkəl/,They believed in miracles.,They believed in miracle.,彼らは奇跡を信じていた。,彼らは奇跡を信じていた。,屈折IPAの原形化 / 例文の原形主語整合化
15096,retreat,C1,C1,退却,退却,/riˈtriːts/,/riːtrˈiːt/,The army began its retreats after the loss of a key battle.,The army began its retreat after the loss of a key battle.,軍は重要な戦いに敗れた後、退却を開始した。,軍は重要な戦いに敗れた後、退却を開始した。,屈折IPAの原形化 / 例文の原形主語整合化
15100,banner,C1,C1,バナー,バナー,/ˈbænərz/,/bˈænɚ/,The banners were displayed at the event.,The banner were displayed at the event.,バナーはイベントで展示されていた。,バナーはイベントで展示されていた。,屈折IPAの原形化 / 例文の原形主語整合化
15101,charm,C1,C1,魅力,魅力,/ˈtʃɑrmz/,/tʃˈɑːrm/,The old house has a lot of charms.,The old house has a lot of charm.,その古い家にはたくさんの魅力がある。,その古い家にはたくさんの魅力がある。,屈折IPAの原形化 / 例文の原形主語整合化
15103,entity,C1,C1,実体、存在,実体、存在,/ˈɛntɪtiz/,/ˈentətiː/,The software connects various data entities to form a unified database.,The software connects various data entities to form a unified database.,そのソフトウェアは、さまざまなデータ実体を接続して統合データベースを形成する。,そのソフトウェアは、さまざまなデータ実体を接続して統合データベースを形成する。,屈折IPAの原形化
15105,interface,C1,C1,インターフェース、接点,インターフェース、接点,/ˈɪntərˌfeɪs/,/ˈɪntɚfˌeɪs/,The software has a user-friendly interface.,The software has a user-friendly interface.,そのソフトウェアはユーザーフレンドリーなインターフェースを持っている。,そのソフトウェアはユーザーフレンドリーなインターフェースを持っている。,屈折IPAの原形化
15108,reminder,C1,C1,リマインダー,リマインダー,/riˈmaɪndərz/,/riːmˈaɪndɚ/,I set reminders on my phone.,I set reminder on my phone.,私は携帯電話にリマインダーを設定した。,私は携帯電話にリマインダーを設定した。,屈折IPAの原形化 / 例文の原形主語整合化
15109,resume,C1,C1,履歴書,履歴書,/rɪˈzuːmz/,/rɪzˈuːm/,He submitted his resumes to several companies.,He submitted his resume to several companies.,彼は複数の会社に履歴書を提出した。,私は複数の会社に履歴書を提出した。,屈折IPAの原形化 / 例文の原形主語整合化
15110,variable,C1,C1,変数,変数,/ˈvɛriəbəlz/,/vˈeriːəbəl/,There are many variables to consider.,There are many variable to consider.,考慮すべき多くの変数がある。,考慮すべき多くの変数がある。,屈折IPAの原形化 / 例文の原形主語整合化
15116,grip,C1,C1,握る,握る,/ˈɡrɪps/,/ɡrˈɪp/,She had a firm grips on the handle.,She had a firm grip on the handle.,彼女はハンドルをしっかりと握っていた。,私はハンドルをしっかりと握っていた。,屈折IPAの原形化 / 例文の原形主語整合化
15123,rage,C1,C1,激怒する、荒れ狂う,激怒する、荒れ狂う,/ˈreɪdʒɪz/,/rˈeɪdʒ/,The storm rages outside.,The storm rage outside.,嵐が外で荒れ狂っている。,嵐が外で荒れ狂っている。,屈折IPAの原形化 / 例文の原形主語整合化
15125,ally,C1,C1,同盟国,同盟国,/ˈælaɪz/,/ˈælaɪ/,They are strong allies.,They are strong allies.,彼らは強力な同盟国です。,彼らは強力な同盟国です。,屈折IPAの原形化
15127,breakdown,C1,C1,故障,故障,/ˈbreɪˌkdaʊnz/,/brˈeɪkdˌaʊn/,Frequent breakdowns of the machine caused delays.,Frequent breakdown of the machine caused delays.,機械の頻繁な故障が遅延の原因となった。,機械の頻繁な故障が遅延の原因となった。,屈折IPAの原形化 / 例文の原形主語整合化
15136,rental,C1,C1,賃貸物件,賃貸物件,/ˈrɛntəlz/,/rˈentəl/,We looked at several apartment rentals.,We looked at several apartment rental.,私たちはいくつかのアパートの賃貸物件を見ました。,私たちはいくつかのアパートの賃貸物件を見ました。,屈折IPAの原形化 / 例文の原形主語整合化
15138,cult,C1,C1,カルト,カルト,/ˈkʌlts/,/kˈʌlt/,The cults were accused of brainwashing their members.,The cult were accused of brainwashing their members.,そのカルトは、メンバーを洗脳していると非難された。,そのカルトは、メンバーを洗脳していると非難された。,屈折IPAの原形化 / 例文の原形主語整合化
15139,governance,C1,C1,統治,統治,/ˈɡʌvərnəns/,/ɡˈʌvɚnəns/,Good governance is crucial for a country's development.,Good governance is crucial for a country's development.,良い統治は国の発展にとって重要だ。,良い統治は国の発展にとって重要だ。,屈折IPAの原形化
15143,leak,C1,C1,漏れる,漏れる,/ˈliːks/,/lˈiːk/,The roof leaks when it rains.,The roof leak when it rains.,雨が降ると屋根が漏れる。,雨が降ると屋根が漏れる。,屈折IPAの原形化 / 例文の原形主語整合化
15145,slot,C1,C1,スロット,スロット,/ˈslɑts/,/slˈɑːt/,The machine has several slots for different cards.,The machine has several slot for different cards.,機械には異なるカードのためのいくつかのスロットがあります。,機械には異なるカードのためのいくつかのスロットがあります。,屈折IPAの原形化 / 例文の原形主語整合化
15151,breed,C1,C1,品種,品種,/ˈbriːdz/,/brˈiːd/,The dog show featured many different breeds.,The dog show featured many different breed.,ドッグショーでは多くの異なる品種が紹介された。,ドッグショーでは多くの異なる品種が紹介された。,屈折IPAの原形化 / 例文の原形主語整合化
15153,confirmation,C1,C1,確認,確認,/ˌkɑnfərˈmeɪʃənz/,/kˌɑːnfɚmˈeɪʃən/,We are waiting for confirmations on the booking.,We are waiting for confirmation on the booking.,予約の確認を待っています。,予約の確認を待っています。,屈折IPAの原形化 / 例文の原形主語整合化
15161,merchant,C1,C1,商人,商人,/ˈmɜːrtʃənts/,/mˈɜːrtʃənt/,The merchants sold their goods at the market.,The merchant sold their goods at the market.,商人は市場で商品を売った。,商人は市場で商品を売った。,屈折IPAの原形化 / 例文の原形主語整合化
15166,rebel,C1,C1,反逆者,反逆者,/ˈrɛbəl/,/ˈrɛbəl/,The rebels took control of the city.,The rebel took control of the city.,反逆者たちは都市を支配しました。,反逆者たちは都市を支配しました。,例文の原形主語整合化
15167,rotation,C1,C1,回転,回転,/roʊˈteɪʃənz/,/roʊtˈeɪʃən/,The earth’s rotations cause day and night.,The earth’s rotation cause day and night.,地球の回転は昼と夜を引き起こす。,地球の回転は昼と夜を引き起こす。,屈折IPAの原形化 / 例文の原形主語整合化
15170,warehouse,C1,C1,倉庫,倉庫,/ˈwɛˌrhaʊzɪz/,/wˈerhˌaʊs/,The goods were stored in warehouses.,The goods were stored in warehouse.,商品は倉庫に保管されていた。,商品は倉庫に保管されていた。,屈折IPAの原形化 / 例文の原形主語整合化
15171,widow,C1,C1,未亡人,未亡人,/ˈwɪdoʊz/,/wˈɪdoʊ/,The support group is for widows.,The support group is for widow.,その支援グループは未亡人のためのものです。,その支援グループは未亡人のためのものです。,屈折IPAの原形化 / 例文の原形主語整合化
15173,capability,C1,C1,能力,能力,/ˌkeɪpəˈbɪlətiz/,/kˌeɪpəbˈɪlətiː/,The company has expanded its capabilities.,The company has expanded its capabilities.,その会社は能力を拡大した。,その会社は能力を拡大した。,屈折IPAの原形化
15174,drain,C1,C1,排水溝,排水溝,/ˈdreɪnz/,/drˈeɪn/,The drains were clogged with leaves.,The drain were clogged with leaves.,排水溝は葉で詰まっていた。,排水溝は葉で詰まっていた。,屈折IPAの原形化 / 例文の原形主語整合化
15175,excellence,C1,C1,卓越、優秀さ,卓越、優秀さ,/ˈɛksələns/,/ˈeksələns/,The university strives for excellence in research.,The university strives for excellence in research.,その大学は研究における卓越性を目指している。,その大学は研究における卓越性を目指している。,屈折IPAの原形化
15176,hint,C1,C1,ヒント,ヒント,/ˈhɪnts/,/hˈɪnt/,He gave me hints about the surprise.,He gave me hint about the surprise.,彼は私にサプライズに関するヒントをくれた。,私は私にサプライズに関するヒントをくれた。,屈折IPAの原形化 / 例文の原形主語整合化
15187,span,C1,C1,及ぶ,及ぶ,/ˈspænz/,/spˈæn/,The bridge spans the river.,The bridge span the river.,その橋は川に及んでいる。,その橋は川に及んでいる。,屈折IPAの原形化 / 例文の原形主語整合化
15189,submission,C1,C1,提出物,提出物,/səˈbmɪʃənz/,/səbmˈɪʃən/,All submissions must be received by Friday.,All submission must be received by Friday.,すべての提出物は金曜日までに受け付けなければならない。,すべての提出物は金曜日までに受け付けなければならない。,屈折IPAの原形化 / 例文の原形主語整合化
15193,ballot,C1,C1,投票用紙,投票用紙,/ˈbæləts/,/bˈælət/,The ballots were counted after the election.,The ballot were counted after the election.,投票用紙は選挙後に数えられた。,投票用紙は選挙後に数えられた。,屈折IPAの原形化 / 例文の原形主語整合化
15194,blessing,C1,C1,祝福,祝福,/ˈblɛsɪŋz/,/blˈesɪŋ/,They received many blessings on their wedding day.,They received many blessing on their wedding day.,彼らは結婚式の日に多くの祝福を受けた。,彼らは結婚式の日に多くの祝福を受けた。,屈折IPAの原形化 / 例文の原形主語整合化
15195,cemetery,C1,C1,墓地,墓地,/ˈsɛməˌtɛriz/,/sˈemətˌeriː/,The town has several old cemeteries.,The town has several old cemeteries.,その町にはいくつかの古い墓地がある。,その町にはいくつかの古い墓地がある。,屈折IPAの原形化
15198,demon,C1,C1,悪魔,悪魔,/ˈdiːmənz/,/dˈiːmən/,The story was about battling demons.,The story was about battling demon.,その物語は悪魔との戦いについてだった。,その物語は悪魔との戦いについてだった。,屈折IPAの原形化 / 例文の原形主語整合化
15208,pulse,C1,C1,脈拍,脈拍,/ˈpʌls/,/pˈʌls/,The doctor checked the patient's pulse.,The doctor checked the patient's pulse.,医師は患者の脈拍をチェックした。,医師は患者の脈拍をチェックした。,屈折IPAの原形化
15212,tolerance,C1,C1,寛容,寛容,/ˈtɑlərəns/,/tˈɑːlɚəns/,We should show tolerance towards people with different beliefs.,We should show tolerance towards people with different beliefs.,私たちは異なる信念を持つ人々に対して寛容を示すべきです。,私たちは異なる信念を持つ人々に対して寛容を示すべきです。,屈折IPAの原形化
15213,dip,C1,C1,ディップ,ディップ,/ˈdɪps/,/dˈɪp/,We had some chips with salsa and other dips.,We had some chips with salsa and other dip.,私たちはサルサや他のディップと一緒にチップスを食べた。,私たちはサルサや他のディップと一緒にチップスを食べた。,屈折IPAの原形化 / 例文の原形主語整合化
15218,hack,C1,C1,ハッキング、不正侵入,ハッキング、不正侵入,/ˈhæks/,/hˈæk/,He used computer hacks to steal data.,He used computer hack to steal data.,彼はデータを盗むためにコンピューターハッキングを使った。,私はデータを盗むためにコンピューターハッキングを使った。,屈折IPAの原形化 / 例文の原形主語整合化
15226,tide,C1,C1,潮,潮,/ˈtaɪdz/,/tˈaɪd/,The tides come in and out twice a day.,The tide come in and out twice a day.,潮は一日に二度満ち引きする。,潮は一日に二度満ち引きする。,屈折IPAの原形化 / 例文の原形主語整合化
15229,audit,C1,C1,監査,監査,/ˈɑdəts/,/ˈɔːdɪt/,The company undergoes regular audits to ensure financial compliance.,The company undergoes regular audit to ensure financial compliance.,会社は財務コンプライアンスを確保するために定期的な監査を受ける。,会社は財務コンプライアンスを確保するために定期的な監査を受ける。,屈折IPAの原形化 / 例文の原形主語整合化
15231,comply,C1,C1,従う,従う,/kəˈmplaɪz/,/kəmplˈaɪ/,The project complies with all the guidelines.,The project complies with all the guidelines.,そのプロジェクトはすべてのガイドラインに従っている。,そのプロジェクトはすべてのガイドラインに従っている。,屈折IPAの原形化
15233,ignorance,C1,C1,無知,無知,/ˈɪɡnərəns/,/ˈɪɡnɚəns/,His ignorance of the subject was obvious.,His ignorance of the subject was obvious.,彼がその主題について無知であることは明らかだった。,彼がその主題について無知であることは明らかだった。,屈折IPAの原形化
15240,cease,C1,C1,止まる,止まる,/ˈsiːsɪz/,/sˈiːs/,The rain ceases as quickly as it began.,The rain cease as quickly as it began.,雨は降るのが早かったようにすぐに止んだ。,雨は降るのが早かったようにすぐに止んだ。,屈折IPAの原形化 / 例文の原形主語整合化
15242,essence,C1,C1,本質,本質,/ˈɛsəns/,/ˈesəns/,The essence of the problem is communication.,The essence of the problem is communication.,問題の本質はコミュニケーションだ。,問題の本質はコミュニケーションだ。,屈折IPAの原形化
15243,harvest,C1,C1,収穫,収穫,/ˈhɑrvəsts/,/hˈɑːrvəst/,The farmers are celebrating the successful harvests this year.,The farmers are celebrating the successful harvest this year.,農家は今年の豊作を祝っている。,農家は今年の豊作を祝っている。,屈折IPAの原形化 / 例文の原形主語整合化
15244,kidney,C1,C1,腎臓,腎臓,/ˈkɪdniz/,/kˈɪdniː/,He has problems with his kidneys.,He has problems with his kidney.,彼は腎臓に問題を抱えている。,私は腎臓に問題を抱えている。,屈折IPAの原形化 / 例文の原形主語整合化
15246,mob,C1,C1,群衆,群衆,/ˈmɑbz/,/mˈɑːb/,Mobs of people filled the streets.,mob of people filled the streets.,群衆が通りを埋め尽くした。,群衆が通りを埋め尽くした。,屈折IPAの原形化 / 例文の原形主語整合化
15259,aesthetic,C1,C1,美学,美学,/ɛˈsθɛtɪks/,/esθˈetɪk/,Aesthetics play a vital role in the design of products.,aesthetic play a vital role in the design of products.,美学は製品のデザインにおいて重要な役割を果たす。,美学は製品のデザインにおいて重要な役割を果たす。,屈折IPAの原形化 / 例文の原形主語整合化
15260,anchor,C1,C1,錨,錨,/ˈæŋkərz/,/ˈæŋkɚ/,The ship dropped its anchors.,The ship dropped its anchor.,船は錨を下ろした。,船は錨を下ろした。,屈折IPAの原形化 / 例文の原形主語整合化
15262,bounce,C1,C1,跳ねる,跳ねる,/ˈbaʊns/,/bˈaʊns/,The ball will bounce high.,The ball will bounce high.,ボールは高く跳ねるでしょう。,ボールは高く跳ねるでしょう。,屈折IPAの原形化
15266,dimension,C1,C1,寸法,寸法,/dɪˈmɛnʃənz/,/dɪmˈenʃən/,We need to measure the dimensions of the room.,We need to measure the dimension of the room.,私たちは部屋の寸法を測定する必要があります。,私たちは部屋の寸法を測定する必要があります。,屈折IPAの原形化 / 例文の原形主語整合化
15272,gut,C1,C1,根性,根性,/ˈɡʌts/,/ɡˈʌt/,It takes a lot of guts to do what he did.,It takes a lot of gut to do what he did.,彼がしたことをするにはかなりの根性が必要だ。,彼がしたことをするにはかなりの根性が必要だ。,屈折IPAの原形化 / 例文の原形主語整合化
15273,ideology,C1,C1,イデオロギー,イデオロギー,/ˌaɪdiˈɑlədʒiz/,/ˌaɪdiːˈɑːlədʒiː/,People have different political ideologies.,People have different political ideologies.,人々は異なる政治的イデオロギーを持っている。,人々は異なる政治的イデオロギーを持っている。,屈折IPAの原形化
15275,isolation,C1,C1,分離,分離,/ˌaɪsəˈleɪʃənz/,/ˌaɪsəlˈeɪʃən/,The isolations were performed to identify specific bacteria.,The isolation were performed to identify specific bacteria.,特定の細菌を特定するために分離が行われた。,特定の細菌を特定するために分離が行われた。,屈折IPAの原形化 / 例文の原形主語整合化
15279,resignation,C1,C1,辞任、辞職,辞任、辞職,/ˌrɛzɪˈɡneɪʃənz/,/rˌezəɡnˈeɪʃən/,There were several resignations following the scandal.,There were several resignation following the scandal.,スキャンダルの後、いくつかの辞任があった。,スキャンダルの後、いくつかの辞任があった。,屈折IPAの原形化 / 例文の原形主語整合化
15283,width,C1,C1,幅,幅,/ˈwɪdθs/,/wˈɪdθ/,The widths of the shelves were different.,The width of the shelves were different.,棚の幅は異なっていた。,棚の幅は異なっていた。,屈折IPAの原形化 / 例文の原形主語整合化
15287,buck,C1,C1,ドル,ドル,/ˈbʌks/,/bˈʌk/,The book costs 20 bucks.,The book costs 20 buck.,その本は20ドルかかる。,その本は20ドルかかる。,屈折IPAの原形化 / 例文の原形主語整合化
15291,pad,C1,C1,パッド,パッド,/ˈpædz/,/pˈæd/,He uses pads to protect his knees while cycling.,He uses pad to protect his knees while cycling.,彼はサイクリング中に膝を保護するためにパッドを使う。,私はサイクリング中に膝を保護するためにパッドを使う。,屈折IPAの原形化 / 例文の原形主語整合化
15300,whip,C1,C1,鞭,鞭,/ˈwɪps/,/wˈɪp/,The coach used whips to train the horse.,The coach used whip to train the horse.,コーチは馬を訓練するために鞭を使った。,コーチは馬を訓練するために鞭を使った。,屈折IPAの原形化 / 例文の原形主語整合化
15312,outlet,C1,C1,"出口,コンセント","出口,コンセント",/ˈaʊˌtlɛt/,/ˈaʊˌtlɛt/,The factory has several outlets for its products.,The factory has several outlet for its products.,その工場には製品のいくつかの販売店がある。,その工場には製品のいくつかの販売店がある。,例文の原形主語整合化
15313,pledge,C1,C1,誓約,誓約,/ˈplɛdʒɪz/,/plˈedʒ/,The politician made several pledges during his campaign.,The politician made several pledge during his campaign.,その政治家は選挙運動中にいくつかの誓約を立てた。,その政治家は選挙運動中にいくつかの誓約を立てた。,屈折IPAの原形化 / 例文の原形主語整合化
15320,feat,C1,C1,偉業、功績,偉業、功績,/ˈfiːts/,/fˈiːt/,The athlete accomplished remarkable feats of strength and endurance.,The athlete accomplished remarkable feat of strength and endurance.,そのアスリートは驚くべき力と持久力の偉業を成し遂げた。,そのアスリートは驚くべき力と持久力の偉業を成し遂げた。,屈折IPAの原形化 / 例文の原形主語整合化
15323,injection,C1,C1,注射,注射,/ɪˈndʒɛkʃənz/,/ɪndʒˈekʃən/,He needs to get injections every week.,He needs to get injection every week.,彼は毎週注射を打つ必要がある。,私は毎週注射を打つ必要がある。,屈折IPAの原形化 / 例文の原形主語整合化
15325,insult,C1,C1,侮辱,侮辱,/ɪˈnsʌlts/,/ɪnsˈʌlt/,He hurled insults at them.,He hurled insult at them.,彼は彼らに侮辱を投げつけた。,私は彼らに侮辱を投げつけた。,屈折IPAの原形化 / 例文の原形主語整合化
15326,interference,C1,C1,干渉,干渉,/ˌɪntərˈfɪrəns/,/ˌɪntɚfˈɪrəns/,There was some interference on the radio signal.,There was some interference on the radio signal.,ラジオ信号にいくらかの干渉があった。,ラジオ信号にいくらかの干渉があった。,屈折IPAの原形化
15328,probe,C1,C1,調査する,調査する,/ˈproʊbz/,/prˈoʊb/,The investigators are using probes to find clues.,The investigators are using probe to find clues.,捜査官たちは手がかりを見つけるために調査している。,捜査官たちは手がかりを見つけるために調査している。,屈折IPAの原形化 / 例文の原形主語整合化
15330,spark,C1,C1,火花、ひらめき,火花、ひらめき,/ˈspɑrks/,/spˈɑːrk/,The sparks flew from the fire.,The spark flew from the fire.,火花が火から飛び散った。,火花が火から飛び散った。,屈折IPAの原形化 / 例文の原形主語整合化
15331,successor,C1,C1,後継者,後継者,/səˈksɛsərz/,/səksˈesɚ/,He named his son as his successor to the company.,He named his son as his successor to the company.,彼は息子を会社の後継者として指名した。,彼は息子を会社の後継者として指名した。,屈折IPAの原形化
15337,dense,C1,C1,密集した,密集した,/ˈdɛns/,/dˈens/,The forest was dense and dark.,The forest was dense and dark.,その森は密集していて暗かった。,その森は密集していて暗かった。,屈折IPAの原形化
15339,hazard,C1,C1,危険物,危険物,/ˈhæzərdz/,/hˈæzɚd/,There are many hazards in the factory environment.,There are many hazard in the factory environment.,工場環境には多くの危険物がある。,工場環境には多くの危険物がある。,屈折IPAの原形化 / 例文の原形主語整合化
15347,prophet,C1,C1,預言者,預言者,/ˈprɑfəts/,/prˈɑːfət/,The prophets in the bible foretold many events.,The prophet in the bible foretold many events.,聖書の預言者たちは多くの出来事を予言した。,聖書の預言者たちは多くの出来事を予言した。,屈折IPAの原形化 / 例文の原形主語整合化
15351,caution,C1,C1,注意,注意,/ˈkɔʃənz/,/kˈɑːʃən/,The guide gave us some cautions before the hike.,The guide gave us some caution before the hike.,ガイドはハイキングの前に私たちにいくつかの注意を与えた。,ガイドはハイキングの前に私たちにいくつかの注意を与えた。,屈折IPAの原形化 / 例文の原形主語整合化
15352,clan,C1,C1,氏族,氏族,/ˈklænz/,/klˈæn/,The clans had a long history in the area.,The clan had a long history in the area.,その地域には氏族の長い歴史があった。,その地域には氏族の長い歴史があった。,屈折IPAの原形化 / 例文の原形主語整合化
15356,curiosity,C1,C1,珍品、好奇心をそそるもの,珍品、好奇心をそそるもの,/ˌkjʊriˈɑsətiz/,/kjˌʊriːˈɑːsətiː/,The museum was filled with curiosities.,The museum was filled with curiosities.,その博物館は珍品でいっぱいだった。,その博物館は珍品でいっぱいだった。,屈折IPAの原形化
15359,frustration,C1,C1,不満,不満,/frəˈstreɪʃənz/,/frəstrˈeɪʃən/,The project was filled with frustrations and delays.,The project was filled with frustration and delays.,プロジェクトは不満と遅延でいっぱいだった。,プロジェクトは不満と遅延でいっぱいだった。,屈折IPAの原形化 / 例文の原形主語整合化
15369,slap,C1,C1,平手打ちする,平手打ちする,/ˈslæps/,/slˈæp/,He slaps his hand on the table.,I slap his hand on the table.,彼はテーブルに手を叩きつける。,私はテーブルに手を叩きつける。,屈折IPAの原形化 / 例文の原形主語整合化
15374,tuition,C1,C1,授業料,授業料,/tuˈɪʃənz/,/tjuːˈɪʃən/,The tuitions at private colleges are very high.,The tuition at private colleges are very high.,私立大学の授業料は非常に高い。,私立大学の授業料は非常に高い。,屈折IPAの原形化 / 例文の原形主語整合化
15378,conscience,C1,C1,良心,良心,/ˈkɑnʃəns/,/kˈɑːnʃəns/,He has a clear conscience about his actions.,He has a clear conscience about his actions.,彼は自分の行動について良心の呵責がない。,彼は自分の行動について良心の呵責がない。,屈折IPAの原形化
15380,dedication,C1,C1,献辞,献辞,/ˌdɛdəˈkeɪʃənz/,/dˌedəkˈeɪʃən/,The book contains dedications to his family.,The book contains dedication to his family.,その本には彼の家族への献辞が含まれている。,その本には彼の家族への献辞が含まれている。,屈折IPAの原形化 / 例文の原形主語整合化
15382,enforce,C1,C1,施行する,施行する,/ɛˈnfɔrsɪz/,/enfˈɔːrs/,The police enforce the laws of the city.,The police enforce the laws of the city.,警察は市の法律を施行する。,警察は市の法律を施行する。,屈折IPAの原形化
15385,integral,C1,C1,積分,積分,/ˈɪntəɡrəlz/,/ˈɪntəɡrəl/,The solution involves solving a series of integrals.,The solution involves solving a series of integral.,その解決策は一連の積分を解くことを含む。,その解決策は一連の積分を解くことを含む。,屈折IPAの原形化 / 例文の原形主語整合化
15386,nominee,C1,C1,候補者,候補者,/ˌnɑməˈniːz/,/nˌɑːmənˈiː/,The committee is reviewing the list of nominees for the award.,The committee is reviewing the list of nominee for the award.,委員会は、賞の候補者のリストを審査しています。,委員会は、賞の候補者のリストを審査しています。,屈折IPAの原形化 / 例文の原形主語整合化
15387,pirate,C1,C1,海賊,海賊,/ˈpaɪrəts/,/pˈaɪrət/,The pirates attacked the ship.,The pirate attacked the ship.,海賊は船を襲撃した。,海賊は船を襲撃した。,屈折IPAの原形化 / 例文の原形主語整合化
15391,stir,C1,C1,かき混ぜる,かき混ぜる,/ˈstɜːrz/,/stˈɜːr/,She stirs the soup before serving it.,I stir the soup before serving it.,彼女はスープを出す前にかき混ぜる。,私はスープを出す前にかき混ぜる。,屈折IPAの原形化 / 例文の原形主語整合化
15407,execute,C1,C1,実行する,実行する,/ˈɛksəˌkjuːts/,/ˈeksəkjˌuːt/,The program executes a complex algorithm.,The program execute a complex algorithm.,そのプログラムは複雑なアルゴリズムを実行する。,そのプログラムは複雑なアルゴリズムを実行する。,屈折IPAの原形化 / 例文の原形主語整合化
15412,plea,C1,C1,嘆願,嘆願,/ˈpliːz/,/plˈiː/,The judge ignored his pleas for mercy.,The judge ignored his plea for mercy.,裁判官は彼の慈悲を求める嘆願を無視した。,裁判官は彼の慈悲を求める嘆願を無視した。,屈折IPAの原形化 / 例文の原形主語整合化
15418,spouse,C1,C1,配偶者,配偶者,/ˈspaʊs/,/spˈaʊs/,He brought his spouse to the company party.,He brought his spouse to the company party.,彼は会社のパーティーに配偶者を連れてきました。,彼は会社のパーティーに配偶者を連れてきました。,屈折IPAの原形化
15423,leap,C1,C1,跳躍,跳躍,/ˈliːps/,/lˈiːp/,The cat leaps from the fence.,The cat leap from the fence.,猫はフェンスから跳躍する。,猫はフェンスから跳躍する。,屈折IPAの原形化 / 例文の原形主語整合化
15427,rebellion,C1,C1,反乱,反乱,/rɪˈbɛljənz/,/rɪbˈeljən/,The government put down the rebellions.,The government put down the rebellion.,政府は反乱を鎮圧した。,政府は反乱を鎮圧した。,屈折IPAの原形化 / 例文の原形主語整合化
15431,squeeze,C1,C1,絞る,絞る,/ˈskwiːz/,/skwˈiːz/,She squeezed the lemon for juice.,She squeezed the lemon for juice.,彼女はジュースのためにレモンを絞りました。,彼女はジュースのためにレモンを絞りました。,屈折IPAの原形化
15438,acre,C1,C1,エーカー,エーカー,/ˈeɪkər/,/ˈeɪkər/,The farmer owned 100 acres of land.,The farmer owned 100 acre of land.,その農家は100エーカーの土地を所有していた。,その農家は100エーカーの土地を所有していた。,例文の原形主語整合化
15445,halt,C1,C1,停止する,停止する,/ˈhɔlts/,/hˈɔːlt/,The train halts at the station.,The train halt at the station.,電車は駅で停止する。,電車は駅で停止する。,屈折IPAの原形化 / 例文の原形主語整合化
15447,mentor,C1,C1,指導者,指導者,/ˈmɛntərz/,/mˈentˌɔːr/,He has been a mentor to many young artists.,He has been a mentor to many young artists.,彼は多くの若いアーティストの指導者となってきた。,彼は多くの若いアーティストの指導者となってきた。,屈折IPAの原形化
15451,spine,C1,C1,背骨,背骨,/ˈspaɪnz/,/spˈaɪn/,The human body has a complex system of spines.,The human body has a complex system of spine.,人間の体は複雑な背骨のシステムを持っている。,人間の体は複雑な背骨のシステムを持っている。,屈折IPAの原形化 / 例文の原形主語整合化
15452,sustain,C1,C1,維持する,維持する,/səˈsteɪnz/,/səstˈeɪn/,He sustains the company with his hard work.,I sustain the company with his hard work.,彼は懸命な働きで会社を維持しています。,私は懸命な働きで会社を維持しています。,屈折IPAの原形化 / 例文の原形主語整合化
15454,texture,C1,C1,質感,質感,/ˈtɛkstʃərz/,/tˈekstʃɚ/,The painting has a variety of textures.,The painting has a variety of texture.,その絵には様々な質感がある。,その絵には様々な質感がある。,屈折IPAの原形化 / 例文の原形主語整合化
15455,affection,C1,C1,愛情,愛情,/əˈfɛkʃənz/,/əfˈekʃən/,She showed her affections for her family.,She showed her affection for her family.,彼女は家族への愛情を示した。,私は家族への愛情を示した。,屈折IPAの原形化 / 例文の原形主語整合化
15458,delegation,C1,C1,代表団,代表団,/ˌdɛləˈɡeɪʃənz/,/dˌeləɡˈeɪʃən/,Several delegations attended the conference.,Several delegation attended the conference.,いくつかの代表団が会議に出席した。,いくつかの代表団が会議に出席した。,屈折IPAの原形化 / 例文の原形主語整合化
15461,fierce,C1,C1,激しい,激しい,/ˈfɪrs/,/fˈɪrs/,The competition was fierce.,The competition was fierce.,競争は激しかった。,競争は激しかった。,屈折IPAの原形化
15462,hail,C1,C1,歓迎する,歓迎する,/ˈheɪlz/,/hˈeɪl/,The movie hails the courage of firefighters.,The movie hail the courage of firefighters.,その映画は消防士の勇気を歓迎している。,その映画は消防士の勇気を歓迎している。,屈折IPAの原形化 / 例文の原形主語整合化
15463,indicator,C1,C1,指標,指標,/ˈɪndəˌkeɪtərz/,/ˈɪndəkˌeɪtɚ/,The economic indicators are positive.,The economic indicator are positive.,経済指標は良好である。,経済指標は良好である。,屈折IPAの原形化 / 例文の原形主語整合化
15476,glance,C1,C1,ちらっと見る,ちらっと見る,/ˈɡlænsɪz/,/ɡlˈæns/,She glances at her watch frequently during the meeting.,I glance at her watch frequently during the meeting.,彼女は会議中、頻繁に時計をちらっと見る。,私は会議中、頻繁に時計をちらっと見る。,屈折IPAの原形化 / 例文の原形主語整合化
15479,likelihood,C1,C1,尤度,尤度,/ˈlaɪkliˌhʊdz/,/lˈaɪkliːhˌʊd/,The likelihoods of different scenarios were calculated.,The likelihood of different scenarios were calculated.,異なるシナリオの尤度が計算された。,異なるシナリオの尤度が計算された。,屈折IPAの原形化 / 例文の原形主語整合化
15480,massacre,C1,C1,虐殺,虐殺,/ˈmæsɪkərz/,/mˈæsəkɚ/,The massacres were a terrible tragedy.,The massacre were a terrible tragedy.,虐殺は恐ろしい悲劇だった。,虐殺は恐ろしい悲劇だった。,屈折IPAの原形化 / 例文の原形主語整合化
15494,burial,C1,C1,埋葬,埋葬,/ˈbɛriəlz/,/bˈeriːəl/,The city has a designated area for burials.,The city has a designated area for burial.,その都市には埋葬のための指定された区域がある。,その都市には埋葬のための指定された区域がある。,屈折IPAの原形化 / 例文の原形主語整合化
15498,elevation,C1,C1,標高,標高,/ˌɛləˈveɪʃənz/,/ˌeləvˈeɪʃən/,The elevations in the mountains are very high.,The elevation in the mountains are very high.,山々の標高は非常に高い。,山々の標高は非常に高い。,屈折IPAの原形化 / 例文の原形主語整合化
15499,hostage,C1,C1,人質,人質,/ˈhɑstədʒəz/,/hˈɑːstɪdʒ/,The terrorists held the passengers as hostages.,The terrorists held the passengers as hostage.,テロリストは乗客を人質として拘束した。,テロリストは乗客を人質として拘束した。,屈折IPAの原形化 / 例文の原形主語整合化
15507,sensation,C1,C1,感覚,感覚,/sɛˈnseɪʃənz/,/sensˈeɪʃən/,He experienced strange sensations in his fingers.,He experienced strange sensation in his fingers.,彼は指に奇妙な感覚を経験した。,私は指に奇妙な感覚を経験した。,屈折IPAの原形化 / 例文の原形主語整合化
15512,adverse,C1,C1,不都合な,不都合な,/æˈdvɜːrs/,/ædvˈɜːrs/,The medicine had some adverse side effects.,The medicine had some adverse side effects.,その薬にはいくつかの不都合な副作用があった。,その薬にはいくつかの不都合な副作用があった。,屈折IPAの原形化
15514,browser,C1,C1,ブラウザ,ブラウザ,/ˈbraʊzərz/,/brˈaʊzɚ/,There are many different web browsers.,There are many different web browser.,多くの異なるウェブブラウザがあります。,多くの異なるウェブブラウザがあります。,屈折IPAの原形化 / 例文の原形主語整合化
15515,cocktail,C1,C1,カクテル,カクテル,/ˈkɑˌkteɪlz/,/kˈɑːktˌeɪl/,They enjoyed colorful cocktails at the bar.,They enjoyed colorful cocktail at the bar.,彼らはバーでカラフルなカクテルを楽しんだ。,彼らはバーでカラフルなカクテルを楽しんだ。,屈折IPAの原形化 / 例文の原形主語整合化
15518,landlord,C1,C1,家主,家主,/ˈlæˌndlɔrdz/,/lˈændlˌɔːrd/,The landlords raised the rent again this year.,The landlord raised the rent again this year.,家主は今年もまた家賃を上げた。,家主は今年もまた家賃を上げた。,屈折IPAの原形化 / 例文の原形主語整合化
15519,landmark,C1,C1,目印,目印,/ˈlæˌndmɑrks/,/lˈændmˌɑːrk/,The Eiffel Tower is a famous landmark.,The Eiffel Tower is a famous landmark.,エッフェル塔は有名な目印だ。,エッフェル塔は有名な目印だ。,屈折IPAの原形化
15523,nursery,C1,C1,保育園,保育園,/ˈnɜːrsəriz/,/nˈɜːrsɚiː/,Many children attend nurseries.,Many children attend nurseries.,多くの子供たちが保育園に通っています。,多くの子供たちが保育園に通っています。,屈折IPAの原形化
15526,adjustment,C1,C1,調整,調整,/əˈdʒʌstmənts/,/ədʒˈʌstmənt/,We need to make some adjustments to the plan.,We need to make some adjustment to the plan.,私たちは計画にいくつかの調整を加える必要がある。,私たちは計画にいくつかの調整を加える必要がある。,屈折IPAの原形化 / 例文の原形主語整合化
15530,immense,C1,C1,巨大な,巨大な,/ɪˈmɛns/,/ɪmˈens/,The universe is immense.,The universe is immense.,宇宙は巨大である。,宇宙は巨大である。,屈折IPAの原形化
15531,interfere,C1,C1,邪魔する、干渉する,邪魔する、干渉する,/ˌɪntərˈfɪrz/,/ˌɪntɚfˈɪr/,The noise interferes with my concentration.,The noise interfere with my concentration.,騒音が私の集中を邪魔する。,騒音が私の集中を邪魔する。,屈折IPAの原形化 / 例文の原形主語整合化
15532,juvenile,C1,C1,少年,少年,/ˈdʒuːvənəlz/,/dʒˈuːvənəl/,The program is designed for juveniles.,The program is designed for juvenile.,そのプログラムは少年向けに設計されている。,そのプログラムは少年向けに設計されている。,屈折IPAの原形化 / 例文の原形主語整合化
15535,tribunal,C1,C1,法廷,法廷,/ˌtraɪˈbjuːnəlz/,/trəbjˈuːnəl/,The case will be heard by international tribunals.,The case will be heard by international tribunal.,その訴訟は国際法廷で審理されるだろう。,その訴訟は国際法廷で審理されるだろう。,屈折IPAの原形化 / 例文の原形主語整合化
15539,gem,C1,C1,宝石,宝石,/ˈdʒɛmz/,/dʒˈem/,The crown was covered in gems.,The crown was covered in gem.,その王冠は宝石で覆われていた。,その王冠は宝石で覆われていた。,屈折IPAの原形化 / 例文の原形主語整合化
15542,processor,C1,C1,処理装置、プロセッサ,処理装置、プロセッサ,/ˈprɑˌsɛsərz/,/prˈɑːsˌesɚ/,The computer has a powerful processor.,The computer has a powerful processor.,そのコンピュータは強力なプロセッサを搭載している。,そのコンピュータは強力なプロセッサを搭載している。,屈折IPAの原形化
15549,abundance,C1,C1,豊富,豊富,/əˈbʌndəns/,/əbˈʌndəns/,The garden has an abundance of flowers.,The garden has an abundance of flowers.,その庭にはたくさんの花がある。,その庭にはたくさんの花がある。,屈折IPAの原形化
15551,commodity,C1,C1,商品,商品,/kəˈmɑdətiz/,/kəmˈɑːdətiː/,The price of commodities has increased significantly.,The price of commodities has increased significantly.,商品の価格は大幅に上昇した。,商品の価格は大幅に上昇した。,屈折IPAの原形化
15553,correlation,C1,C1,相関関係,相関関係,/ˌkɔrəˈleɪʃənz/,/kˌɔːrəlˈeɪʃən/,The study found strong correlations between diet and health.,The study found strong correlation between diet and health.,その研究では、食事と健康の間に強い相関関係が見られました。,その研究では、食事と健康の間に強い相関関係が見られました。,屈折IPAの原形化 / 例文の原形主語整合化
15554,correspondent,C1,C1,特派員,特派員,/ˌkɔrəˈspɑndənts/,/kˌɔːrəspˈɑːndənt/,The news organization sent correspondents to cover the war.,The news organization sent correspondent to cover the war.,報道機関は戦争を取材するために特派員を派遣しました。,報道機関は戦争を取材するために特派員を派遣しました。,屈折IPAの原形化 / 例文の原形主語整合化
15559,irony,C1,C1,皮肉,皮肉,/ˈaɪrəniz/,/ˈaɪrəniː/,There were many ironies in the situation.,There were many ironies in the situation.,その状況には多くの皮肉があった。,その状況には多くの皮肉があった。,屈折IPAの原形化
15566,allowance,C1,C1,手当,手当,/əˈlaʊəns/,/əlˈaʊəns/,He received a monthly allowance from his parents.,He received a monthly allowance from his parents.,彼は両親から毎月手当を受け取っていた。,彼は両親から毎月手当を受け取っていた。,屈折IPAの原形化
15568,carriage,C1,C1,馬車,馬車,/ˈkærɪdʒɪz/,/kˈærɪdʒ/,The horses pulled the carriages.,The horses pulled the carriage.,馬が馬車を引いていた。,馬が馬車を引いていた。,屈折IPAの原形化 / 例文の原形主語整合化
15570,correspondence,C1,C1,対応、通信,対応、通信,/ˌkɔrəˈspɑndənsz/,/kˌɔːrəspˈɑːndəns/,I received several correspondences from colleagues.,I received several correspondence from colleagues.,同僚からいくつかの通信を受け取った。,同僚からいくつかの通信を受け取った。,屈折IPAの原形化 / 例文の原形主語整合化
15576,proposition,C1,C1,提案、命題,提案、命題,/ˌprɑpəˈzɪʃənz/,/prˌɑːpəzˈɪʃən/,The company presented several new propositions to the board.,The company presented several new proposition to the board.,会社は取締役会にいくつかの新しい提案を提示した。,会社は取締役会にいくつかの新しい提案を提示した。,屈折IPAの原形化 / 例文の原形主語整合化
15580,undergraduate,C1,C1,大学生,大学生,/ˌʌndərˈɡrædʒəwəts/,/ˌʌndɚɡrˈædʒəwət/,The university has a large number of undergraduates.,The university has a large number of undergraduate.,その大学には多くの大学生がいる。,その大学には多くの大学生がいる。,屈折IPAの原形化 / 例文の原形主語整合化
15584,disclose,C1,C1,明らかにする,明らかにする,/dɪˈskloʊzɪz/,/dɪsklˈoʊz/,The document discloses important information.,The document disclose important information.,その文書は重要な情報を明らかにする。,その文書は重要な情報を明らかにする。,屈折IPAの原形化 / 例文の原形主語整合化
15587,goose,C1,C1,ガチョウ,ガチョウ,/ˈɡuːs/,/ɡˈuːs/,The goose honked loudly in the farmyard.,The goose honked loudly in the farmyard.,ガチョウは農場で大きくガーガー鳴いた。,ガチョウは農場で大きくガーガー鳴いた。,屈折IPAの原形化
15589,outrage,C1,C1,憤慨させる,憤慨させる,/ˈaʊˌtreɪdʒɪz/,/ˈaʊtrˌeɪdʒ/,His actions outrages the community.,His actions outrage the community.,彼の行動は地域社会を憤慨させる。,彼の行動は地域社会を憤慨させる。,屈折IPAの原形化 / 例文の原形主語整合化
15592,tolerate,C1,C1,我慢する,我慢する,/ˈtɔlərˌeɪts/,/tˈɑːlɚˌeɪt/,She tolerates his bad habits.,I tolerate his bad habits.,彼女は彼の悪い習慣を我慢しています。,私は彼の悪い習慣を我慢しています。,屈折IPAの原形化 / 例文の原形主語整合化
15595,breakthrough,C1,C1,画期的な進歩,画期的な進歩,/ˈbreɪˌkθruːz/,/brˈeɪkθrˌuː/,The research led to many breakthroughs.,The research led to many breakthrough.,その研究は多くの画期的な進歩につながった。,その研究は多くの画期的な進歩につながった。,屈折IPAの原形化 / 例文の原形主語整合化
15597,discourse,C1,C1,談話、議論,談話、議論,/ˈdɪskɔrs/,/dˈɪskɔːrs/,The conference will promote discourse on environmental issues.,The conference will promote discourse on environmental issues.,その会議は環境問題に関する談話を促進するだろう。,その会議は環境問題に関する談話を促進するだろう。,屈折IPAの原形化
15598,dominance,C1,C1,支配、優勢,支配、優勢,/ˈdɑmənəns/,/dˈɑːmənəns/,The company has achieved market dominance.,The company has achieved market dominance.,その会社は市場での支配力を達成した。,その会社は市場での支配力を達成した。,屈折IPAの原形化
15601,investigator,C1,C1,捜査官,捜査官,/ɪˈnvɛstəˌɡeɪtərz/,/ɪnvˈestəɡˌeɪtɚ/,The investigators are looking into the cause of the accident.,The investigator are looking into the cause of the accident.,捜査官たちは事故の原因を調べている。,捜査官たちは事故の原因を調べている。,屈折IPAの原形化 / 例文の原形主語整合化
15602,justification,C1,C1,正当化,正当化,/ˌdʒʌstɪfɪˈkeɪʃənz/,/dʒˌʌstəfəkˈeɪʃən/,He offered several justifications for his actions.,He offered several justification for his actions.,彼は自分の行動に対するいくつかの正当化を提示した。,私は自分の行動に対するいくつかの正当化を提示した。,屈折IPAの原形化 / 例文の原形主語整合化
15607,refusal,C1,C1,拒否,拒否,/rɪˈfjuːzəlz/,/rəfjˈuːzəl/,Her constant refusals were discouraging.,Her constant refusal were discouraging.,彼女の度重なる拒否は、落胆させられた。,彼女の度重なる拒否は、落胆させられた。,屈折IPAの原形化 / 例文の原形主語整合化
15612,citation,C1,C1,引用、引用文献,引用、引用文献,/saɪˈteɪʃənz/,/saɪtˈeɪʃən/,The paper included many citations.,The paper included many citation.,その論文には多くの引用が含まれていた。,その論文には多くの引用が含まれていた。,屈折IPAの原形化 / 例文の原形主語整合化
15614,coordinate,C1,C1,座標,座標,/koʊˈɔrdənəts/,/koʊˈɔːrdənət/,We need to find the coordinates of the location.,We need to find the coordinate of the location.,その場所の座標を見つける必要がある。,その場所の座標を見つける必要がある。,屈折IPAの原形化 / 例文の原形主語整合化
15615,drift,C1,C1,漂う,漂う,/ˈdrɪfts/,/drˈɪft/,The smoke drifts lazily across the sky.,The smoke drift lazily across the sky.,煙が空をゆっくりと漂う。,煙が空をゆっくりと漂う。,屈折IPAの原形化 / 例文の原形主語整合化
15616,endure,C1,C1,耐える、持ちこたえる,耐える、持ちこたえる,/ɛˈndjʊrz/,/endjˈʊr/,The ancient building endures.,The ancient building endure.,その古代の建物は耐えている。,その古代の建物は耐えている。,屈折IPAの原形化 / 例文の原形主語整合化
15620,marketplace,C1,C1,市場,市場,/ˈmɑrkəˌtpleɪs/,/mˈɑːrkətplˌeɪs/,The marketplace was bustling with activity.,The marketplace was bustling with activity.,市場は活気に満ちていた。,市場は活気に満ちていた。,屈折IPAの原形化
15621,methodology,C1,C1,方法論,方法論,/ˌmɛθoʊˈdɑlədʒiz/,/mˌeθədˈɑːlədʒiː/,They used different research methodologies.,They used different research methodologies.,彼らは異なる研究方法論を使用した。,彼らは異なる研究方法論を使用した。,屈折IPAの原形化
15623,premise,C1,C1,前提,前提,/ˈprɛmɪs/,/prˈemɪs/,The entire project was built on a faulty premise.,The entire project was built on a faulty premise.,そのプロジェクト全体は誤った前提の上に構築されていた。,そのプロジェクト全体は誤った前提の上に構築されていた。,屈折IPAの原形化
15626,surge,C1,C1,急増,急増,/ˈsɜːrdʒəz/,/sˈɜːrdʒ/,A sudden surge of emotions overwhelmed her.,A sudden surge of emotions overwhelmed her.,突然の感情の急増が彼女を圧倒した。,突然の感情の急増が彼女を圧倒した。,屈折IPAの原形化
15629,assurance,C1,C1,保証,保証,/əˈʃʊrəns/,/əʃˈʊrəns/,We need an assurance that the project will succeed.,We need an assurance that the project will succeed.,私たちはプロジェクトが成功するという保証が必要だ。,私たちはプロジェクトが成功するという保証が必要だ。,屈折IPAの原形化
15630,carpenter,C1,C1,大工,大工,/ˈkɑrpəntərz/,/kˈɑːrpəntɚ/,The carpenters are building a house.,The carpenter are building a house.,大工たちは家を建てている。,大工たちは家を建てている。,屈折IPAの原形化 / 例文の原形主語整合化
15633,glimpse,C1,C1,ちらっと見えること、垣間見ること,ちらっと見えること、垣間見ること,/ˈɡlɪmpsɪz/,/ɡlˈɪmps/,She caught a few glimpses of the celebrity entering the hotel.,She caught a few glimpse of the celebrity entering the hotel.,彼女はその有名人がホテルに入るのをちらっと垣間見た。,私はその有名人がホテルに入るのをちらっと垣間見た。,屈折IPAの原形化 / 例文の原形主語整合化
15634,injustice,C1,C1,不正,不正,/ɪˈndʒʌstɪs/,/ɪndʒˈʌstɪs/,He fought against social injustice.,He fought against social injustice.,彼は社会的不正と戦った。,彼は社会的不正と戦った。,屈折IPAの原形化
15636,memo,C1,C1,メモ,メモ,/ˈmɛmoʊz/,/mˈemˌoʊ/,I wrote several memos about the project.,I wrote several memo about the project.,私はプロジェクトについていくつかのメモを書いた。,私はプロジェクトについていくつかのメモを書いた。,屈折IPAの原形化 / 例文の原形主語整合化
15640,confront,C1,C1,直面する,直面する,/kəˈnfrʌnts/,/kənfrˈʌnt/,He confronts his fears every day.,I confront his fears every day.,彼は毎日自分の恐怖に立ち向かう。,私は毎日自分の恐怖に立ち向かう。,屈折IPAの原形化 / 例文の原形主語整合化
15643,inheritance,C1,C1,遺産、相続,遺産、相続,/ɪˈnhɛrətəns/,/ɪnhˈerətəns/,He received a large inheritance from his grandfather.,He received a large inheritance from his grandfather.,彼は祖父から多額の遺産を受け取った。,彼は祖父から多額の遺産を受け取った。,屈折IPAの原形化
15645,minimize,C1,C1,最小限にする、減らす,最小限にする、減らす,/ˈmɪnəˌmaɪz/,/mˈɪnəmˌaɪz/,We need to minimize the risk of accidents.,We need to minimize the risk of accidents.,私たちは事故のリスクを最小限にする必要がある。,私たちは事故のリスクを最小限にする必要がある。,屈折IPAの原形化
15647,seize,C1,C1,つかむ,つかむ,/ˈsiːzɪz/,/sˈiːz/,The police seizes the drugs.,The police seize the drugs.,警察は麻薬を押収する。,警察は麻薬を押収する。,屈折IPAの原形化 / 例文の原形主語整合化
15653,faction,C1,C1,派閥,派閥,/ˈfækʃən/,/ˈfækʃən/,The party was divided into factions.,The party was divided into faction.,その党は派閥に分裂していた。,その党は派閥に分裂していた。,例文の原形主語整合化
15656,prejudice,C1,C1,偏見,偏見,/ˈprɛdʒədɪs/,/prˈedʒədɪs/,He suffered from racial prejudice.,He suffered from racial prejudice.,彼は人種的偏見に苦しんだ。,彼は人種的偏見に苦しんだ。,屈折IPAの原形化
15658,rendering,C1,C1,レンダリング,レンダリング,/ˈrɛndərɪŋz/,/rˈendɚɪŋ/,The architect presented the renderings of the new building.,The architect presented the rendering of the new building.,建築家は新しい建物のレンダリングを提示した。,建築家は新しい建物のレンダリングを提示した。,屈折IPAの原形化 / 例文の原形主語整合化
15660,strap,C1,C1,ストラップ,ストラップ,/ˈstræps/,/strˈæp/,The straps on my bag broke.,The strap on my bag broke.,私のバッグのストラップが壊れた。,私のバッグのストラップが壊れた。,屈折IPAの原形化 / 例文の原形主語整合化
15667,compensate,C1,C1,補償する、埋め合わせをする,補償する、埋め合わせをする,/ˈkɑmpəˌnseɪts/,/kˈɑːmpənsˌeɪt/,The insurance compensates the damage from the flood.,The insurance compensate the damage from the flood.,保険は洪水による損害を補償する。,保険は洪水による損害を補償する。,屈折IPAの原形化 / 例文の原形主語整合化
15675,stab,C1,C1,刺す,刺す,/ˈstæbz/,/stˈæb/,He stabs the meat with a fork.,I stab the meat with a fork.,彼はフォークで肉を刺す。,私はフォークで肉を刺す。,屈折IPAの原形化 / 例文の原形主語整合化
15678,attribute,C1,C1,属性,属性,/ˈætrəˌbjuːts/,/ˈætrəbjˌuːt/,Each object has a set of attributes.,Each object has a set of attribute.,各オブジェクトには一連の属性があります。,各オブジェクトには一連の属性があります。,屈折IPAの原形化 / 例文の原形主語整合化
15679,complement,C1,C1,補完する、引き立てる,補完する、引き立てる,/ˈkɑmpləmənts/,/kˈɑːmpləmənt/,The wine complements the meal perfectly.,The wine complement the meal perfectly.,そのワインは食事を完璧に引き立てる。,そのワインは食事を完璧に引き立てる。,屈折IPAの原形化 / 例文の原形主語整合化
15692,modification,C1,C1,修正,修正,/ˌmɑdəfəˈkeɪʃənz/,/mˌɑːdəfəkˈeɪʃən/,The car needed some modifications.,The car needed some modification.,その車はいくつかの修正が必要だった。,その車はいくつかの修正が必要だった。,屈折IPAの原形化 / 例文の原形主語整合化
15695,occurrence,C1,C1,発生,発生,/əˈkɜːrəns/,/əkˈɜːrəns/,The occurrence of the disease is rare.,The occurrence of the disease is rare.,その病気の発生はまれである。,その病気の発生はまれである。,屈折IPAの原形化
15698,prop,C1,C1,小道具,小道具,/ˈprɑps/,/prˈɑːp/,The play used many props on stage.,The play used many prop on stage.,その劇では舞台でたくさんの小道具を使った。,その劇では舞台でたくさんの小道具を使った。,屈折IPAの原形化 / 例文の原形主語整合化
15701,vein,C1,C1,静脈,静脈,/ˈveɪnz/,/vˈeɪn/,Blood flows through our veins.,Blood flows through our vein.,血液は私たちの静脈を通って流れます。,血液は私たちの静脈を通って流れます。,屈折IPAの原形化 / 例文の原形主語整合化
15716,merge,C1,C1,合併する,合併する,/ˈmɜːrdʒɪz/,/mˈɜːrdʒ/,The two companies are planning to merge.,The two companies are planning to merge.,2つの会社は合併を計画している。,2つの会社は合併を計画している。,屈折IPAの原形化
15718,relevance,C1,C1,関連性,関連性,/ˈrɛləvəns/,/rˈeləvəns/,The relevance of this information is unclear.,The relevance of this information is unclear.,この情報の関連性は不明である。,この情報の関連性は不明である。,屈折IPAの原形化
15720,specification,C1,C1,仕様,仕様,/ˌspɛsəfəˈkeɪʃənz/,/spˌesɪfɪkˈeɪʃən/,The product met all the required specifications.,The product met all the required specification.,その製品は、必要なすべての仕様を満たしていた。,その製品は、必要なすべての仕様を満たしていた。,屈折IPAの原形化 / 例文の原形主語整合化
15721,utilize,C1,C1,利用する、活用する,利用する、活用する,/ˈjuːtəˌlaɪz/,/jˈuːtəlˌaɪz/,They utilized the latest technology.,They utilized the latest technology.,彼らは最新の技術を利用した。,彼らは最新の技術を利用した。,屈折IPAの原形化
15725,emergence,C1,C1,出現,出現,/ɪˈmɜːrdʒəns/,/ɪmˈɜːrdʒəns/,The emergence of new technologies has transformed the industry.,The emergence of new technologies has transformed the industry.,新しい技術の出現は業界を変革した。,新しい技術の出現は業界を変革した。,屈折IPAの原形化
15726,expenditure,C1,C1,支出,支出,/ɪˈkspɛndətʃərz/,/ɪkspˈendətʃɚ/,The company's expenditures increased significantly this year.,The company's expenditure increased significantly this year.,その会社の支出は今年大幅に増加した。,その会社の支出は今年大幅に増加した。,屈折IPAの原形化 / 例文の原形主語整合化
15729,nod,C1,C1,うなずき,うなずき,/ˈnɑdz/,/nˈɑːd/,He gave a series of nods in agreement.,He gave a series of nod in agreement.,彼は同意して何度もうなずいた。,私は同意して何度もうなずいた。,屈折IPAの原形化 / 例文の原形主語整合化
15731,stray,C1,C1,野良猫,野良猫,/ˈstreɪz/,/strˈeɪ/,We saw some strays near the park.,We saw some stray near the park.,公園の近くでいくつかの野良猫を見ました。,公園の近くでいくつかの野良猫を見ました。,屈折IPAの原形化 / 例文の原形主語整合化
15736,dilemma,C1,C1,ジレンマ,ジレンマ,/dəˈlɛməz/,/dɪlˈemə/,He faced many ethical dilemmas in his work.,He faced many ethical dilemma in his work.,彼は仕事で多くの倫理的なジレンマに直面した。,私は仕事で多くの倫理的なジレンマに直面した。,屈折IPAの原形化 / 例文の原形主語整合化
15742,shrink,C1,C1,縮む,縮む,/ˈʃrɪŋks/,/ʃrˈɪŋk/,The sweater shrinks when you wash it.,The sweater shrink when you wash it.,そのセーターは洗うと縮む。,そのセーターは洗うと縮む。,屈折IPAの原形化 / 例文の原形主語整合化
15743,thrive,C1,C1,繁栄する,繁栄する,/ˈθraɪvz/,/θrˈaɪv/,"The plant thrives in warm, moist conditions.","The plant thrive in warm, moist conditions.",その植物は暖かく湿った条件で繁栄する。,その植物は暖かく湿った条件で繁栄する。,屈折IPAの原形化 / 例文の原形主語整合化
15746,condemn,C1,C1,非難する,非難する,/kəˈndɛmz/,/kəndˈem/,The international community condemns the acts of violence.,The international community condemn the acts of violence.,国際社会は暴力行為を非難する。,国際社会は暴力行為を非難する。,屈折IPAの原形化 / 例文の原形主語整合化
15748,contributor,C1,C1,貢献者,貢献者,/kəˈntrɪbjətərz/,/kəntrˈɪbjətɚ/,The book lists all contributors to the project.,The book lists all contributor to the project.,その本には、プロジェクトのすべての貢献者がリストされています。,その本には、プロジェクトのすべての貢献者がリストされています。,屈折IPAの原形化 / 例文の原形主語整合化
15757,realization,C1,C1,悟り,悟り,/ˈriːləˈzeɪʃənz/,/rˈiːləzˈeɪʃən/,She had several important realizations about her life.,She had several important realization about her life.,彼女は自分の人生についていくつかの重要な悟りを得た。,私は自分の人生についていくつかの重要な悟りを得た。,屈折IPAの原形化 / 例文の原形主語整合化
15758,specimen,C1,C1,標本,標本,/ˈspɛsəmənz/,/spˈesəmən/,The scientist collected various insect specimens.,The scientist collected various insect specimen.,科学者はさまざまな昆虫の標本を収集しました。,科学者はさまざまな昆虫の標本を収集しました。,屈折IPAの原形化 / 例文の原形主語整合化
15759,steer,C1,C1,操縦する,操縦する,/ˈstɪrz/,/stˈɪr/,The captain steers the ship safely.,The captain steer the ship safely.,船長は船を安全に操縦する。,船長は船を安全に操縦する。,屈折IPAの原形化 / 例文の原形主語整合化
15768,slack,C1,C1,スラックス,スラックス,/ˈslæks/,/slˈæk/,He wore a pair of comfortable slacks.,He wore a pair of comfortable slack.,彼は快適なスラックスを履いていました。,私は快適なスラックスを履いていました。,屈折IPAの原形化 / 例文の原形主語整合化
15773,apprentice,C1,C1,見習い,見習い,/əˈprɛntəsɪz/,/əprˈentəs/,The company has several apprentices.,The company has several apprentice.,その会社には数人の見習いがいる。,その会社には数人の見習いがいる。,屈折IPAの原形化 / 例文の原形主語整合化
15776,deploy,C1,C1,配備する、展開する,配備する、展開する,/dɪˈplɔɪz/,/dɪplˈɔɪ/,The army deploys its troops to the border.,The army deploy its troops to the border.,軍は国境に部隊を配備する。,軍は国境に部隊を配備する。,屈折IPAの原形化 / 例文の原形主語整合化
15778,gaze,C1,C1,見つめる,見つめる,/ˈɡeɪzəz/,/ɡˈeɪz/,She gazes at the stars at night.,I gaze at the stars at night.,彼女は夜、星を見つめる。,私は夜、星を見つめる。,屈折IPAの原形化 / 例文の原形主語整合化
15779,genome,C1,C1,ゲノム,ゲノム,/ˈdʒiːˌnoʊmz/,/dʒˈiːnˌoʊm/,Scientists are studying the genomes of various organisms to understand their functions.,Scientists are studying the genome of various organisms to understand their functions.,科学者たちは、さまざまな生物の機能を理解するために、そのゲノムを研究している。,科学者たちは、さまざまな生物の機能を理解するために、そのゲノムを研究している。,屈折IPAの原形化 / 例文の原形主語整合化
15780,indictment,C1,C1,起訴,起訴,/ɪˈndaɪtmənts/,/ɪndˈaɪtmənt/,The grand jury handed down indictments against the suspects.,The grand jury handed down indictment against the suspects.,大陪審は容疑者に対して起訴をしました。,大陪審は容疑者に対して起訴をしました。,屈折IPAの原形化 / 例文の原形主語整合化
15783,psychiatrist,C1,C1,精神科医,精神科医,/səˈkaɪətrəsts/,/səkˈaɪətrəst/,Psychiatrists specialize in mental health care.,psychiatrist specialize in mental health care.,精神科医はメンタルヘルスのケアを専門としています。,精神科医はメンタルヘルスのケアを専門としています。,屈折IPAの原形化 / 例文の原形主語整合化
15786,vulnerability,C1,C1,脆弱性、弱点,脆弱性、弱点,/ˌvʌlnərəˈbɪlɪtiz/,/vˌʌlnɚəbˈɪlɪtiː/,The security system has some vulnerabilities that need to be fixed.,The security system has some vulnerabilities that need to be fixed.,そのセキュリティシステムには、修正する必要があるいくつかの脆弱性があります。,そのセキュリティシステムには、修正する必要があるいくつかの脆弱性があります。,屈折IPAの原形化
15794,firearm,C1,C1,銃器,銃器,/ˈfaɪərˌɑrmz/,/fˈaɪɚˌɑːrm/,The police confiscated illegal firearms.,The police confiscated illegal firearm.,警察は違法な銃器を没収した。,警察は違法な銃器を没収した。,屈折IPAの原形化 / 例文の原形主語整合化
15796,manipulate,C1,C1,操作する,操作する,/məˈnɪpjəˌleɪts/,/mənˈɪpjəlˌeɪt/,He manipulates people for his own benefit.,I manipulate people for his own benefit.,彼は自分の利益のために人々を操作する。,私は自分の利益のために人々を操作する。,屈折IPAの原形化 / 例文の原形主語整合化
15802,solicitor,C1,C1,弁護士、勧誘者,弁護士、勧誘者,/səˈlɪsətərz/,/səlˈɪsətɚ/,Solicitors provide legal advice and assistance.,solicitor provide legal advice and assistance.,弁護士は法律相談や支援を提供する。,弁護士は法律相談や支援を提供する。,屈折IPAの原形化 / 例文の原形主語整合化
15803,defect,C1,C1,欠陥、欠点,欠陥、欠点,/ˈdiːfɛkts/,/dˈiːfekt/,The product had several manufacturing defects.,The product had several manufacturing defect.,その製品にはいくつかの製造上の欠陥があった。,その製品にはいくつかの製造上の欠陥があった。,屈折IPAの原形化 / 例文の原形主語整合化
15807,exclusion,C1,C1,除外,除外,/ɪˈkskluːʒənz/,/ɪksklˈuːʒən/,The insurance policy had several exclusions.,The insurance policy had several exclusion.,保険契約にはいくつかの除外事項がありました。,保険契約にはいくつかの除外事項がありました。,屈折IPAの原形化 / 例文の原形主語整合化
15811,revive,C1,C1,復活させる,復活させる,/riˈvaɪvz/,/rɪvˈaɪv/,The rain revives the dry plants.,The rain revive the dry plants.,雨が乾燥した植物を復活させる。,雨が乾燥した植物を復活させる。,屈折IPAの原形化 / 例文の原形主語整合化
15819,fixture,C1,C1,備品,備品,/ˈfɪkstʃərz/,/fˈɪkstʃɚ/,The new bathroom fixtures look very modern.,The new bathroom fixture look very modern.,新しい浴室備品はとてもモダンに見えます。,新しい浴室備品はとてもモダンに見えます。,屈折IPAの原形化 / 例文の原形主語整合化
15825,snail,C1,C1,カタツムリ,カタツムリ,/ˈsneɪlz/,/snˈeɪl/,Snails move very slowly.,snail move very slowly.,カタツムリはとてもゆっくり動きます。,カタツムリはとてもゆっくり動きます。,屈折IPAの原形化 / 例文の原形主語整合化
15827,accelerate,C1,C1,"加速する,促進する","加速する,促進する",/æˈksɛlərˌeɪts/,/æksˈelɚˌeɪt/,The new policy accelerates the company's growth.,The new policy accelerate the company's growth.,新しい政策は会社の成長を加速させる。,新しい政策は会社の成長を加速させる。,屈折IPAの原形化 / 例文の原形主語整合化
15828,demise,C1,C1,終焉,終焉,/dɪˈmaɪz/,/dɪmˈaɪz/,The demise of the empire was inevitable.,The demise of the empire was inevitable.,帝国の終焉は避けられなかった。,帝国の終焉は避けられなかった。,屈折IPAの原形化
15829,dependence,C1,C1,依存,依存,/dɪˈpɛndəns/,/dɪpˈendəns/,The country's dependence on oil is a problem.,The country's dependence on oil is a problem.,その国の石油への依存は問題だ。,その国の石油への依存は問題だ。,屈折IPAの原形化
15832,prevalence,C1,C1,普及,普及,/ˈprɛvələns/,/prˈevələns/,The prevalence of smartphones is increasing rapidly.,The prevalence of smartphones is increasing rapidly.,スマートフォンの普及は急速に増加している。,スマートフォンの普及は急速に増加している。,屈折IPAの原形化
15840,posture,C1,C1,姿勢,姿勢,/ˈpɑstʃərz/,/pˈɑːstʃɚ/,He adopted a relaxed posture during the meeting.,He adopted a relaxed posture during the meeting.,彼は会議中、リラックスした姿勢をとった。,彼は会議中、リラックスした姿勢をとった。,屈折IPAの原形化
15844,terminate,C1,C1,終了する,終了する,/ˈtɜːrmɪˌneɪts/,/tˈɜːrmənˌeɪt/,The lease terminates at the end of the year.,The lease terminate at the end of the year.,その賃貸契約は年末に終了します。,その賃貸契約は年末に終了します。,屈折IPAの原形化 / 例文の原形主語整合化
15847,assemble,C1,C1,組み立てる,組み立てる,/əˈsɛmbəlz/,/əsˈembəl/,The team assembles the parts of the new machine.,The team assemble the parts of the new machine.,チームは新しい機械の部品を組み立てる。,チームは新しい機械の部品を組み立てる。,屈折IPAの原形化 / 例文の原形主語整合化
15848,chunk,C1,C1,塊,塊,/ˈtʃʌŋks/,/tʃˈʌŋk/,He cut the meat into chunks.,He cut the meat into chunk.,彼は肉を塊に切った。,私は肉を塊に切った。,屈折IPAの原形化 / 例文の原形主語整合化
15856,align,C1,C1,"整列させる,同調させる","整列させる,同調させる",/əˈlaɪnz/,/əlˈaɪn/,The company’s mission aligns with my own values.,The company’s mission align with my own values.,その会社の使命は、私自身の価値観と同調しています。,その会社の使命は、私自身の価値観と同調しています。,屈折IPAの原形化 / 例文の原形主語整合化
15857,assertion,C1,C1,主張,主張,/əˈsɜːrʃənz/,/əsˈɜːrʃən/,His assertions about the event were not supported by evidence.,His assertion about the event were not supported by evidence.,彼のその出来事に関する主張は証拠によって裏付けられなかった。,彼のその出来事に関する主張は証拠によって裏付けられなかった。,屈折IPAの原形化 / 例文の原形主語整合化
15858,await,C1,C1,待っている,待っている,/əˈweɪts/,/əwˈeɪt/,A challenging task awaits you.,A challenging task await you.,困難な課題があなたを待っている。,困難な課題があなたを待っている。,屈折IPAの原形化 / 例文の原形主語整合化
15859,endorse,C1,C1,支持する,支持する,/ɛˈndɔrsɪz/,/endˈɔːrs/,The company endorses the new policy.,The company endorse the new policy.,その会社は新しい方針を支持する。,その会社は新しい方針を支持する。,屈折IPAの原形化 / 例文の原形主語整合化
15862,maximize,C1,C1,最大化する,最大化する,/ˈmæksəˌmaɪzɪz/,/mˈæksəmˌaɪz/,The design maximizes the available space.,The design maximize the available space.,そのデザインは利用可能なスペースを最大化する。,そのデザインは利用可能なスペースを最大化する。,屈折IPAの原形化 / 例文の原形主語整合化
15863,plead,C1,C1,懇願する,懇願する,/ˈpliːdz/,/plˈiːd/,He pleads for mercy.,I plead for mercy.,彼は慈悲を懇願する。,私は慈悲を懇願する。,屈折IPAの原形化 / 例文の原形主語整合化
15864,portray,C1,C1,描写する,描写する,/pɔˈrtreɪ/,/pɔˈrtreɪ/,The movie portrays him as a hero.,The movie portray him as a hero.,その映画は彼を英雄として描いている。,その映画は彼を英雄として描いている。,例文の原形主語整合化
15866,reproduce,C1,C1,複製する,複製する,/ˌriːprəˈduːsɪz/,/rˌiːprədˈuːs/,The plant reproduces by seed.,The plant reproduce by seed.,その植物は種子によって繁殖する。,その植物は種子によって繁殖する。,屈折IPAの原形化 / 例文の原形主語整合化
15869,assert,C1,C1,断言する,断言する,/əˈsɜːrts/,/əsˈɜːrt/,She asserts that she is innocent.,I assert that she is innocent.,彼女は自分が無実だと断言する。,私は自分が無実だと断言する。,屈折IPAの原形化 / 例文の原形主語整合化
15872,differentiate,C1,C1,区別する、差別化する,区別する、差別化する,/dɪfərˈɛnʃiˌeɪts/,/dˌɪfɚˈenʃiːˌeɪt/,What differentiates this product from others is its unique design.,What differentiate this product from others is its unique design.,この製品を他の製品と区別するのはその独特なデザインである。,この製品を他の製品と区別するのはその独特なデザインである。,屈折IPAの原形化 / 例文の原形主語整合化
15874,fuse,C1,C1,ヒューズ,ヒューズ,/ˈfjuːzəz/,/fjˈuːz/,The fuses blew during the storm.,The fuse blew during the storm.,嵐の間、ヒューズが飛んだ。,嵐の間、ヒューズが飛んだ。,屈折IPAの原形化 / 例文の原形主語整合化
15875,militant,C1,C1,過激派、戦闘員,過激派、戦闘員,/ˈmɪlətənts/,/mˈɪlətənt/,The militants attacked the village.,The militant attacked the village.,過激派が村を攻撃した。,過激派が村を攻撃した。,屈折IPAの原形化 / 例文の原形主語整合化
15876,peasant,C1,C1,農民,農民,/ˈpɛzənt/,/ˈpɛzənt/,The peasants worked in the fields all day.,The peasant worked in the fields all day.,農民たちは一日中畑で働いた。,農民たちは一日中畑で働いた。,例文の原形主語整合化
15877,presume,C1,C1,推定する,推定する,/prəˈzuːmz/,/prɪzˈuːm/,He presumes he will win.,I presume he will win.,彼は自分が勝つと推定している。,私は自分が勝つと推定している。,屈折IPAの原形化 / 例文の原形主語整合化
15882,hostility,C1,C1,敵意、戦闘行為,敵意、戦闘行為,/hɑˈstɪlətiz/,/hɑːstˈɪlətiː/,The hostilities between the two countries ended.,The hostilities between the two countries ended.,その2国間の敵対行為は終わった。,その2国間の敵対行為は終わった。,屈折IPAの原形化
15889,accusation,C1,C1,告発,告発,/ˌækjəˈzeɪʃənz/,/ˌækjəzˈeɪʃən/,The politician denied all the accusations.,The politician denied all the accusation.,その政治家はすべての告発を否定した。,その政治家はすべての告発を否定した。,屈折IPAの原形化 / 例文の原形主語整合化
15892,benchmark,C1,C1,基準,基準,/ˈbɛˌntʃmɑrks/,/bˈentʃmˌɑːrk/,The company set new benchmarks for product quality.,The company set new benchmark for product quality.,会社は製品の品質に関する新しい基準を設定した。,会社は製品の品質に関する新しい基準を設定した。,屈折IPAの原形化 / 例文の原形主語整合化
15898,quarry,C1,C1,採石場,採石場,/ˈkwɔriz/,/kwˈɔːriː/,They found a lot of stones in the quarries.,They found a lot of stones in the quarries.,彼らは採石場でたくさんの石を発見した。,彼らは採石場でたくさんの石を発見した。,屈折IPAの原形化
15903,calorie,C1,C1,カロリー,カロリー,/ˈkæləri/,/ˈkæləri/,This meal is high in calories.,This meal is high in calorie.,この食事はカロリーが高いです。,この食事はカロリーが高いです。,例文の原形主語整合化
15904,commence,C1,C1,始める,始める,/kəˈmɛns/,/kəmˈens/,The meeting will commence at 9 AM.,The meeting will commence at 9 AM.,会議は午前9時に始まる。,会議は午前9時に始まる。,屈折IPAの原形化
15908,disrupt,C1,C1,混乱させる,混乱させる,/dɪˈsrʌpts/,/dɪsrˈʌpt/,The strike disrupts the public transport system.,The strike disrupt the public transport system.,ストライキは公共交通システムを混乱させている。,ストライキは公共交通システムを混乱させている。,屈折IPAの原形化 / 例文の原形主語整合化
15913,adolescent,C1,C1,青年,青年,/ˌædəˈlɛsənts/,/ˌædəlˈesənt/,Adolescents face many challenges.,adolescent face many challenges.,青年は多くの課題に直面している。,青年は多くの課題に直面している。,屈折IPAの原形化 / 例文の原形主語整合化
15914,backdrop,C1,C1,背景,背景,/ˈbæˌkdrɑps/,/bˈækdrˌɑːp/,The mountains form a beautiful backdrop to the village.,The mountains form a beautiful backdrop to the village.,山々は村の美しい背景を形成している。,山々は村の美しい背景を形成している。,屈折IPAの原形化
15915,columnist,C1,C1,コラムニスト,コラムニスト,/ˈkɑləmnəsts/,/kˈɑːləmnəst/,The newspaper has several prominent columnists.,The newspaper has several prominent columnist.,その新聞には著名なコラムニストが何人かいる。,その新聞には著名なコラムニストが何人かいる。,屈折IPAの原形化 / 例文の原形主語整合化
15916,competence,C1,C1,能力,能力,/ˈkɑmpətɪns/,/kˈɑːmpətɪns/,He demonstrated great competence in his work.,He demonstrated great competence in his work.,彼は仕事で素晴らしい能力を示しました。,彼は仕事で素晴らしい能力を示しました。,屈折IPAの原形化
15920,resilience,C1,C1,回復力,回復力,/rɪˈzɪliəns/,/rɪzˈɪliːəns/,Her resilience in the face of adversity was truly admirable.,Her resilience in the face of adversity was truly admirable.,逆境に直面した彼女の回復力は本当に称賛に値しました。,逆境に直面した彼女の回復力は本当に称賛に値しました。,屈折IPAの原形化
15921,rotate,C1,C1,回転する,回転する,/ˈroʊˌteɪt/,/ˈroʊˌteɪt/,The Earth rotates on its axis.,The Earth rotate on its axis.,地球は地軸を中心に回転する。,地球は地軸を中心に回転する。,例文の原形主語整合化
15923,cloak,C1,C1,外套,外套,/ˈkloʊks/,/klˈoʊk/,They wore cloaks to protect themselves from the cold.,They wore cloak to protect themselves from the cold.,彼らは寒さから身を守るために外套を着た。,彼らは寒さから身を守るために外套を着た。,屈折IPAの原形化 / 例文の原形主語整合化
15924,concession,C1,C1,譲歩、妥協,譲歩、妥協,/kəˈnsɛʃənz/,/kənsˈeʃən/,They made several concessions during the negotiations.,They made several concession during the negotiations.,彼らは交渉中にいくつかの譲歩をした。,彼らは交渉中にいくつかの譲歩をした。,屈折IPAの原形化 / 例文の原形主語整合化
15928,parameter,C1,C1,パラメータ,パラメータ,/pərˈæmətər/,/pərˈæmətər/,The experiment requires careful control of parameters.,The experiment requires careful control of parameter.,実験にはパラメータの慎重な制御が必要である。,実験にはパラメータの慎重な制御が必要である。,例文の原形主語整合化
15937,induce,C1,C1,誘発する,誘発する,/ɪˈnduːsɪz/,/ɪndˈuːs/,Stress induces headaches in some people.,Stress induce headaches in some people.,ストレスは一部の人々に頭痛を誘発する。,ストレスは一部の人々に頭痛を誘発する。,屈折IPAの原形化 / 例文の原形主語整合化
15938,subsidy,C1,C1,補助金,補助金,/ˈsʌbsədiz/,/sˈʌbsɪdiː/,The government provides subsidies to farmers.,The government provides subsidies to farmers.,政府は農家に補助金を提供している。,政府は農家に補助金を提供している。,屈折IPAの原形化
15940,vow,C1,C1,誓い,誓い,/ˈvaʊz/,/vˈaʊ/,They exchanged vows at their wedding.,They exchanged vow at their wedding.,彼らは結婚式で誓いを交わした。,彼らは結婚式で誓いを交わした。,屈折IPAの原形化 / 例文の原形主語整合化
15942,amend,C1,C1,償い、埋め合わせ,償い、埋め合わせ,/əˈmɛndz/,/əmˈend/,He tried to make amends for his mistakes.,He tried to make amend for his mistakes.,彼は自分の過ちを償おうとしました。,私は自分の過ちを償おうとしました。,屈折IPAの原形化 / 例文の原形主語整合化
15944,cater,C1,C1,対応する,対応する,/ˈkeɪtər/,/ˈkeɪtər/,The restaurant caters for parties and weddings.,The restaurant cater for parties and weddings.,そのレストランはパーティーや結婚式に対応している。,そのレストランはパーティーや結婚式に対応している。,例文の原形主語整合化
15946,educator,C1,C1,教育者,教育者,/ˈɛdʒəˌkeɪtərz/,/ˈedʒəkˌeɪtɚ/,Educators play a vital role in society.,educator play a vital role in society.,教育者は社会において重要な役割を果たしています。,教育者は社会において重要な役割を果たしています。,屈折IPAの原形化 / 例文の原形主語整合化
15947,gypsy,C1,C1,ジプシー,ジプシー,/ˈdʒɪpsiz/,/dʒˈɪpsiː/,The gypsies traveled from town to town.,The gypsies traveled from town to town.,ジプシーは町から町へ旅をしました。,ジプシーは町から町へ旅をしました。,屈折IPAの原形化
15948,outsider,C1,C1,部外者,部外者,/aʊˈtsaɪdərz/,/aʊtsˈaɪdɚ/,They don't let outsiders in.,They don't let outsider in.,彼らは部外者を入れない。,彼らは部外者を入れない。,屈折IPAの原形化 / 例文の原形主語整合化
15950,prevail,C1,C1,普及している,普及している,/prɪˈveɪlz/,/prɪvˈeɪl/,The old tradition still prevails in the village.,The old tradition still prevail in the village.,その古い伝統は今でもその村で普及している。,その古い伝統は今でもその村で普及している。,屈折IPAの原形化 / 例文の原形主語整合化
15951,administer,C1,C1,管理する、施行する,管理する、施行する,/æˈdmɪnɪstərz/,/ədmˈɪnəstɚ/,The company administers the employee benefits program.,The company administer the employee benefits program.,その会社は従業員の福利厚生プログラムを管理しています。,その会社は従業員の福利厚生プログラムを管理しています。,屈折IPAの原形化 / 例文の原形主語整合化
15952,articulate,C1,C1,明確に述べる、表現する,明確に述べる、表現する,/ɑˈrtɪkjələts/,/ɑːrtˈɪkjəlˌeɪt/,She articulates her thoughts clearly and effectively.,I articulate her thoughts clearly and effectively.,彼女は自分の考えを明確かつ効果的に表現する。,私は自分の考えを明確かつ効果的に表現する。,屈折IPAの原形化 / 例文の原形主語整合化
15953,expire,C1,C1,期限切れになる,期限切れになる,/ɪˈkspaɪərz/,/ɪkspˈaɪr/,The warranty expires next month.,The warranty expire next month.,保証は来月期限切れになる。,保証は来月期限切れになる。,屈折IPAの原形化 / 例文の原形主語整合化
15954,haunt,C1,C1,出没場所,出没場所,/ˈhɔnts/,/hˈɔːnt/,The old castle is said to be haunted.,The old castle is said to be haunted.,その古い城は幽霊が出没すると言われています。,その古い城は幽霊が出没すると言われています。,屈折IPAの原形化
15955,indulge,C1,C1,ふける,ふける,/ɪˈndʌldʒɪz/,/ɪndˈʌldʒ/,He indulges in chocolate every evening.,I indulge in chocolate every evening.,彼は毎晩チョコレートにふける。,私は毎晩チョコレートにふける。,屈折IPAの原形化 / 例文の原形主語整合化
15959,screenplay,C1,C1,脚本,脚本,/ˈskriːˌnpleɪz/,/skrˈiːnplˌeɪ/,She writes screenplays for a living.,She writes screenplay for a living.,彼女は生計のために脚本を書いている。,私は生計のために脚本を書いている。,屈折IPAの原形化 / 例文の原形主語整合化
15960,conform,C1,C1,従う,従う,/kəˈnfɔrmz/,/kənfˈɔːrm/,The design conforms to all safety regulations.,The design conform to all safety regulations.,そのデザインはすべての安全規制に従っている。,そのデザインはすべての安全規制に従っている。,屈折IPAの原形化 / 例文の原形主語整合化
15962,dispose,C1,C1,処分する,処分する,/dɪˈspoʊz/,/dɪspˈoʊz/,Please dispose of the trash properly.,Please dispose of the trash properly.,ゴミは適切に処分してください。,ゴミは適切に処分してください。,屈折IPAの原形化
15969,overlook,C1,C1,見下ろす,見下ろす,/ˈoʊvərˌlʊks/,/ˈoʊvɚlˌʊk/,The balcony overlooks the garden.,The balcony overlook the garden.,そのバルコニーは庭を見下ろしている。,そのバルコニーは庭を見下ろしている。,屈折IPAの原形化 / 例文の原形主語整合化
15974,reap,C1,C1,収穫する,収穫する,/ˈriːps/,/rˈiːp/,The farmer reaps a good harvest every year.,The farmer reap a good harvest every year.,農夫は毎年良い収穫を収穫します。,農夫は毎年良い収穫を収穫します。,屈折IPAの原形化 / 例文の原形主語整合化
15981,conceal,C1,C1,隠す,隠す,/kəˈnsiːlz/,/kənsˈiːl/,The forest conceals many hidden pathways.,The forest conceal many hidden pathways.,その森は多くの隠された小道を隠している。,その森は多くの隠された小道を隠している。,屈折IPAの原形化 / 例文の原形主語整合化
15983,subscriber,C1,C1,加入者,加入者,/səˈbskraɪbərz/,/səbskrˈaɪbɚ/,We have gained many new subscribers to our online service.,We have gained many new subscriber to our online service.,私たちのオンラインサービスに多くの新規加入者が増えた。,私たちのオンラインサービスに多くの新規加入者が増えた。,屈折IPAの原形化 / 例文の原形主語整合化
15987,boast,C1,C1,自慢する,自慢する,/ˈboʊsts/,/bˈoʊst/,He always boasts about his achievements.,He always boast about his achievements.,彼はいつも自分の業績を自慢します。,私はいつも自分の業績を自慢します。,屈折IPAの原形化 / 例文の原形主語整合化
15991,oversee,C1,C1,監督する,監督する,/ˈoʊvərˌsiːz/,/ˈoʊvɚsˌiː/,The manager oversees all the projects.,The manager oversee all the projects.,マネージャーはすべてのプロジェクトを監督している。,マネージャーはすべてのプロジェクトを監督している。,屈折IPAの原形化 / 例文の原形主語整合化
16004,provoke,C1,C1,引き起こす,引き起こす,/prəˈvoʊks/,/prəvˈoʊk/,His comments provoked a strong reaction.,His comments provoked a strong reaction.,彼のコメントは強い反応を引き起こした。,彼のコメントは強い反応を引き起こした。,屈折IPAの原形化
16009,coincide,C1,C1,一致する,一致する,/ˌkoʊɪˈnsaɪdz/,/kˌoʊɪnsˈaɪd/,The holiday coincides with my birthday.,The holiday coincide with my birthday.,その祝日は私の誕生日と一致する。,その祝日は私の誕生日と一致する。,屈折IPAの原形化 / 例文の原形主語整合化
16012,lapse,C1,C1,過失、失効、時間の経過,過失、失効、時間の経過,/ˈlæps/,/lˈæps/,There was a lapse in communication that caused the problem.,There was a lapse in communication that caused the problem.,問題を引き起こしたコミュニケーションの失効があった。,問題を引き起こしたコミュニケーションの失効があった。,屈折IPAの原形化
16013,plunge,C1,C1,急落する,急落する,/ˈplʌndʒɪz/,/plˈʌndʒ/,The stock market plunged yesterday.,The stock market plunged yesterday.,株式市場は昨日急落した。,株式市場は昨日急落した。,屈折IPAの原形化
16014,remorse,C1,C1,後悔、自責の念,後悔、自責の念,/rɪˈmɔrs/,/rɪmˈɔːrs/,He showed no remorse for his actions.,He showed no remorse for his actions.,彼は自分の行動に対する後悔を示さなかった。,彼は自分の行動に対する後悔を示さなかった。,屈折IPAの原形化
16017,accumulate,C1,C1,蓄積する,蓄積する,/əˈkjuːmjəˌleɪts/,/əkjˈuːmjəlˌeɪt/,Snow accumulates in the winter.,Snow accumulate in the winter.,雪は冬に蓄積する。,雪は冬に蓄積する。,屈折IPAの原形化 / 例文の原形主語整合化
16018,blockbuster,C1,C1,大ヒット作,大ヒット作,/ˈblɑˌkbʌstərz/,/blˈɑːkbˌʌstɚ/,This summer has a number of movie blockbusters.,This summer has a number of movie blockbuster.,この夏には多くの映画の大ヒット作がある。,この夏には多くの映画の大ヒット作がある。,屈折IPAの原形化 / 例文の原形主語整合化
16019,concede,C1,C1,（しぶしぶ）認める、譲歩する,（しぶしぶ）認める、譲歩する,/kəˈnsiːdz/,/kənsˈiːd/,He concedes that he made a mistake.,I concede that he made a mistake.,彼は自分が間違いを犯したことを（しぶしぶ）認める。,私は自分が間違いを犯したことを（しぶしぶ）認める。,屈折IPAの原形化 / 例文の原形主語整合化
16027,crave,C1,C1,切望する,切望する,/ˈkreɪvz/,/krˈeɪv/,He craves a piece of chocolate cake.,I crave a piece of chocolate cake.,彼はチョコレートケーキを一切れ切望している。,私はチョコレートケーキを一切れ切望している。,屈折IPAの原形化 / 例文の原形主語整合化
16030,graft,C1,C1,"移植片,接ぎ木","移植片,接ぎ木",/ˈɡræfts/,/ɡrˈæft/,The surgeons successfully performed several grafts.,The surgeons successfully performed several graft.,外科医は、いくつかの移植手術を成功裏に実行しました。,外科医は、いくつかの移植手術を成功裏に実行しました。,屈折IPAの原形化 / 例文の原形主語整合化
16033,applaud,C1,C1,称賛する,称賛する,/əˈplɔdz/,/əplˈɔːd/,The audience applauds the performance.,The audience applaud the performance.,観客はパフォーマンスを称賛する。,観客はパフォーマンスを称賛する。,屈折IPAの原形化 / 例文の原形主語整合化
16039,stabilize,C1,C1,安定させる,安定させる,/ˈsteɪbəˌlaɪz/,/stˈeɪbəlˌaɪz/,The government is trying to stabilize the economy.,The government is trying to stabilize the economy.,政府は経済を安定させようとしています。,政府は経済を安定させようとしています。,屈折IPAの原形化
16040,suffice,C1,C1,十分である,十分である,/səˈfaɪs/,/səfˈaɪs/,This explanation should suffice for now.,This explanation should suffice for now.,この説明は今のところ十分だろう。,この説明は今のところ十分だろう。,屈折IPAの原形化
16043,contradiction,C1,C1,矛盾、反論（複数形）,矛盾、反論（複数形）,/ˌkɑntrəˈdɪkʃənz/,/kˌɑːntrədˈɪkʃən/,There were contradictions in his testimony.,There were contradiction in his testimony.,彼の証言には矛盾があった。,彼の証言には矛盾があった。,屈折IPAの原形化 / 例文の原形主語整合化
16044,depiction,C1,C1,描写、表現,描写、表現,/dɪˈpɪkʃənz/,/dɪpˈɪkʃən/,The paintings offered different depictions of the city at night.,The paintings offered different depiction of the city at night.,その絵画は夜の街の異なる描写を提供した。,その絵画は夜の街の異なる描写を提供した。,屈折IPAの原形化 / 例文の原形主語整合化
16047,pinnacle,C1,C1,頂点,頂点,/ˈpɪnəkəlz/,/pˈɪnəkəl/,The athlete reached the pinnacle of his career.,The athlete reached the pinnacle of his career.,その選手はキャリアの頂点に達した。,その選手はキャリアの頂点に達した。,屈折IPAの原形化
16050,deprivation,C1,C1,剥奪,剥奪,/ˌdɛprəˈveɪʃənz/,/dˌeprəvˈeɪʃən/,The children suffered from severe deprivations during the war.,The children suffered from severe deprivation during the war.,子供たちは戦争中に深刻な剥奪に苦しみました。,子供たちは戦争中に深刻な剥奪に苦しみました。,屈折IPAの原形化 / 例文の原形主語整合化
16063,sanction,C1,C1,制裁,制裁,/ˈsæŋkʃənz/,/sˈæŋkʃən/,The country faced economic sanctions after the invasion.,The country faced economic sanction after the invasion.,その国は侵略後、経済制裁に直面した。,その国は侵略後、経済制裁に直面した。,屈折IPAの原形化 / 例文の原形主語整合化
16064,stereotype,C1,C1,固定観念,固定観念,/ˈstɛriəˌtaɪps/,/stˈeriːətˌaɪp/,It's important to avoid stereotypes when judging people.,It's important to avoid stereotype when judging people.,人々を判断するときは、固定観念を避けることが重要である。,人々を判断するときは、固定観念を避けることが重要である。,屈折IPAの原形化 / 例文の原形主語整合化
16067,cultivate,C1,C1,耕す、育成する,耕す、育成する,/ˈkʌltɪˌveɪts/,/kˈʌltəvˌeɪt/,The farmer cultivates his land with care.,The farmer cultivate his land with care.,農夫は注意深く彼の土地を耕します。,農夫は注意深く彼の土地を耕します。,屈折IPAの原形化 / 例文の原形主語整合化
16068,defy,C1,C1,抵抗する,抵抗する,/dɪˈfaɪz/,/dɪfˈaɪ/,His behavior defies explanation.,His behavior defies explanation.,彼の行動は説明に抵抗する。,彼の行動は説明に抵抗する。,屈折IPAの原形化
16069,divert,C1,C1,そらす、転換する,そらす、転換する,/daɪˈvɜːrts/,/daɪvˈɜːrt/,The road diverts around the construction zone.,The road divert around the construction zone.,道路は建設現場の周りを迂回する。,道路は建設現場の周りを迂回する。,屈折IPAの原形化 / 例文の原形主語整合化
16074,bouquet,C1,C1,花束,花束,/boʊˈkeɪz/,/buːkˈeɪ/,She received bouquets of flowers for her birthday.,She received bouquet of flowers for her birthday.,彼女は誕生日に花束を受け取った。,私は誕生日に花束を受け取った。,屈折IPAの原形化 / 例文の原形主語整合化
16076,compute,C1,C1,計算する,計算する,/kəˈmpjuːts/,/kəmpjˈuːt/,The computer quickly computes complex mathematical equations.,The computer quickly compute complex mathematical equations.,コンピューターは複雑な数式を迅速に計算する。,コンピューターは複雑な数式を迅速に計算する。,屈折IPAの原形化 / 例文の原形主語整合化
16078,depict,C1,C1,描く,描く,/dɪˈpɪkt/,/dɪˈpɪkt/,The painting depicts a rural scene.,The painting depict a rural scene.,その絵は田園風景を描いている。,その絵は田園風景を描いている。,例文の原形主語整合化
16079,diagnose,C1,C1,診断する,診断する,/ˌdaɪəˈɡnoʊs/,/dˌaɪəɡnˈoʊs/,The doctor was able to diagnose the illness quickly.,The doctor was able to diagnose the illness quickly.,医師はすぐに病気を診断することができた。,医師はすぐに病気を診断することができた。,屈折IPAの原形化
16083,substitution,C1,C1,代用品、代用,代用品、代用,/ˌsʌbstɪˈtjuːʃənz/,/sˌʌbstɪtˈuːʃən/,We made several substitutions in the recipe.,We made several substitution in the recipe.,私たちはレシピでいくつかの代用品を使った。,私たちはレシピでいくつかの代用品を使った。,屈折IPAの原形化 / 例文の原形主語整合化
16089,embark,C1,C1,乗り出す,乗り出す,/ɪˈmbɑrks/,/embˈɑːrk/,He embarks on a new adventure.,I embark on a new adventure.,彼は新しい冒険に乗り出す。,私は新しい冒険に乗り出す。,屈折IPAの原形化 / 例文の原形主語整合化
16090,hypocrite,C1,C1,偽善者,偽善者,/ˈhɪpəˌkrɪts/,/hˈɪpəkrˌɪt/,He accused them of being hypocrites.,He accused them of being hypocrite.,彼は彼らを偽善者だと非難した。,私は彼らを偽善者だと非難した。,屈折IPAの原形化 / 例文の原形主語整合化
16096,panorama,C1,C1,全景,全景,/ˌpænərˈæməs/,/pˌænɚˈæmə/,The mountain offers stunning panoramas.,The mountain offers stunning panorama.,その山からは素晴らしい全景が見られる。,その山からは素晴らしい全景が見られる。,屈折IPAの原形化 / 例文の原形主語整合化
16102,authorize,C1,C1,認可する,認可する,/ˈɔθərˌaɪz/,/ˈɔːθɚˌaɪz/,The manager had to authorize the purchase.,The manager had to authorize the purchase.,マネージャーは購入を認可する必要があった。,マネージャーは購入を認可する必要があった。,屈折IPAの原形化
16106,guerrilla,C1,C1,ゲリラ、ゲリラ戦の,ゲリラ、ゲリラ戦の,/ɡərˈɪlə/,/ɡərˈɪlə/,The guerrillas launched a surprise attack on the enemy base.,The guerrilla launched a surprise attack on the enemy base.,ゲリラは、敵基地に奇襲攻撃を仕掛けた。,ゲリラは、敵基地に奇襲攻撃を仕掛けた。,例文の原形主語整合化
16107,resent,C1,C1,憤慨する,憤慨する,/rɪˈzɛnts/,/rɪzˈent/,He resents his brother's success.,I resent his brother's success.,彼は兄の成功に憤慨している。,私は兄の成功に憤慨している。,屈折IPAの原形化 / 例文の原形主語整合化
16112,designate,C1,C1,指定する,指定する,/ˈdɛzɪˌɡneɪts/,/dˈezəɡnˌeɪt/,The sign designates this area for parking.,The sign designate this area for parking.,その標識はここを駐車エリアに指定している。,その標識はここを駐車エリアに指定している。,屈折IPAの原形化 / 例文の原形主語整合化
16115,originate,C1,C1,始まる,始まる,/ərˈɪdʒəˌneɪts/,/ɚˈɪdʒənˌeɪt/,The river originates in the mountains.,The river originate in the mountains.,その川は山に始まる。,その川は山に始まる。,屈折IPAの原形化 / 例文の原形主語整合化
16116,otter,C1,C1,カワウソ,カワウソ,/ˈɑtərz/,/ˈɑːtɚ/,The otters were playing in the water.,The otter were playing in the water.,カワウソたちは水中で遊んでいた。,カワウソたちは水中で遊んでいた。,屈折IPAの原形化 / 例文の原形主語整合化
16123,insertion,C1,C1,挿入、挿入部位,挿入、挿入部位,/ɪˈnsɜːrʃənz/,/ɪnsˈɜːrʃən/,Genetic insertions can alter the function of a gene.,Genetic insertion can alter the function of a gene.,遺伝子の挿入は、遺伝子の機能を変化させる可能性がある。,遺伝子の挿入は、遺伝子の機能を変化させる可能性がある。,屈折IPAの原形化 / 例文の原形主語整合化
16128,appliance,C1,C1,電化製品,電化製品,/əˈplaɪəns/,/əplˈaɪəns/,The washing machine is a useful household appliance.,The washing machine is a useful household appliance.,洗濯機は便利な家庭用電化製品です。,洗濯機は便利な家庭用電化製品です。,屈折IPAの原形化
16131,escalate,C1,C1,エスカレートする,エスカレートする,/ˈɛskəˌleɪts/,/ˈeskəlˌeɪt/,The conflict between the two countries escalates each day.,The conflict between the two countries escalate each day.,両国間の紛争は日々エスカレートしている。,両国間の紛争は日々エスカレートしている。,屈折IPAの原形化 / 例文の原形主語整合化
16138,deem,C1,C1,みなす、判断する,みなす、判断する,/ˈdiːmz/,/dˈiːm/,The judge deems the evidence insufficient.,The judge deem the evidence insufficient.,裁判官はその証拠が不十分であるとみなす。,裁判官はその証拠が不十分であるとみなす。,屈折IPAの原形化 / 例文の原形主語整合化
16141,loom,C1,C1,迫る,迫る,/ˈluːmz/,/lˈuːm/,The election looms nearer every day.,The election loom nearer every day.,選挙は日に日に迫っている。,選挙は日に日に迫っている。,屈折IPAの原形化 / 例文の原形主語整合化
16147,disdain,C1,C1,軽蔑する,軽蔑する,/dɪˈsdeɪnz/,/dɪsdˈeɪn/,She disdains those who are dishonest.,I disdain those who are dishonest.,彼女は不正直な人を軽蔑する。,私は不正直な人を軽蔑する。,屈折IPAの原形化 / 例文の原形主語整合化
16148,farce,C1,C1,茶番劇,茶番劇,/ˈfɑrs/,/fˈɑːrs/,The whole situation was a complete farce.,The whole situation was a complete farce.,その状況全体が完全な茶番劇でした。,その状況全体が完全な茶番劇でした。,屈折IPAの原形化
16151,characterize,C1,C1,特徴づける,特徴づける,/ˈkɛrəktərˌaɪz/,/kˈerəktɚˌaɪz/,His laziness characterizes his approach to work.,His laziness characterize his approach to work.,彼の怠惰さが彼の仕事への取り組み方を特徴づけている。,彼の怠惰さが彼の仕事への取り組み方を特徴づけている。,屈折IPAの原形化 / 例文の原形主語整合化
16153,relapse,C1,C1,再発,再発,/riˈlæps/,/riːlˈæps/,He suffered a relapse after several months of recovery.,He suffered a relapse after several months of recovery.,彼は数ヶ月の回復の後、再発を経験した。,彼は数ヶ月の回復の後、再発を経験した。,屈折IPAの原形化
16154,supervise,C1,C1,監督する,監督する,/ˈsuːpərˌvaɪz/,/sˈuːpɚvˌaɪz/,The teacher will supervise the students during the exam.,The teacher will supervise the students during the exam.,先生は試験中、生徒を監督する。,先生は試験中、生徒を監督する。,屈折IPAの原形化
16156,allocate,C1,C1,割り当てる、配分する,割り当てる、配分する,/ˈæləˌkeɪts/,/ˈæləkˌeɪt/,The company allocates funds for research projects.,The company allocate funds for research projects.,会社は研究プロジェクトのために資金を割り当てる。,会社は研究プロジェクトのために資金を割り当てる。,屈折IPAの原形化 / 例文の原形主語整合化
16157,complication,C1,C1,合併症,合併症,/ˌkɑmpləˈkeɪʃənz/,/kˌɑːmpləkˈeɪʃən/,The surgery had some unexpected complications.,The surgery had some unexpected complication.,その手術にはいくつかの予期せぬ合併症があった。,その手術にはいくつかの予期せぬ合併症があった。,屈折IPAの原形化 / 例文の原形主語整合化
16161,linger,C1,C1,残る,残る,/ˈlɪŋɡərz/,/lˈɪŋɡɚ/,The smell of smoke lingers in the air.,The smell of smoke linger in the air.,煙の臭いが空気に残っている。,煙の臭いが空気に残っている。,屈折IPAの原形化 / 例文の原形主語整合化
16166,aspiration,C1,C1,願望、大志,願望、大志,/ˌæspərˈeɪʃənz/,/ˌæspɚˈeɪʃən/,He has high aspirations for his future.,He has high aspiration for his future.,彼は将来に対して大きな願望を抱いている。,私は将来に対して大きな願望を抱いている。,屈折IPAの原形化 / 例文の原形主語整合化
16170,incur,C1,C1,負う、招く,負う、招く,/ɪˈnkɜːrz/,/ɪnkˈɜːr/,The company may incur losses if they don't manage their risks well.,The company may incur losses if they don't manage their risks well.,会社はリスクをうまく管理しなければ、損失を被る可能性がある。,会社はリスクをうまく管理しなければ、損失を被る可能性がある。,屈折IPAの原形化
16171,reassure,C1,C1,安心させる,安心させる,/ˌriːəˈʃʊrz/,/rˌiːəʃˈʊr/,The doctor's words reassures the patient.,The doctor's words reassure the patient.,医者の言葉は患者を安心させる。,医者の言葉は患者を安心させる。,屈折IPAの原形化 / 例文の原形主語整合化
16182,compel,C1,C1,強制する、駆り立てる,強制する、駆り立てる,/kəˈmpɛlz/,/kəmpˈel/,The evidence compels us to believe him.,The evidence compel us to believe him.,その証拠は私たちに彼を信じざるを得ないと思わせる。,その証拠は私たちに彼を信じざるを得ないと思わせる。,屈折IPAの原形化 / 例文の原形主語整合化
16183,constraint,C1,C1,制約、制約条件,制約、制約条件,/kəˈnstreɪnts/,/kənstrˈeɪnt/,The project faced budget and time constraints.,The project faced budget and time constraint.,そのプロジェクトは予算と時間の制約に直面した。,そのプロジェクトは予算と時間の制約に直面した。,屈折IPAの原形化 / 例文の原形主語整合化
16184,degrade,C1,C1,劣化させる,劣化させる,/dɪˈɡreɪdz/,/dɪɡrˈeɪd/,The sun degrades the plastic over time.,The sun degrade the plastic over time.,太陽は時が経つにつれてプラスチックを劣化させる。,太陽は時が経つにつれてプラスチックを劣化させる。,屈折IPAの原形化 / 例文の原形主語整合化
16190,evoke,C1,C1,呼び起こす、喚起する,呼び起こす、喚起する,/ɪˈvoʊks/,/ɪvˈoʊk/,The painting evokes a feeling of nostalgia.,The painting evoke a feeling of nostalgia.,その絵は懐かしさを呼び起こす。,その絵は懐かしさを呼び起こす。,屈折IPAの原形化 / 例文の原形主語整合化
16193,invoice,C1,C1,請求書,請求書,/ˈɪnvɔɪsɪz/,/ˈɪnvɔɪs/,Please send me the invoices for the work.,Please send me the invoice for the work.,その作業の請求書を送ってください。,その作業の請求書を送ってください。,屈折IPAの原形化 / 例文の原形主語整合化
16200,reassurance,C1,C1,安心させる言葉、保証,安心させる言葉、保証,/ˌriːəˈʃɜːrənsɪz/,/rˌiːəʃˈʊrəns/,He offered her reassurances that everything would be okay.,He offered her reassurance that everything would be okay.,彼は彼女にすべて大丈夫だと安心させた。,私は彼女にすべて大丈夫だと安心させた。,屈折IPAの原形化 / 例文の原形主語整合化
16202,youngster,C1,C1,若者,若者,/ˈjʌŋstərz/,/jˈʌŋstɚ/,Youngsters often enjoy new technology.,youngster often enjoy new technology.,若者はしばしば新しいテクノロジーを楽しみます。,若者はしばしば新しいテクノロジーを楽しみます。,屈折IPAの原形化 / 例文の原形主語整合化
16210,realist,C1,C1,現実主義者,現実主義者,/ˈriːlɪsts/,/rˈiːlɪst/,Realists see things as they truly are.,realist see things as they truly are.,現実主義者は物事をありのままに見る。,現実主義者は物事をありのままに見る。,屈折IPAの原形化 / 例文の原形主語整合化
16221,denounce,C1,C1,非難する,非難する,/dɪˈnaʊns/,/dɪnˈaʊns/,The politician denounced the corruption in the government.,The politician denounced the corruption in the government.,その政治家は政府の腐敗を非難した。,その政治家は政府の腐敗を非難した。,屈折IPAの原形化
16230,overturn,C1,C1,覆す,覆す,/ˈoʊvərˌtɜːrnz/,/ˈoʊvɚtˌɜːrn/,The court overturned the decision.,The court overturned the decision.,裁判所はその決定を覆した。,裁判所はその決定を覆した。,屈折IPAの原形化
16238,mingle,C1,C1,混ざり合う,混ざり合う,/ˈmɪŋɡəlz/,/mˈɪŋɡəl/,The flavors mingle well in this dish.,The flavors mingle well in this dish.,この料理では風味がよく混ざり合っている。,この料理では風味がよく混ざり合っている。,屈折IPAの原形化
16252,deprive,C1,C1,奪う,奪う,/dɪˈpraɪvz/,/dɪprˈaɪv/,The illness deprives him of his energy.,The illness deprive him of his energy.,その病気は彼からエネルギーを奪います。,その病気は彼からエネルギーを奪います。,屈折IPAの原形化 / 例文の原形主語整合化
16253,devise,C1,C1,考案する,考案する,/dɪˈvaɪz/,/dɪvˈaɪz/,We need to devise a better plan.,We need to devise a better plan.,私たちはより良い計画を考案する必要がある。,私たちはより良い計画を考案する必要がある。,屈折IPAの原形化
16254,exaggerate,C1,C1,誇張する,誇張する,/ɪˈɡzædʒərˌeɪts/,/ɪɡzˈædʒɚˌeɪt/,He always exaggerates his stories.,He always exaggerate his stories.,彼はいつも自分の話を誇張する。,私はいつも自分の話を誇張する。,屈折IPAの原形化 / 例文の原形主語整合化
16260,concur,C1,C1,同意する,同意する,/kəˈnkɜːrz/,/kənkˈɜːr/,The report concurs with our findings.,The report concur with our findings.,その報告書は私たちの調査結果に同意している。,その報告書は私たちの調査結果に同意している。,屈折IPAの原形化 / 例文の原形主語整合化
16261,mobilize,C1,C1,動員する,動員する,/ˈmoʊbəˌlaɪz/,/mˈoʊbəlˌaɪz/,The government is trying to mobilize support for the new policy.,The government is trying to mobilize support for the new policy.,政府は新しい政策への支持を動員しようとしている。,政府は新しい政策への支持を動員しようとしている。,屈折IPAの原形化
16264,divergence,C1,C1,相違、分岐,相違、分岐,/daɪˈvɜːrdʒəns/,/daɪvˈɜːrdʒəns/,There was a divergence of opinions among the members.,There was a divergence of opinions among the members.,メンバーの間で意見の相違があった。,メンバーの間で意見の相違があった。,屈折IPAの原形化
16265,embody,C1,C1,体現する,体現する,/ɛˈmbɑdiz/,/ɪmbˈɑːdiː/,She embodies the qualities of a true leader.,She embodies the qualities of a true leader.,彼女は真のリーダーの資質を体現しています。,彼女は真のリーダーの資質を体現しています。,屈折IPAの原形化
16273,intensify,C1,C1,激化する,激化する,/ɪˈntɛnsəˌfaɪz/,/ɪntˈensəfˌaɪ/,The conflict between the two nations intensifies.,The conflict between the two nations intensifies.,2国間の紛争は激化している。,2国間の紛争は激化している。,屈折IPAの原形化
16276,formality,C1,C1,形式的な手続き,形式的な手続き,/fɔˈrmælətiz/,/fɔːrmˈælətiː/,The formalities of the ceremony were important.,The formalities of the ceremony were important.,式典の形式的な手続きは重要だった。,式典の形式的な手続きは重要だった。,屈折IPAの原形化
16277,overwhelm,C1,C1,圧倒する,圧倒する,/ˌoʊvərˈwɛlmz/,/ˌoʊvɚwˈelm/,The sheer amount of work overwhelms me.,The sheer amount of work overwhelm me.,その仕事の量に圧倒されます。,その仕事の量に圧倒されます。,屈折IPAの原形化 / 例文の原形主語整合化
16283,impede,C1,C1,妨げる,妨げる,/ɪˈmpiːdz/,/ɪmpˈiːd/,The bureaucracy impedes progress on new initiatives.,The bureaucracy impede progress on new initiatives.,官僚主義は新しいイニシアチブの進捗を妨げる。,官僚主義は新しいイニシアチブの進捗を妨げる。,屈折IPAの原形化 / 例文の原形主語整合化
16293,quirk,C1,C1,奇癖、癖,奇癖、癖,/ˈkwɜːrks/,/kwˈɜːrk/,His quirks make him unique.,His quirk make him unique.,彼の奇癖が彼をユニークにしている。,彼の奇癖が彼をユニークにしている。,屈折IPAの原形化 / 例文の原形主語整合化
16297,upheaval,C1,C1,激変、大変動,激変、大変動,/əˈphiːvəlz/,/əphˈiːvəl/,The political upheavals led to a change in government.,The political upheaval led to a change in government.,政治的な激変は政権交代をもたらした。,政治的な激変は政権交代をもたらした。,屈折IPAの原形化 / 例文の原形主語整合化
16302,dispense,C1,C1,分配する,分配する,/dɪˈspɛnsɪz/,/dɪspˈens/,The machine dispenses coffee when you press the button.,The machine dispense coffee when you press the button.,ボタンを押すと、機械はコーヒーを分配する。,ボタンを押すと、機械はコーヒーを分配する。,屈折IPAの原形化 / 例文の原形主語整合化
16304,occupant,C1,C1,居住者,居住者,/ˈɑkjəpənts/,/ˈɑːkjəpənt/,The building has many occupants.,The building has many occupant.,その建物には多くの居住者がいる。,その建物には多くの居住者がいる。,屈折IPAの原形化 / 例文の原形主語整合化
16307,sprout,C1,C1,芽,芽,/ˈspraʊts/,/sprˈaʊt/,The sprouts are beginning to appear from the soil.,The sprout are beginning to appear from the soil.,芽が土の中から出始めました。,芽が土の中から出始めました。,屈折IPAの原形化 / 例文の原形主語整合化
16310,conjure,C1,C1,～を思い起こさせる、～を魔法で出す,～を思い起こさせる、～を魔法で出す,/ˈkɑndʒərz/,/kˈɑːndʒɚ/,The aroma of spices conjures memories of her grandmother's kitchen.,The aroma of spices conjure memories of her grandmother's kitchen.,スパイスの香りが彼女の祖母の台所の思い出を思い起こさせる。,スパイスの香りが彼女の祖母の台所の思い出を思い起こさせる。,屈折IPAの原形化 / 例文の原形主語整合化
16313,oblige,C1,C1,義務付ける,義務付ける,/əˈblaɪdʒ/,/əˈblaɪdʒ/,The law obliges all citizens to pay taxes.,The law oblige all citizens to pay taxes.,法律はすべての国民に税金を支払うことを義務付けている。,法律はすべての国民に税金を支払うことを義務付けている。,例文の原形主語整合化
16319,distort,C1,C1,歪める,歪める,/dɪˈstɔrts/,/dɪstˈɔːrt/,The camera angle distorts the appearance of the room.,The camera angle distort the appearance of the room.,カメラの角度は部屋の見え方を歪めている。,カメラの角度は部屋の見え方を歪めている。,屈折IPAの原形化 / 例文の原形主語整合化
16326,unify,C1,C1,統合する,統合する,/unifies/,/jˈuːnəfˌaɪ/,The project unifies diverse communities.,The project unifies diverse communities.,そのプロジェクトは多様なコミュニティを統合する。,そのプロジェクトは多様なコミュニティを統合する。,屈折IPAの原形化
16331,impediment,C1,C1,障害,障害,/ɪˈmpɛdəmənts/,/ɪmpˈedəmənt/,Financial impediments can delay project completion.,Financial impediment can delay project completion.,財政的な障害はプロジェクトの完了を遅らせる可能性がある。,財政的な障害はプロジェクトの完了を遅らせる可能性がある。,屈折IPAの原形化 / 例文の原形主語整合化
16334,poise,C1,C1,落ち着き,落ち着き,/ˈpɔɪz/,/pˈɔɪz/,She maintained her poise under pressure.,She maintained her poise under pressure.,彼女はプレッシャーの下で落ち着きを保った。,彼女はプレッシャーの下で落ち着きを保った。,屈折IPAの原形化
16347,dissection,C1,C1,解剖,解剖,/daɪˈsɛkʃənz/,/daɪsˈekʃən/,The students performed dissections on frogs.,The students performed dissection on frogs.,学生たちはカエルの解剖を行った。,学生たちはカエルの解剖を行った。,屈折IPAの原形化 / 例文の原形主語整合化
16351,blister,C1,C1,水ぶくれ,水ぶくれ,/ˈblɪstərz/,/blˈɪstɚ/,She got blisters on her feet from the new shoes.,She got blister on her feet from the new shoes.,彼女は新しい靴で足に水ぶくれができた。,私は新しい靴で足に水ぶくれができた。,屈折IPAの原形化 / 例文の原形主語整合化
16370,cajun,C1,C1,ケイジャン,ケイジャン,/ˈkeɪdʒənz/,/kˈeɪdʒən/,Cajuns are known for their unique culture and cuisine.,cajun are known for their unique culture and cuisine.,ケイジャンは独特の文化と料理で知られている。,ケイジャンは独特の文化と料理で知られている。,屈折IPAの原形化 / 例文の原形主語整合化
16384,deterrence,C1,C1,抑止,抑止,/dɪˈtɜːrəns/,/dɪtˈɜːrəns/,Nuclear weapons act as a deterrence.,Nuclear weapons act as a deterrence.,核兵器は抑止力として機能する。,核兵器は抑止力として機能する。,屈折IPAの原形化
16389,dud,C1,C1,がらくた,がらくた,/ˈdʌdz/,/dˈʌd/,Those clothes are just duds.,Those clothes are just dud.,それらの服はただのがらくたにすぎない。,それらの服はただのがらくたにすぎない。,屈折IPAの原形化 / 例文の原形主語整合化
16394,enforcer,C1,C1,執行者、取り締まる人,執行者、取り締まる人,/ɛˈnfɔrsərz/,/enfˈɔːrsɚ/,The police are the enforcers of the law.,The police are the enforcer of the law.,警察は法の執行者である。,警察は法の執行者である。,屈折IPAの原形化 / 例文の原形主語整合化
16432,mainframe,C1,C1,大型汎用機,大型汎用機,/ˈmeɪˌnfreɪmz/,/mˈeɪnfrˌeɪm/,Mainframes are still used for large-scale data processing.,mainframe are still used for large-scale data processing.,大型汎用機は、大規模なデータ処理に今でも使用されています。,大型汎用機は、大規模なデータ処理に今でも使用されています。,屈折IPAの原形化 / 例文の原形主語整合化
16434,materialize,C1,C1,具体化する,具体化する,/məˈtɪriəˌlaɪz/,/mətˈɪriːəlˌaɪz/,Her dream finally started to materialize.,Her dream finally started to materialize.,彼女の夢はついに具体化し始めた。,彼女の夢はついに具体化し始めた。,屈折IPAの原形化
16445,normalization,C1,C1,正常化,正常化,/ˌnɔrməlɪˈzeɪʃənz/,/nˌɔːrməlɪzˈeɪʃən/,The normalizations of relations between the two countries is a positive step.,The normalization of relations between the two countries is a positive step.,両国間の関係の正常化は前向きな一歩である。,両国間の関係の正常化は前向きな一歩である。,屈折IPAの原形化 / 例文の原形主語整合化
16457,picker,C1,C1,収穫者,収穫者,/ˈpɪkərz/,/pˈɪkɚ/,The strawberry pickers worked hard in the field.,The strawberry picker worked hard in the field.,イチゴの収穫者たちは畑で一生懸命働いた。,イチゴの収穫者たちは畑で一生懸命働いた。,屈折IPAの原形化 / 例文の原形主語整合化
16460,preside,C1,C1,"議長を務める,司会する","議長を務める,司会する",/prɪˈzaɪdz/,/prɪzˈaɪd/,She presides over the committee meetings.,I preside over the committee meetings.,彼女は委員会会議の議長を務めている。,私は委員会会議の議長を務めている。,屈折IPAの原形化 / 例文の原形主語整合化
16473,sedative,C1,C1,鎮静剤,鎮静剤,/ˈsɛdətɪvz/,/sˈedətɪv/,The doctor prescribed sedatives to help her sleep.,The doctor prescribed sedative to help her sleep.,医師は彼女の睡眠を助けるために鎮静剤を処方した。,医師は彼女の睡眠を助けるために鎮静剤を処方した。,屈折IPAの原形化 / 例文の原形主語整合化
16484,sprawl,C1,C1,不格好に広がる、だらしなく広がる,不格好に広がる、だらしなく広がる,/ˈsprɔlz/,/sprˈɔːl/,The city sprawls across the valley.,The city sprawl across the valley.,都市は谷を横切って不格好に広がっている。,都市は谷を横切って不格好に広がっている。,屈折IPAの原形化 / 例文の原形主語整合化
16491,sustenance,C1,C1,食料,食料,/ˈsʌstənəns/,/sˈʌstənəns/,They need food and water for sustenance.,They need food and water for sustenance.,彼らは食料と水が生活を維持するために必要だ。,彼らは食料と水が生活を維持するために必要だ。,屈折IPAの原形化
16511,arbiter,C1,C1,仲裁者,仲裁者,/ˈɑrbətərz/,/ˈɑːrbɪtɚ/,The committee acted as arbiters in the dispute.,The committee acted as arbiter in the dispute.,委員会は、紛争の仲裁者として行動した。,委員会は、紛争の仲裁者として行動した。,屈折IPAの原形化 / 例文の原形主語整合化
16513,archangel,C1,C1,大天使,大天使,/ˌɑˈrkeɪndʒəl/,/ˌɑˈrkeɪndʒəl/,Michael is considered one of the archangels.,Michael is considered one of the archangel.,ミカエルは大天使の一人と見なされている。,ミカエルは大天使の一人と見なされている。,例文の原形主語整合化
16525,clinician,C1,C1,臨床医,臨床医,/klɪˈnɪʃənz/,/klɪnˈɪʃən/,The clinicians discussed the patient's case.,The clinician discussed the patient's case.,臨床医たちは患者の症例について議論した。,臨床医たちは患者の症例について議論した。,屈折IPAの原形化 / 例文の原形主語整合化
16545,docket,C1,C1,訴訟記録,訴訟記録,/ˈdɑkəts/,/dˈɑːkət/,The court dockets are public information.,The court docket are public information.,裁判所の訴訟記録は公開情報である。,裁判所の訴訟記録は公開情報である。,屈折IPAの原形化 / 例文の原形主語整合化
16557,flatten,C1,C1,平らにする、均す,平らにする、均す,/ˈflætənz/,/flˈætən/,The steamroller flattens the road.,The steamroller flatten the road.,ロードローラーが道路を平らにする。,ロードローラーが道路を平らにする。,屈折IPAの原形化 / 例文の原形主語整合化
16567,heirloom,C1,C1,家宝,家宝,/ˈɛˌrluːmz/,/ˈerlˌuːm/,The family heirlooms were passed down through the generations.,The family heirloom were passed down through the generations.,その家の家宝は、代々受け継がれてきた。,その家の家宝は、代々受け継がれてきた。,屈折IPAの原形化 / 例文の原形主語整合化
16570,hustler,C1,C1,詐欺師、精力的な人,詐欺師、精力的な人,/ˈhʌsələrz/,/hˈʌsəlɚ/,The streets are full of hustlers trying to make a quick buck.,The streets are full of hustler trying to make a quick buck.,街は一儲けしようとする詐欺師で溢れている。,街は一儲けしようとする詐欺師で溢れている。,屈折IPAの原形化 / 例文の原形主語整合化
16572,impatience,C1,C1,いらいら,いらいら,/ɪˈmpeɪʃəns/,/ɪmpˈeɪʃəns/,His impatience was evident as he tapped his foot.,His impatience was evident as he tapped his foot.,彼のいらいらは、足を叩いていたことからも明らかだった。,彼のいらいらは、足を叩いていたことからも明らかだった。,屈折IPAの原形化
16596,noose,C1,C1,絞首刑の輪,絞首刑の輪,/ˈnuːs/,/nˈuːs/,The noose was tightened around his neck.,The noose was tightened around his neck.,絞首刑の輪が彼の首に締め付けられた。,絞首刑の輪が彼の首に締め付けられた。,屈折IPAの原形化
16605,parse,C1,C1,構文解析する,構文解析する,/ˈpɑrs/,/pˈɑːrs/,The software parses complex sentences.,The software parse complex sentences.,そのソフトウェアは複雑な文を構文解析する。,そのソフトウェアは複雑な文を構文解析する。,屈折IPAの原形化 / 例文の原形主語整合化
16630,shingle,C1,C1,屋根板、帯状疱疹,屋根板、帯状疱疹,/ˈʃɪŋɡəlz/,/ʃˈɪŋɡəl/,The shingles on the roof need to be replaced.,The shingle on the roof need to be replaced.,屋根の屋根板を交換する必要がある。,屋根の屋根板を交換する必要がある。,屈折IPAの原形化 / 例文の原形主語整合化
16633,snooze,C1,C1,うたた寝,うたた寝,/ˈsnuːz/,/snˈuːz/,I'll snooze the alarm for 5 more minutes.,I'll snooze the alarm for 5 more minutes.,あと5分アラームをスヌーズする。,あと5分アラームをスヌーズする。,屈折IPAの原形化
16638,suitor,C1,C1,求婚者、訴訟人,求婚者、訴訟人,/ˈsuːtər/,/ˈsuːtər/,The princess had many suitors vying for her hand.,The princess had many suitor vying for her hand.,王女には、彼女の手に入れようと競い合う多くの求婚者がいた。,王女には、彼女の手に入れようと競い合う多くの求婚者がいた。,例文の原形主語整合化
16661,aviator,C1,C1,飛行士、パイロット,飛行士、パイロット,/ˈeɪvieɪtərz/,/ˈeɪviːˌeɪtɚ/,The aviators were honored for their bravery.,The aviator were honored for their bravery.,飛行士たちはその勇敢さを讃えられた。,飛行士たちはその勇敢さを讃えられた。,屈折IPAの原形化 / 例文の原形主語整合化
16670,cataract,C1,C1,白内障,白内障,/ˈkætərˌækts/,/kˈætɚækts/,The patient had surgery for cataracts.,The patient had surgery for cataract.,その患者は白内障の手術を受けた。,その患者は白内障の手術を受けた。,屈折IPAの原形化 / 例文の原形主語整合化
16674,chum,C1,C1,親友,親友,/ˈtʃʌmz/,/tʃˈʌm/,They are old chums.,They are old chum.,彼らは昔からの親友だ。,彼らは昔からの親友だ。,屈折IPAの原形化 / 例文の原形主語整合化
16679,crumb,C1,C1,パンくず,パンくず,/ˈkrʌm/,/ˈkrʌm/,There are crumbs all over the table.,There are crumb all over the table.,テーブル全体にパンくずが落ちている。,テーブル全体にパンくずが落ちている。,例文の原形主語整合化
16687,displace,C1,C1,移す,移す,/dɪˈspleɪs/,/dɪsplˈeɪs/,The hurricane displaced many families.,The hurricane displaced many families.,ハリケーンは多くの家族を移住させた。,ハリケーンは多くの家族を移住させた。,屈折IPAの原形化
16706,grandiose,C1,C1,壮大な,壮大な,/ˌɡrændiˈoʊs/,/ɡrˌændiːˈoʊs/,"The project had grandiose aims, but lacked the resources to realize them.","The project had grandiose aims, but lacked the resources to realize them.",そのプロジェクトは壮大な目標を持っていたが、それを実現するための資源が不足していた。,そのプロジェクトは壮大な目標を持っていたが、それを実現するための資源が不足していた。,屈折IPAの原形化
16709,headlight,C1,C1,ヘッドライト,ヘッドライト,/ˈhɛˌdlaɪts/,/hˈedlˌaɪt/,He turned on the car headlights as it got dark.,He turned on the car headlight as it got dark.,暗くなったので、彼は車のヘッドライトを点けた。,暗くなったので、私は車のヘッドライトを点けた。,屈折IPAの原形化 / 例文の原形主語整合化
16715,inexperience,C1,C1,未経験,未経験,/ˌɪnɪˈkspɪriəns/,/ˌɪnɪkspˈɪriːəns/,His inexperience led to some mistakes.,His inexperience led to some mistakes.,彼の未経験がいくつかのミスにつながった。,彼の未経験がいくつかのミスにつながった。,屈折IPAの原形化
16736,pacemaker,C1,C1,ペースメーカー,ペースメーカー,/ˈpeɪˌsmeɪkərz/,/pˈeɪsmˌeɪkɚ/,Pacemakers regulate the heartbeat.,pacemaker regulate the heartbeat.,ペースメーカーは心臓の鼓動を調整する。,ペースメーカーは心臓の鼓動を調整する。,屈折IPAの原形化 / 例文の原形主語整合化
16744,pounce,C1,C1,飛びかかる,飛びかかる,/ˈpaʊns/,/pˈaʊns/,The cat waited patiently before it pounced on the toy.,The cat waited patiently before it pounced on the toy.,猫は玩具に飛びかかる前に辛抱強く待った。,猫は玩具に飛びかかる前に辛抱強く待った。,屈折IPAの原形化
16748,recombination,C1,C1,組換え,組換え,/recombinations/,/recombinations/,Recombinations contribute to genetic diversity.,recombination contribute to genetic diversity.,組換えは遺伝的多様性に貢献する。,組換えは遺伝的多様性に貢献する。,例文の原形主語整合化
16761,siamese,C1,C1,シャム猫,シャム猫,/ˌsaɪəˈmiːz/,/sˌaɪəmˈiːz/,The Siamese cat has bright blue eyes.,The Siamese cat has bright blue eyes.,シャム猫は明るい青い目を持っている。,シャム猫は明るい青い目を持っている。,屈折IPAの原形化
16778,underscore,C1,C1,強調する,強調する,/ˌʌndərˈskɔrz/,/ˌʌndɚskˈɔːr/,This incident underscores the importance of safety regulations.,This incident underscore the importance of safety regulations.,この事件は安全規制の重要性を強調している。,この事件は安全規制の重要性を強調している。,屈折IPAの原形化 / 例文の原形主語整合化
16781,ventilator,C1,C1,換気装置,換気装置,/ˈvɛntəˌleɪtərz/,/vˈentəlˌeɪtɚ/,The room has several ventilators.,The room has several ventilator.,その部屋にはいくつかの換気装置がある。,その部屋にはいくつかの換気装置がある。,屈折IPAの原形化 / 例文の原形主語整合化
16782,vertebrate,C1,C1,脊椎動物,脊椎動物,/ˈvɜːrtəˌbreɪts/,/vˈɜːrtəbrˌeɪt/,Fish are vertebrates.,Fish are vertebrate.,魚は脊椎動物である。,魚は脊椎動物である。,屈折IPAの原形化 / 例文の原形主語整合化
16795,cinder,C1,C1,燃え殻,燃え殻,/ˈsɪndər/,/ˈsɪndər/,The fire left a pile of cinders.,The fire left a pile of cinder.,火は燃え殻の山を残しました。,火は燃え殻の山を残しました。,例文の原形主語整合化
16797,commenter,C1,C1,コメントする人,コメントする人,/ˈkɑmɛntər/,/ˈkɑmɛntər/,Many commenters expressed their opinions online.,Many commenter expressed their opinions online.,多くのコメントする人がオンラインで意見を述べた。,多くのコメントする人がオンラインで意見を述べた。,例文の原形主語整合化
16802,deference,C1,C1,敬意、服従,敬意、服従,/ˈdɛfərəns/,/dˈefɚəns/,He showed deference to his elders.,He showed deference to his elders.,彼は年長者に対して敬意を示した。,彼は年長者に対して敬意を示した。,屈折IPAの原形化
16827,hummingbird,C1,C1,ハチドリ,ハチドリ,/ˈhʌmɪŋˌbɜːrdz/,/hˈʌmɪŋbˌɜːrd/,Hummingbirds sip nectar from flowers.,hummingbird sip nectar from flowers.,ハチドリは花から蜜を吸う。,ハチドリは花から蜜を吸う。,屈折IPAの原形化 / 例文の原形主語整合化
16828,impasse,C1,C1,行き詰まり,行き詰まり,/ɪˈmpæs/,/ɪmpˈæs/,The negotiations reached an impasse.,The negotiations reached an impasse.,交渉は行き詰まりに達した。,交渉は行き詰まりに達した。,屈折IPAの原形化
16830,increment,C1,C1,増加、増分,増加、増分,/ˈɪŋkrəmənts/,/ˈɪnkrəmənt/,The salary increases will be in small increments.,The salary increases will be in small increment.,給与の増加は、小刻みな増分になるでしょう。,給与の増加は、小刻みな増分になるでしょう。,屈折IPAの原形化 / 例文の原形主語整合化
16835,jihadist,C1,C1,ジハード主義者,ジハード主義者,/ʤiˈhɑˌdɪsts/,/ʤiˈhɑˌdɪsts/,Jihadists are individuals who support a violent form of Islamic extremism.,jihadist are individuals who support a violent form of Islamic extremism.,ジハード主義者は、イスラム過激主義の暴力的な形態を支持する個人です。,ジハード主義者は、イスラム過激主義の暴力的な形態を支持する個人です。,例文の原形主語整合化
16848,mousse,C1,C1,ムース,ムース,/ˈmuːs/,/mˈuːs/,We had chocolate mousse for dessert.,We had chocolate mousse for dessert.,デザートにはチョコレートムースを食べた。,デザートにはチョコレートムースを食べた。,屈折IPAの原形化
16863,polymerase,C1,C1,ポリメラーゼ,ポリメラーゼ,/ˈpɑlɪmərˌeɪs/,/pˈɑːlɪmɚˌeɪs/,Polymerase is an enzyme that synthesizes polymers such as DNA.,Polymerase is an enzyme that synthesizes polymers such as DNA.,ポリメラーゼは、DNAなどのポリマーを合成する酵素である。,ポリメラーゼは、DNAなどのポリマーを合成する酵素である。,屈折IPAの原形化
16872,reprise,C1,C1,繰り返し,繰り返し,/rɪˈpraɪz/,/rɪprˈaɪz/,The band played a reprise of their most famous song.,The band played a reprise of their most famous song.,バンドは彼らの最も有名な曲の繰り返しを演奏した。,バンドは彼らの最も有名な曲の繰り返しを演奏した。,屈折IPAの原形化
16880,smuggler,C1,C1,密輸業者,密輸業者,/ˈsmʌɡlərz/,/smˈʌɡlɚ/,The smugglers were caught by the police.,The smuggler were caught by the police.,密輸業者は警察に捕まった。,密輸業者は警察に捕まった。,屈折IPAの原形化 / 例文の原形主語整合化
16881,snob,C1,C1,気取り屋,気取り屋,/ˈsnɑbz/,/snˈɑːb/,The snobs looked down on everyone who didn't belong to their exclusive club.,The snob looked down on everyone who didn't belong to their exclusive club.,気取り屋たちは、自分たちの排他的なクラブに属さないすべての人を見下した。,気取り屋たちは、自分たちの排他的なクラブに属さないすべての人を見下した。,屈折IPAの原形化 / 例文の原形主語整合化
16897,widget,C1,C1,ウィジェット,ウィジェット,/ˈwɪdʒɪt/,/ˈwɪdʒɪt/,The user interface has many useful widgets.,The user interface has many useful widget.,ユーザーインターフェイスには多くの便利なウィジェットがある。,ユーザーインターフェイスには多くの便利なウィジェットがある。,例文の原形主語整合化
16917,chez,C1,C1,～の家で,～の家で,/ˈtʃɛz/,/tʃˈez/,Let's have dinner chez Marie tonight.,Let's have dinner chez Marie tonight.,今夜はマリーの家で夕食を食べましょう。,今夜はマリーの家で夕食を食べましょう。,屈折IPAの原形化
16926,decorator,C1,C1,装飾業者,装飾業者,/ˈdɛkərˌeɪtərz/,/dˈekɚˌeɪtɚ/,We hired decorators to prepare for the party.,We hired decorator to prepare for the party.,私たちはパーティーの準備をするために装飾業者を雇った。,私たちはパーティーの準備をするために装飾業者を雇った。,屈折IPAの原形化 / 例文の原形主語整合化
16937,encode,C1,C1,符号化する,符号化する,/ɛˈnkoʊd/,/ɛˈnkoʊd/,The program encodes the data for secure transmission.,The program encode the data for secure transmission.,そのプログラムは安全な送信のためにデータを符号化する。,そのプログラムは安全な送信のためにデータを符号化する。,例文の原形主語整合化
16942,extravaganza,C1,C1,大作,大作,/ɪˌkstrævəˈɡænzəz/,/ɪkstrˌævəɡˈænzə/,The theatrical show was one of the most elaborate extravaganzas ever produced.,The theatrical show was one of the most elaborate extravaganza ever produced.,その演劇ショーはこれまで製作された最も手の込んだ大作の1つだった。,その演劇ショーはこれまで製作された最も手の込んだ大作の1つだった。,屈折IPAの原形化 / 例文の原形主語整合化
16954,incursion,C1,C1,侵入,侵入,/ɪˈnkɜːrʒənz/,/ɪnkˈɜːrʒən/,The incursions caused a lot of damage.,The incursion caused a lot of damage.,侵入は多くの損害を引き起こした。,侵入は多くの損害を引き起こした。,屈折IPAの原形化 / 例文の原形主語整合化
16963,marketer,C1,C1,マーケター、販売員,マーケター、販売員,/ˌmɑrkətərz/,/mˈɑːrkətɚ/,Marketers use various strategies to attract customers.,marketer use various strategies to attract customers.,マーケターは顧客を引き付けるためにさまざまな戦略を使用する。,マーケターは顧客を引き付けるためにさまざまな戦略を使用する。,屈折IPAの原形化 / 例文の原形主語整合化
16966,multipurpose,C1,C1,多目的,多目的,/ˌmʌltiˈpɜːrpəs/,/mˌʌltiːpˈɜːrpəs/,This is a multipurpose tool.,This is a multipurpose tool.,これは多目的ツールです。,これは多目的ツールです。,屈折IPAの原形化
16991,sailboat,C1,C1,帆船,帆船,/ˈseɪˌlboʊts/,/sˈeɪlbˌoʊt/,The sailboats were racing in the bay.,The sailboat were racing in the bay.,帆船は湾でレースをしていた。,帆船は湾でレースをしていた。,屈折IPAの原形化 / 例文の原形主語整合化
16998,sleepover,C1,C1,お泊り会,お泊り会,/sˈliˌpoʊvərz/,/sˈliˌpoʊvərz/,The kids are having sleepovers this weekend.,The kids are having sleepover this weekend.,子供たちは週末にお泊り会をする。,子供たちは週末にお泊り会をする。,例文の原形主語整合化
17006,subvert,C1,C1,覆す、転覆させる,覆す、転覆させる,/səˈbvɜːrts/,/səbvˈɜːrt/,He subverts the rules for his own benefit.,I subvert the rules for his own benefit.,彼は自身の利益のために規則を覆す。,私は自身の利益のために規則を覆す。,屈折IPAの原形化 / 例文の原形主語整合化
17015,trapper,C1,C1,罠猟師,罠猟師,/ˈtræpərz/,/trˈæpɚ/,Trappers used to be common in this area.,trapper used to be common in this area.,罠猟師はこの地域では以前は一般的だった。,罠猟師はこの地域では以前は一般的だった。,屈折IPAの原形化 / 例文の原形主語整合化
17019,tusk,C1,C1,牙,牙,/ˈtʌsk/,/ˈtʌsk/,The elephant has long tusks.,The elephant has long tusk.,その象は長い牙を持っている。,その象は長い牙を持っている。,例文の原形主語整合化
17026,ambience,C1,C1,雰囲気,雰囲気,/ˈæmbiəns/,/ˈæmbiːəns/,The restaurant had a cozy ambience.,The restaurant had a cozy ambience.,そのレストランは居心地の良い雰囲気だった。,そのレストランは居心地の良い雰囲気だった。,屈折IPAの原形化
17028,antioxidant,C1,C1,抗酸化物質,抗酸化物質,/ˌæntiˈɑksədənts/,/ˌæntiːˈɑːksədənt/,Antioxidants help protect against cell damage.,antioxidant help protect against cell damage.,抗酸化物質は細胞の損傷から保護するのに役立ちます。,抗酸化物質は細胞の損傷から保護するのに役立ちます。,屈折IPAの原形化 / 例文の原形主語整合化
17046,damper,C1,C1,ダンパー,ダンパー,/ˈdæmpərz/,/dˈæmpɚ/,The dampers help to control the airflow.,The damper help to control the airflow.,ダンパーは空気の流れを制御するのに役立つ。,ダンパーは空気の流れを制御するのに役立つ。,屈折IPAの原形化 / 例文の原形主語整合化
17049,dependant,C1,C1,扶養家族,扶養家族,/dependant/,/dependant/,He has two dependants to support.,He has two dependant to support.,彼には養わなければならない2人の扶養家族がいる。,彼には養わなければならない2人の扶養家族がいる。,例文の原形主語整合化
17060,entrant,C1,C1,参加者,参加者,/ˈɛntrənts/,/ˈentrənt/,There were many entrants in the competition.,There were many entrant in the competition.,コンテストには多くの参加者がいた。,コンテストには多くの参加者がいた。,屈折IPAの原形化 / 例文の原形主語整合化
17088,nepalese,C1,C1,ネパール人,ネパール人,/ˌnɛpəˈliːz/,/nˌepəlˈiːz/,The Nepalese people are known for their kindness.,The Nepalese people are known for their kindness.,ネパール人は親切さで知られている。,ネパール人は親切さで知られている。,屈折IPAの原形化
17109,recombinant,C1,C1,組み換え体,組み換え体,/rɪˈkɑmbɪnənts/,/rɪkˈɑːmbɪnənt/,Recombinants are used in genetic research.,recombinant are used in genetic research.,組み換え体は遺伝子研究で使用される。,組み換え体は遺伝子研究で使用される。,屈折IPAの原形化 / 例文の原形主語整合化
17111,rehearse,C1,C1,リハーサルをする,リハーサルをする,/riˈhɜːrs/,/riːhˈɜːrs/,The band needs to rehearse before the concert.,The band needs to rehearse before the concert.,バンドはコンサート前にリハーサルをする必要がある。,バンドはコンサート前にリハーサルをする必要がある。,屈折IPAの原形化
17126,slaughterhouse,C1,C1,屠殺場,屠殺場,/ˈslɔtərˌhaʊs/,/slˈɔːtɚhˌaʊs/,The animals were taken to the slaughterhouse.,The animals were taken to the slaughterhouse.,動物たちは屠殺場に連れて行かれた。,動物たちは屠殺場に連れて行かれた。,屈折IPAの原形化
17132,sufferer,C1,C1,苦しんでいる人,苦しんでいる人,/ˈsʌfərərz/,/sˈʌfɚɚ/,There are many sufferers of this disease.,There are many sufferer of this disease.,この病気の苦しんでいる人がたくさんいる。,この病気の苦しんでいる人がたくさんいる。,屈折IPAの原形化 / 例文の原形主語整合化
17133,suppressor,C1,C1,抑制因子,抑制因子,/səˈprɛsərz/,/səprˈesɚ/,Tumor suppressor genes help prevent cancer.,Tumor suppressor genes help prevent cancer.,腫瘍抑制遺伝子は癌の予防に役立つ。,腫瘍抑制遺伝子は癌の予防に役立つ。,屈折IPAの原形化
17135,synthesize,C1,C1,合成する,合成する,/ˈsɪnθəˌsaɪz/,/sˈɪnθəsˌaɪz/,The cells can synthesize the protein.,The cells can synthesize the protein.,細胞はタンパク質を合成することができる。,細胞はタンパク質を合成することができる。,屈折IPAの原形化
17153,ablaze,C1,C1,燃え盛る,燃え盛る,/əˈbleɪz/,/əblˈeɪz/,The forest was ablaze with fire.,The forest was ablaze with fire.,森は火事で燃え盛っていた。,森は火事で燃え盛っていた。,屈折IPAの原形化
17155,amphetamine,C1,C1,アンフェタミン,アンフェタミン,/æˈmfɛtəˌmiːnz/,/æmfˈetəmˌiːn/,Amphetamines are powerful stimulants.,amphetamine are powerful stimulants.,アンフェタミンは強力な興奮剤である。,アンフェタミンは強力な興奮剤である。,屈折IPAの原形化 / 例文の原形主語整合化
17158,animator,C1,C1,アニメーター,アニメーター,/ˈænəˌmeɪtərz/,/ˈænəmˌeɪtɚ/,The animators worked hard to create the short film.,The animator worked hard to create the short film.,アニメーターたちは短編映画の制作に励みました。,アニメーターたちは短編映画の制作に励みました。,屈折IPAの原形化 / 例文の原形主語整合化
17159,antidepressant,C1,C1,抗うつ薬,抗うつ薬,/ˌæˌntaɪdɪˈprɛsənts/,/ˌæntiːdɪprˈesənt/,Antidepressants can help to manage symptoms of depression.,antidepressant can help to manage symptoms of depression.,抗うつ薬は、うつ病の症状を管理するのに役立つことがある。,抗うつ薬は、うつ病の症状を管理するのに役立つことがある。,屈折IPAの原形化 / 例文の原形主語整合化
17160,aqueduct,C1,C1,水道橋,水道橋,/ˈækwəˌdʌkts/,/ˈækwədˌʌkt/,The ancient Romans built impressive aqueducts to bring water to the city.,The ancient Romans built impressive aqueduct to bring water to the city.,古代ローマ人は都市に水を運ぶために印象的な水道橋を建設しました。,古代ローマ人は都市に水を運ぶために印象的な水道橋を建設しました。,屈折IPAの原形化 / 例文の原形主語整合化
17167,befriend,C1,C1,仲良くする、親しくなる,仲良くする、親しくなる,/bɪˈfrɛndz/,/bɪfrˈend/,He befriends everyone he meets.,I befriend everyone he meets.,彼は出会うすべての人と仲良くなる。,私は出会うすべての人と仲良くなる。,屈折IPAの原形化 / 例文の原形主語整合化
17176,confidant,C1,C1,腹心、親友,腹心、親友,/ˈkɑnfəˌdænts/,/kˈɑːnfədˌɑːnt/,She shared her secrets only with her closest confidants.,She shared her secrets only with her closest confidant.,彼女は自分の秘密を最も親しい腹心にだけ打ち明けた。,私は自分の秘密を最も親しい腹心にだけ打ち明けた。,屈折IPAの原形化 / 例文の原形主語整合化
17196,echelon,C1,C1,階層,階層,/ˈɛʃəˌlɑnz/,/ˈeʃəlˌɑːn/,The company has several echelons of management.,The company has several echelon of management.,その会社にはいくつかの経営階層がある。,その会社にはいくつかの経営階層がある。,屈折IPAの原形化 / 例文の原形主語整合化
17234,memento,C1,C1,記念品,記念品,/mɪˈmɛntoʊz/,/mɪmˈentoʊ/,He kept the mementos from his travels.,He kept the memento from his travels.,彼は旅行の記念品を保管していた。,私は旅行の記念品を保管していた。,屈折IPAの原形化 / 例文の原形主語整合化
17238,mutt,C1,C1,雑種犬,雑種犬,/ˈmʌt/,/ˈmʌt/,The dog shelter was full of mutts.,The dog shelter was full of mutt.,その犬の保護施設は雑種犬でいっぱいだった。,その犬の保護施設は雑種犬でいっぱいだった。,例文の原形主語整合化
17253,pomegranate,C1,C1,ザクロ,ザクロ,/pomegranates/,/pomegranates/,Pomegranates are rich in antioxidants.,pomegranate are rich in antioxidants.,ザクロは抗酸化物質が豊富だ。,ザクロは抗酸化物質が豊富だ。,例文の原形主語整合化
17292,aorta,C1,C1,大動脈,大動脈,/eɪˈɔrtəs/,/eɪˈɔːrtə/,The aortas were examined for signs of atherosclerosis.,The aorta were examined for signs of atherosclerosis.,大動脈は、アテローム性動脈硬化の兆候がないか調べられた。,大動脈は、アテローム性動脈硬化の兆候がないか調べられた。,屈折IPAの原形化 / 例文の原形主語整合化
17295,beret,C1,C1,ベレー帽,ベレー帽,/ˈbɛrəts/,/bˈerət/,The artist was wearing a beret.,The artist was wearing a beret.,その芸術家はベレー帽をかぶっていた。,その芸術家はベレー帽をかぶっていた。,屈折IPAの原形化
17299,bumblebee,C1,C1,マルハナバチ,マルハナバチ,/ˈbəmbəlˌbiz/,/ˈbəmbəlˌbiz/,Bumblebees are important pollinators of many flowers.,bumblebee are important pollinators of many flowers.,マルハナバチは、多くの花の重要な受粉者である。,マルハナバチは、多くの花の重要な受粉者である。,例文の原形主語整合化
17301,categorize,C1,C1,分類する,分類する,/ˈkætəɡərˌaɪzɪz/,/kˈætəɡɚˌaɪz/,The software categorizes files into different folders.,The software categorize files into different folders.,そのソフトウェアはファイルを異なるフォルダに分類する。,そのソフトウェアはファイルを異なるフォルダに分類する。,屈折IPAの原形化 / 例文の原形主語整合化
17309,combatant,C1,C1,戦闘員、戦闘参加者,戦闘員、戦闘参加者,/kəˈmbætənt/,/kəˈmbætənt/,The combatants were armed with guns.,The combatant were armed with guns.,戦闘員は銃で武装していた。,戦闘員は銃で武装していた。,例文の原形主語整合化
17323,disservice,C1,C1,不利益,不利益,/dɪˈsɜːrvəs/,/dɪsˈɜːrvəs/,You're doing yourself a disservice by not speaking up.,You're doing yourself a disservice by not speaking up.,発言しないことはあなた自身にとって不利益だ。,発言しないことはあなた自身にとって不利益だ。,屈折IPAの原形化
17328,exacerbate,C1,C1,悪化させる,悪化させる,/ɪˈɡzæsərˌbeɪts/,/ɪɡzˈæsɚbˌeɪt/,Stress exacerbates her health problems.,Stress exacerbate her health problems.,ストレスは彼女の健康問題を悪化させる。,ストレスは彼女の健康問題を悪化させる。,屈折IPAの原形化 / 例文の原形主語整合化
17331,extinguisher,C1,C1,消火器,消火器,/ɪˈkstɪŋɡwɪʃərz/,/ɪkstˈɪŋɡwɪʃɚ/,The building had several fire extinguishers installed on each floor.,The building had several fire extinguisher installed on each floor.,建物には各階にいくつかの消火器が設置されていた。,建物には各階にいくつかの消火器が設置されていた。,屈折IPAの原形化 / 例文の原形主語整合化
17340,flier,C1,C1,チラシ,チラシ,/ˈflaɪər/,/ˈflaɪər/,He handed out fliers for the event.,He handed out flier for the event.,彼はイベントのチラシを配った。,私はイベントのチラシを配った。,例文の原形主語整合化
17347,graf,C1,C1,墓,墓,/ˈɡreɪvz/,/ɡrˈæf/,They visited their ancestors' graves.,They visited their ancestors' graves.,彼らは先祖の墓を訪れました。,彼らは先祖の墓を訪れました。,屈折IPAの原形化
17357,incontinence,C1,C1,失禁,失禁,/ɪˈnkɑntənəns/,/ɪnkˈɑːntənəns/,The elderly patient suffered from incontinence.,The elderly patient suffered from incontinence.,その高齢の患者は失禁に苦しんでいました。,その高齢の患者は失禁に苦しんでいました。,屈折IPAの原形化
17368,meteorologist,C1,C1,気象学者,気象学者,/ˌmiːtiərˈɑlədʒɪsts/,/mˌiːtiːɚˈɑːlədʒɪst/,Meteorologists are predicting a severe storm.,meteorologist are predicting a severe storm.,気象学者は激しい嵐を予測している。,気象学者は激しい嵐を予測している。,屈折IPAの原形化 / 例文の原形主語整合化
17375,outsource,C1,C1,外注する,外注する,/ˌaʊˈtsɔrs/,/ˌaʊtsˈɔːrs/,The company decided to outsource its customer service department.,The company decided to outsource its customer service department.,その会社は顧客サービス部門を外注することにした。,その会社は顧客サービス部門を外注することにした。,屈折IPAの原形化
17387,pulley,C1,C1,滑車,滑車,/ˈpʊliz/,/pˈʊliː/,The pulleys made it easier to lift the heavy equipment.,The pulley made it easier to lift the heavy equipment.,滑車のおかげで重い機材を持ち上げるのが楽になった。,滑車のおかげで重い機材を持ち上げるのが楽になった。,屈折IPAの原形化 / 例文の原形主語整合化
17399,schoolhouse,C1,C1,学校,学校,/ˈskuːˌlhaʊs/,/skˈuːlhˌaʊs/,The old schoolhouse is now a museum.,The old schoolhouse is now a museum.,古い学校は現在博物館になっています。,古い学校は現在博物館になっています。,屈折IPAの原形化
17402,signatory,C1,C1,署名者、調印国,署名者、調印国,/ˈsɪɡnəˌtɔriz/,/sˈɪɡnətˌɔːriː/,Several countries were signatories to the agreement.,Several countries were signatories to the agreement.,いくつかの国が、その合意の署名国だった。,いくつかの国が、その合意の署名国だった。,屈折IPAの原形化
17433,allele,C1,C1,対立遺伝子,対立遺伝子,/əˈlɛli/,/əˈlɛli/,Each person has two alleles for each gene.,Each person has two allele for each gene.,各人は各遺伝子に対して2つの対立遺伝子を持っています。,各人は各遺伝子に対して2つの対立遺伝子を持っています。,例文の原形主語整合化
17449,clove,C1,C1,クローブ,クローブ,/ˈkloʊvz/,/ˈkloʊvz/,She added cloves to the stew.,She added clove to the stew.,彼女はシチューにクローブを加えた。,私はシチューにクローブを加えた。,例文の原形主語整合化
17452,countenance,C1,C1,容貌,容貌,/ˈkaʊntənəns/,/kˈaʊntənəns/,His countenance showed no emotion.,His countenance showed no emotion.,彼の容貌には感情が見られなかった。,彼の容貌には感情が見られなかった。,屈折IPAの原形化
17458,defection,C1,C1,離脱,離脱,/dɪˈfɛkʃənz/,/dɪfˈekʃən/,There were several defections from the party.,There were several defection from the party.,その党からいくつかの離脱がありました。,その党からいくつかの離脱がありました。,屈折IPAの原形化 / 例文の原形主語整合化
17466,downplay,C1,C1,軽視する、控えめに言う,軽視する、控えめに言う,/ˈdaʊˌnpleɪz/,/dˈaʊnplˌeɪ/,The politician downplays the severity of the problem.,The politician downplay the severity of the problem.,政治家はその問題の深刻さを軽視している。,政治家はその問題の深刻さを軽視している。,屈折IPAの原形化 / 例文の原形主語整合化
17482,generalize,C1,C1,一般化する,一般化する,/ˈdʒɛnərəˌlaɪz/,/dʒˈenɚəlˌaɪz/,It is dangerous to generalize about an entire group of people.,It is dangerous to generalize about an entire group of people.,ある集団全体について一般化するのは危険である。,ある集団全体について一般化するのは危険である。,屈折IPAの原形化
17499,invocation,C1,C1,祈願,祈願,/ˌɪnvəˈkeɪʃənz/,/ˌɪnvəkˈeɪʃən/,The ceremony included invocations to the gods.,The ceremony included invocation to the gods.,その儀式には、神々への祈願が含まれていた。,その儀式には、神々への祈願が含まれていた。,屈折IPAの原形化 / 例文の原形主語整合化
17529,primrose,C1,C1,サクラソウ,サクラソウ,/ˈprɪˌmroʊz/,/prˈɪmrˌoʊz/,The garden was full of primrose flowers.,The garden was full of primrose flowers.,庭はサクラソウの花でいっぱいでした。,庭はサクラソウの花でいっぱいでした。,屈折IPAの原形化
17541,scat,C1,C1,糞,糞,/ˈskæts/,/skˈæt/,Scientists collect scats to study the animals' diet.,Scientists collect scat to study the animals' diet.,科学者たちは動物の食生活を研究するために糞を収集します。,科学者たちは動物の食生活を研究するために糞を収集します。,屈折IPAの原形化 / 例文の原形主語整合化
17545,stairwell,C1,C1,階段室,階段室,/ˈstɛˌrwɛlz/,/stˈerwˌel/,The fire alarm went off in the stairwells.,The fire alarm went off in the stairwell.,階段室で火災警報が鳴った。,階段室で火災警報が鳴った。,屈折IPAの原形化 / 例文の原形主語整合化
17556,thoroughfare,C1,C1,大通り,大通り,/ˈθɜːroʊˌfɛrz/,/θˈɜːroʊfˌer/,The city's main thoroughfares were very busy.,The city's main thoroughfare were very busy.,市の主要な大通りは非常に混雑していました。,市の主要な大通りは非常に混雑していました。,屈折IPAの原形化 / 例文の原形主語整合化
17580,bookseller,C1,C1,書店員,書店員,/ˈbʊˌksɛlərz/,/bˈʊksˌelɚ/,The booksellers were busy during the holiday season.,The bookseller were busy during the holiday season.,書店員はホリデーシーズン中に忙しかった。,書店員はホリデーシーズン中に忙しかった。,屈折IPAの原形化 / 例文の原形主語整合化
17586,coexistence,C1,C1,共存,共存,/ˌkoʊɪˈɡzɪstəns/,/kˌoʊɪɡzˈɪstəns/,Peaceful coexistence is essential for a harmonious society.,Peaceful coexistence is essential for a harmonious society.,平和的な共存は調和のとれた社会にとって不可欠だ。,平和的な共存は調和のとれた社会にとって不可欠だ。,屈折IPAの原形化
17588,concourse,C1,C1,コンコース,コンコース,/ˈkɑˌnkɔrs/,/kˈɑːnkˌɔːrs/,We met in the concourse of the train station.,We met in the concourse of the train station.,私たちは駅のコンコースで会った。,私たちは駅のコンコースで会った。,屈折IPAの原形化
17589,confide,C1,C1,打ち明ける,打ち明ける,/kəˈnfaɪdz/,/kənfˈaɪd/,She confides in her best friend.,I confide in her best friend.,彼女は親友に打ち明ける。,私は親友に打ち明ける。,屈折IPAの原形化 / 例文の原形主語整合化
17597,demonstrator,C1,C1,デモ参加者、抗議者,デモ参加者、抗議者,/ˈdɛməˌnstreɪtərz/,/dˈemənstrˌeɪtɚ/,The demonstrators were protesting the new law.,The demonstrator were protesting the new law.,デモ参加者たちは新しい法律に抗議していた。,デモ参加者たちは新しい法律に抗議していた。,屈折IPAの原形化 / 例文の原形主語整合化
17607,dissect,C1,C1,解剖する,解剖する,/daɪˈsɛkts/,/daɪsˈekt/,The scientist dissects the frog.,The scientist dissect the frog.,科学者はカエルを解剖する。,科学者はカエルを解剖する。,屈折IPAの原形化 / 例文の原形主語整合化
17626,grotto,C1,C1,洞窟,洞窟,/ˈɡrɑˌtoʊɪz/,/ɡrˈɑːtˌoʊ/,The coastline is dotted with grottoes.,The coastline is dotted with grottoes.,その海岸線には洞窟が点在している。,その海岸線には洞窟が点在している。,屈折IPAの原形化
17627,guerilla,C1,C1,ゲリラ,ゲリラ,/ɡərˈɪləz/,/ɡɚˈɪlə/,The guerillas launched a surprise attack.,The guerilla launched a surprise attack.,ゲリラは奇襲攻撃を開始した。,ゲリラは奇襲攻撃を開始した。,屈折IPAの原形化 / 例文の原形主語整合化
17632,hinterland,C1,C1,奥地,奥地,/ˈhɪntərˌlændz/,/hˈɪntɚlˌænd/,"The town was located in the hinterlands, far from the coast.","The town was located in the hinterland, far from the coast.",その町は海岸から遠く離れた奥地に位置していた。,その町は海岸から遠く離れた奥地に位置していた。,屈折IPAの原形化 / 例文の原形主語整合化
17642,infraction,C1,C1,違反行為,違反行為,/ɪˈnfrækʃənz/,/ɪnfrˈækʃən/,He was cited for several traffic infractions.,He was cited for several traffic infraction.,彼はいくつかの交通違反で摘発された。,私はいくつかの交通違反で摘発された。,屈折IPAの原形化 / 例文の原形主語整合化
17658,motivator,C1,C1,動機づけ要因,動機づけ要因,/ˈmoʊtəveɪtərz/,/mˈoʊtəveɪtɚ/,Recognition is often a powerful motivator for employees.,Recognition is often a powerful motivator for employees.,承認は従業員にとって強力な動機づけ要因であることが多い。,承認は従業員にとって強力な動機づけ要因であることが多い。,屈折IPAの原形化
17660,musket,C1,C1,マスケット銃,マスケット銃,/ˈmʌskəts/,/mˈʌskət/,The soldiers were armed with muskets.,The soldiers were armed with musket.,兵士たちはマスケット銃で武装していた。,兵士たちはマスケット銃で武装していた。,屈折IPAの原形化 / 例文の原形主語整合化
17664,oat,C1,C1,オーツ麦,オーツ麦,/ˈoʊts/,/ˈoʊt/,He had a bowl of oats for breakfast.,He had a bowl of oat for breakfast.,彼は朝食にオーツ麦のボウルを食べた。,私は朝食にオーツ麦のボウルを食べた。,屈折IPAの原形化 / 例文の原形主語整合化
17665,obscenity,C1,C1,わいせつな言葉,わいせつな言葉,/ɑˈbsɛnɪtiz/,/əbsˈenɪtiː/,He yelled obscenities at the other driver.,He yelled obscenities at the other driver.,彼はもう一方の運転手にわいせつな言葉を叫んだ。,彼はもう一方の運転手にわいせつな言葉を叫んだ。,屈折IPAの原形化
17673,platelet,C1,C1,血小板,血小板,/ˈpleɪtləts/,/plˈeɪtlət/,Platelets play a vital role in blood clotting.,platelet play a vital role in blood clotting.,血小板は血液凝固において重要な役割を果たす。,血小板は血液凝固において重要な役割を果たす。,屈折IPAの原形化 / 例文の原形主語整合化
17690,rerun,C1,C1,再放送,再放送,/ˈriːˈrʌnz/,/rˈiːrˈʌn/,The TV is showing reruns of old shows.,The TV is showing rerun of old shows.,テレビは古い番組の再放送を放送している。,テレビは古い番組の再放送を放送している。,屈折IPAの原形化 / 例文の原形主語整合化
17692,riddance,C1,C1,除去,除去,/ˈrɪdəns/,/rˈɪdəns/,Good riddance to them.,Good riddance to them.,彼らが去ってくれてせいせいする。,彼らが去ってくれてせいせいする。,屈折IPAの原形化
17707,steakhouse,C1,C1,ステーキハウス,ステーキハウス,/ˈsteɪˌkhaʊs/,/stˈeɪkhˌaʊs/,We went to a steakhouse for dinner.,We went to a steakhouse for dinner.,私たちは夕食にステーキハウスに行った。,私たちは夕食にステーキハウスに行った。,屈折IPAの原形化
17712,sweetener,C1,C1,甘味料,甘味料,/ˈswiːtənərz/,/swˈiːtənɚ/,Artificial sweeteners are often used as a sugar substitute.,Artificial sweetener are often used as a sugar substitute.,人工甘味料は、砂糖の代替としてよく使用される。,人工甘味料は、砂糖の代替としてよく使用される。,屈折IPAの原形化 / 例文の原形主語整合化
17721,valence,C1,C1,原子価、価値,原子価、価値,/ˈveɪləns/,/vˈeɪləns/,The valence of the oxygen atom is 2.,The valence of the oxygen atom is 2.,酸素原子の原子価は2です。,酸素原子の原子価は2です。,屈折IPAの原形化
17723,villager,C1,C1,村人,村人,/ˈvɪlɪdʒərz/,/vˈɪlɪdʒɚ/,The villagers worked together to harvest the crops.,The villager worked together to harvest the crops.,村人たちは協力して作物を収穫した。,村人たちは協力して作物を収穫した。,屈折IPAの原形化 / 例文の原形主語整合化
17724,wail,C1,C1,泣き叫ぶ、うめき声,泣き叫ぶ、うめき声,/ˈweɪlz/,/wˈeɪl/,The baby wailed in the middle of the night.,The baby wailed in the middle of the night.,赤ちゃんは真夜中に泣き叫んだ。,赤ちゃんは真夜中に泣き叫んだ。,屈折IPAの原形化
17727,whiz,C1,C1,名人、達人,名人、達人,/ˈwɪz/,/wˈɪz/,He's a whiz at computer programming.,He's a whiz at computer programming.,彼はコンピュータプログラミングの名人です。,彼はコンピュータプログラミングの名人です。,屈折IPAの原形化
17738,annotation,C1,C1,注釈、注記,注釈、注記,/ˌænəˈteɪʃənz/,/ˌænətˈeɪʃən/,The professor provided helpful annotations to the text.,The professor provided helpful annotation to the text.,教授はそのテキストに役立つ注釈を提供した。,教授はそのテキストに役立つ注釈を提供した。,屈折IPAの原形化 / 例文の原形主語整合化
17746,centimeter,C1,C1,センチメートル,センチメートル,/ˈsɛntəˌmiːtərz/,/sˈentəmˌiːtɚ/,It is about five centimeters long.,It is about five centimeter long.,それは約5センチメートルの長さだ。,それは約5センチメートルの長さだ。,屈折IPAの原形化 / 例文の原形主語整合化
17770,gauze,C1,C1,ガーゼ,ガーゼ,/ˈɡɔz/,/ɡˈɔːz/,She covered the wound with gauze.,She covered the wound with gauze.,彼女は傷口をガーゼで覆った。,彼女は傷口をガーゼで覆った。,屈折IPAの原形化
17775,hallucination,C1,C1,幻覚,幻覚,/həˌluːsəˈneɪʃənz/,/həlˌuːsənˈeɪʃən/,The patient experienced auditory hallucinations.,The patient experienced auditory hallucination.,患者は聴覚幻覚を経験した。,患者は聴覚幻覚を経験した。,屈折IPAの原形化 / 例文の原形主語整合化
17794,mangrove,C1,C1,マングローブ,マングローブ,/ˈmæˌnɡroʊv/,/ˈmæˌnɡroʊv/,Mangroves are important coastal ecosystems.,mangrove are important coastal ecosystems.,マングローブは重要な沿岸生態系である。,マングローブは重要な沿岸生態系である。,例文の原形主語整合化
17795,modifier,C1,C1,修飾子,修飾子,/modifiers/,/modifiers/,Adjectives and adverbs are modifiers in English grammar.,Adjectives and adverbs are modifier in English grammar.,形容詞と副詞は、英語の文法における修飾子である。,形容詞と副詞は、英語の文法における修飾子である。,例文の原形主語整合化
17801,pelt,C1,C1,毛皮,毛皮,/ˈpɛlts/,/pˈelt/,The trapper sold the animal pelts.,The trapper sold the animal pelt.,猟師は動物の毛皮を売った。,猟師は動物の毛皮を売った。,屈折IPAの原形化 / 例文の原形主語整合化
17810,rationalize,C1,C1,合理化する、正当化する,合理化する、正当化する,/ˈræʃənəˌlaɪz/,/rˈæʃənəlˌaɪz/,He tried to rationalize his actions.,He tried to rationalize his actions.,彼は自分の行動を合理化しようとした。,彼は自分の行動を合理化しようとした。,屈折IPAの原形化
17814,retort,C1,C1,言い返す,言い返す,/rɪˈtɔrts/,/rˈiːtˌɔːrt/,She quickly retorts to any criticism.,She quickly retort to any criticism.,彼女はどんな批判にもすぐに言い返す。,私はどんな批判にもすぐに言い返す。,屈折IPAの原形化 / 例文の原形主語整合化
17829,subsurface,C1,C1,地表下の、表面下の,地表下の、表面下の,/ˈsʌˌbsɜːrfəs/,/sˈʌbsˌɜːrfəs/,The study examined the subsurface geology of the area.,The study examined the subsurface geology of the area.,その研究は、地域の地表下の地質を調査した。,その研究は、地域の地表下の地質を調査した。,屈折IPAの原形化
17832,tampon,C1,C1,タンポン,タンポン,/ˈtæmpɑnz/,/tˈæmpɑːn/,She always keeps tampons in her purse.,She always keeps tampon in her purse.,彼女はいつも財布にタンポンを入れている。,私はいつも財布にタンポンを入れている。,屈折IPAの原形化 / 例文の原形主語整合化
17837,transcendence,C1,C1,超越、卓越,超越、卓越,/træˈnsɛndəns/,/trænsˈendəns/,The music had a feeling of transcendence.,The music had a feeling of transcendence.,その音楽には超越感があった。,その音楽には超越感があった。,屈折IPAの原形化
17852,appointee,C1,C1,任命者,任命者,/əpɔɪˈntiːz/,/əpɔɪntˈiː/,The President announced his appointees to the new commission.,The President announced his appointee to the new commission.,大統領は新しい委員会への任命者を発表した。,大統領は新しい委員会への任命者を発表した。,屈折IPAの原形化 / 例文の原形主語整合化
17856,asymmetry,C1,C1,非対称性,非対称性,/ˌeɪˈsɪmətriz/,/ˌeɪsˈɪmətriː/,There are asymmetries in their facial features.,There are asymmetries in their facial features.,彼らの顔立ちには非対称性がある。,彼らの顔立ちには非対称性がある。,屈折IPAの原形化
17869,chieftain,C1,C1,首長,首長,/ˈtʃiːftənz/,/tʃˈiːftən/,The chieftains gathered for a council meeting.,The chieftain gathered for a council meeting.,首長たちは評議会のために集まった。,首長たちは評議会のために集まった。,屈折IPAの原形化 / 例文の原形主語整合化
17880,dci,C1,C1,上皮内癌,上皮内癌,/dcis/,/dcis/,DCIS is a type of breast cancer that is confined to the milk ducts.,dci is a type of breast cancer that is confined to the milk ducts.,DCISは、乳管に限局した乳がんの一種である。,DCISは、乳管に限局した乳がんの一種である。,例文の原形主語整合化
17882,defuse,C1,C1,鎮静化する,鎮静化する,/dɪˈfjuːz/,/dɪfjˈuːz/,They tried to defuse the situation.,They tried to defuse the situation.,彼らは事態を鎮静化しようとした。,彼らは事態を鎮静化しようとした。,屈折IPAの原形化
17888,disintegrate,C1,C1,崩壊する、分解する,崩壊する、分解する,/dɪˈsɪntəˌɡreɪts/,/dɪsˈɪntəɡrˌeɪt/,The old paper disintegrates when touched.,The old paper disintegrate when touched.,その古い紙は触ると崩壊する。,その古い紙は触ると崩壊する。,屈折IPAの原形化 / 例文の原形主語整合化
17956,spook,C1,C1,お化け,お化け,/ˈspuːk/,/ˈspuːk/,The kids dressed up as spooks for Halloween.,The kids dressed up as spook for Halloween.,子供たちはハロウィーンにお化けの格好をしました。,子供たちはハロウィーンにお化けの格好をしました。,例文の原形主語整合化
17979,bootstrap,C1,C1,自力で,自力で,/ˈbuːˌtstræps/,/bˈuːtstrˌæp/,He built his business from the bootstraps.,He built his business from the bootstrap.,彼は自力でビジネスを築いた。,私は自力でビジネスを築いた。,屈折IPAの原形化 / 例文の原形主語整合化
17997,detest,C1,C1,ひどく嫌う,ひどく嫌う,/dɪˈtɛst/,/dɪˈtɛst/,She detests the taste of bitter coffee.,I detest the taste of bitter coffee.,彼女は苦いコーヒーの味が大嫌いだ。,私は苦いコーヒーの味が大嫌いだ。,例文の原形主語整合化
18000,dislocation,C1,C1,脱臼、混乱,脱臼、混乱,/dɪˈsloʊˈkeɪʃənz/,/dɪslˈoʊkˈeɪʃən/,The earthquake caused numerous dislocations of roads and buildings.,The earthquake caused numerous dislocation of roads and buildings.,地震は道路や建物の多数の混乱を引き起こした。,地震は道路や建物の多数の混乱を引き起こした。,屈折IPAの原形化 / 例文の原形主語整合化
18016,followup,C1,C1,フォローアップ,フォローアップ,/ˈfɑloʊˌʌps/,/fˈɑːloʊˌʌp/,The doctor scheduled several followups.,The doctor scheduled several followup.,医師はいくつかのフォローアップを予定した。,医師はいくつかのフォローアップを予定した。,屈折IPAの原形化 / 例文の原形主語整合化
18025,guesthouse,C1,C1,ゲストハウス,ゲストハウス,/ˈɡɛˌsthaʊs/,/ɡˈesthˌaʊs/,We stayed at a small guesthouse near the beach.,We stayed at a small guesthouse near the beach.,私たちはビーチの近くの小さなゲストハウスに泊まった。,私たちはビーチの近くの小さなゲストハウスに泊まった。,屈折IPAの原形化
18040,linguist,C1,C1,言語学者,言語学者,/ˈlɪŋɡwɪsts/,/lˈɪŋɡwɪst/,Linguists study the history and structure of languages.,linguist study the history and structure of languages.,言語学者は言語の歴史と構造を研究する。,言語学者は言語の歴史と構造を研究する。,屈折IPAの原形化 / 例文の原形主語整合化
18046,meatball,C1,C1,ミートボール,ミートボール,/ˈmiːˌtbɔlz/,/mˈiːtbˌɔːl/,She cooked spaghetti with meatballs.,She cooked spaghetti with meatball.,彼女はミートボール入りのスパゲッティを調理した。,私はミートボール入りのスパゲッティを調理した。,屈折IPAの原形化 / 例文の原形主語整合化
18048,microchip,C1,C1,マイクロチップ,マイクロチップ,/ˈmaɪˌkroʊˈtʃɪps/,/mˈaɪkrˌoʊtʃˈɪp/,Modern electronics use microchips in their circuits.,Modern electronics use microchip in their circuits.,現代の電子機器は回路にマイクロチップを使用している。,現代の電子機器は回路にマイクロチップを使用している。,屈折IPAの原形化 / 例文の原形主語整合化
18062,preamble,C1,C1,前文,前文,/priˈæmbəlz/,/priːˈæmbəl/,The preambles to the treaty outlined its main objectives.,The preamble to the treaty outlined its main objectives.,条約の前文は、その主な目的を概説していた。,条約の前文は、その主な目的を概説していた。,屈折IPAの原形化 / 例文の原形主語整合化
18092,splice,C1,C1,継ぎ目、接合,継ぎ目、接合,/ˈsplaɪsɪz/,/splˈaɪs/,The technician carefully made the splices in the electrical wiring.,The technician carefully made the splice in the electrical wiring.,技術者は電気配線の継ぎ目を注意深く作った。,技術者は電気配線の継ぎ目を注意深く作った。,屈折IPAの原形化 / 例文の原形主語整合化
18097,subsystem,C1,C1,サブシステム、下位システム,サブシステム、下位システム,/ˈsʌˌbsɪstəmz/,/sˈʌbsˌɪstəm/,The machine has several complex subsystems.,The machine has several complex subsystem.,その機械にはいくつかの複雑なサブシステムがある。,その機械にはいくつかの複雑なサブシステムがある。,屈折IPAの原形化 / 例文の原形主語整合化
18101,tirade,C1,C1,長広舌,長広舌,/taɪˈreɪdz/,/taɪrˈeɪd/,He launched into a tirade against the government.,He launched into a tirade against the government.,彼は政府に対して長広舌を繰り広げました。,彼は政府に対して長広舌を繰り広げました。,屈折IPAの原形化
18102,topaz,C1,C1,トパーズ,トパーズ,/ˈtoʊˌpæz/,/tˈoʊpˌæz/,She wore a necklace with a topaz pendant.,She wore a necklace with a topaz pendant.,彼女はトパーズのペンダントのネックレスをしていた。,彼女はトパーズのペンダントのネックレスをしていた。,屈折IPAの原形化
18116,appetizer,C1,C1,前菜,前菜,/ˈæpəˌtaɪzərz/,/ˈæpətˌaɪzɚ/,We had some delicious appetizers before the main course.,We had some delicious appetizer before the main course.,私たちはメインコースの前にいくつかのおいしい前菜を食べました。,私たちはメインコースの前にいくつかのおいしい前菜を食べました。,屈折IPAの原形化 / 例文の原形主語整合化
18118,arrowhead,C1,C1,矢じり,矢じり,/ˈæroʊˌhɛdz/,/ˈæroʊhˌed/,The archaeologists discovered ancient arrowheads.,The archaeologists discovered ancient arrowhead.,考古学者は古代の矢じりを発見した。,考古学者は古代の矢じりを発見した。,屈折IPAの原形化 / 例文の原形主語整合化
18129,capacitance,C1,C1,静電容量,静電容量,/kəˈpæsətəns/,/kəpˈæsətəns/,The capacitance of the capacitor is measured in farads.,The capacitance of the capacitor is measured in farads.,コンデンサの静電容量はファラドで測定される。,コンデンサの静電容量はファラドで測定される。,屈折IPAの原形化
18131,caprice,C1,C1,気まぐれ、移り気,気まぐれ、移り気,/kəˈpriːs/,/kəprˈiːs/,His behavior is driven by caprice.,His behavior is driven by caprice.,彼の行動は気まぐれによって動かされている。,彼の行動は気まぐれによって動かされている。,屈折IPAの原形化
18143,decadence,C1,C1,退廃,退廃,/ˈdɛkədəns/,/dˈekədəns/,The decadence of the Roman Empire led to its fall.,The decadence of the Roman Empire led to its fall.,ローマ帝国の退廃がその崩壊につながった。,ローマ帝国の退廃がその崩壊につながった。,屈折IPAの原形化
18179,outlier,C1,C1,外れ値、異常値,外れ値、異常値,/ˈaʊtlaɪərz/,/ˈaʊtlaɪɚ/,The data set contains several outliers.,The data set contains several outlier.,そのデータセットにはいくつかの外れ値が含まれています。,そのデータセットにはいくつかの外れ値が含まれています。,屈折IPAの原形化 / 例文の原形主語整合化
18187,publicize,C1,C1,公表する,公表する,/ˈpʌblɪˌsaɪz/,/pˈʌblɪsˌaɪz/,The company will publicize the new product next week.,The company will publicize the new product next week.,会社は来週新製品を公表します。,会社は来週新製品を公表します。,屈折IPAの原形化
18203,tenement,C1,C1,長屋、共同住宅,長屋、共同住宅,/ˈtɛnəmənt/,/ˈtɛnəmənt/,Many poor families lived in tenements.,Many poor families lived in tenement.,多くの貧しい家族が長屋に住んでいた。,多くの貧しい家族が長屋に住んでいた。,例文の原形主語整合化
18209,tyrosine,C1,C1,チロシン,チロシン,/tyrosines/,/tyrosines/,Tyrosines are important amino acids in proteins.,tyrosine are important amino acids in proteins.,チロシンはタンパク質中の重要なアミノ酸です。,チロシンはタンパク質中の重要なアミノ酸です。,例文の原形主語整合化
18235,chiropractor,C1,C1,カイロプラクター,カイロプラクター,/ˈkaɪrəˌpræktərz/,/kˈaɪrəprˌæktɚ/,Chiropractors treat musculoskeletal problems.,chiropractor treat musculoskeletal problems.,カイロプラクターは筋骨格系の問題を治療する。,カイロプラクターは筋骨格系の問題を治療する。,屈折IPAの原形化 / 例文の原形主語整合化
18238,cleave,C1,C1,切断する,切断する,/ˈkliːvz/,/klˈiːv/,The enzyme cleaves the protein at a specific site.,The enzyme cleave the protein at a specific site.,その酵素は特定の部位でタンパク質を切断する。,その酵素は特定の部位でタンパク質を切断する。,屈折IPAの原形化 / 例文の原形主語整合化
18241,conformation,C1,C1,配座、立体構造,配座、立体構造,/conformations/,/conformations/,The protein can adopt different conformations depending on the pH.,The protein can adopt different conformation depending on the pH.,そのタンパク質はpHによって異なる配座をとることができる。,そのタンパク質はpHによって異なる配座をとることができる。,例文の原形主語整合化
18262,figurine,C1,C1,人形,人形,/ˌfɪɡjərˈiːnz/,/fˌɪɡjɚˈiːn/,The museum displayed ancient figurines.,The museum displayed ancient figurine.,博物館は古代の人形を展示した。,博物館は古代の人形を展示した。,屈折IPAの原形化 / 例文の原形主語整合化
18274,indict,C1,C1,起訴する,起訴する,/ɪˈndaɪts/,/ɪndˈaɪt/,The grand jury indicts the suspect for several crimes.,The grand jury indict the suspect for several crimes.,大陪審は容疑者をいくつかの犯罪で起訴する。,大陪審は容疑者をいくつかの犯罪で起訴する。,屈折IPAの原形化 / 例文の原形主語整合化
18277,inset,C1,C1,挿入物、はめ込み,挿入物、はめ込み,/ˈɪˌnsɛts/,/ˈɪnsˌet/,The decorative insets added to the beauty of the box.,The decorative inset added to the beauty of the box.,装飾的な挿入物が箱の美しさを増した。,装飾的な挿入物が箱の美しさを増した。,屈折IPAの原形化 / 例文の原形主語整合化
18283,meddle,C1,C1,干渉する,干渉する,/ˈmɛdəl/,/ˈmɛdəl/,He always meddles in other people's business.,He always meddle in other people's business.,彼はいつも他人の事に干渉する。,私はいつも他人の事に干渉する。,例文の原形主語整合化
18285,micron,C1,C1,マイクロメートル,マイクロメートル,/ˈmaɪˌkrɑnz/,/mˈaɪkrˌɑːn/,The particles were measured in microns.,The particles were measured in micron.,粒子はマイクロメートル単位で測定された。,粒子はマイクロメートル単位で測定された。,屈折IPAの原形化 / 例文の原形主語整合化
18301,ramble,C1,C1,とりとめのない話をする,とりとめのない話をする,/ˈræmbəlz/,/rˈæmbəl/,He often rambles on about his past experiences.,He often ramble on about his past experiences.,彼はしばしば過去の経験についてとりとめのない話をする。,私はしばしば過去の経験についてとりとめのない話をする。,屈折IPAの原形化 / 例文の原形主語整合化
18304,revolutionize,C1,C1,革命を起こす,革命を起こす,/ˌrɛvəˈluːʃəˌnaɪz/,/rˌevəlˈuːʃənˌaɪz/,Technology has revolutionized communication.,Technology has revolutionized communication.,テクノロジーはコミュニケーションに革命を起こした。,テクノロジーはコミュニケーションに革命を起こした。,屈折IPAの原形化
18323,typeface,C1,C1,書体,書体,/ˈtaɪˌpfeɪs/,/tˈaɪpfˌeɪs/,The document was printed in a clear typeface.,The document was printed in a clear typeface.,その文書は読みやすい書体で印刷されていた。,その文書は読みやすい書体で印刷されていた。,屈折IPAの原形化
18328,undergrad,C1,C1,学部生,学部生,/ˈʌndərˌɡrædz/,/ˈʌndɚɡrˌæd/,The lab employs many undergrads as research assistants.,The lab employs many undergrad as research assistants.,その研究室では、多くの学部生を研究助手として雇用している。,その研究室では、多くの学部生を研究助手として雇用している。,屈折IPAの原形化 / 例文の原形主語整合化
18339,watchtower,C1,C1,監視塔,監視塔,/watchtowers/,/watchtowers/,The watchtowers were used to spot enemies.,The watchtower were used to spot enemies.,監視塔は敵を見つけるために使用された。,監視塔は敵を見つけるために使用された。,例文の原形主語整合化
18362,bureaucrat,C1,C1,官僚,官僚,/ˈbjʊrəˌkræts/,/bjˈʊrəkrˌæt/,The bureaucrats implemented the new rules.,The bureaucrat implemented the new rules.,官僚たちは新しい規則を実施した。,官僚たちは新しい規則を実施した。,屈折IPAの原形化 / 例文の原形主語整合化
18368,commoner,C1,C1,庶民,庶民,/ˈkɑmənərz/,/kˈɑːmənɚ/,The commoners lived in the lower part of the city.,The commoner lived in the lower part of the city.,庶民は都市の下層部に住んでいた。,庶民は都市の下層部に住んでいた。,屈折IPAの原形化 / 例文の原形主語整合化
18392,fortification,C1,C1,要塞,要塞,/ˌfɔrtəfəˈkeɪʃənz/,/fˌɔːrtəfəkˈeɪʃən/,The city was surrounded by strong fortifications.,The city was surrounded by strong fortification.,その都市は強力な要塞に囲まれていた。,その都市は強力な要塞に囲まれていた。,屈折IPAの原形化 / 例文の原形主語整合化
18400,heighten,C1,C1,高める,高める,/ˈhaɪtənz/,/hˈaɪtən/,The music heightens the emotional impact of the scene.,The music heighten the emotional impact of the scene.,音楽はシーンの感情的なインパクトを高める。,音楽はシーンの感情的なインパクトを高める。,屈折IPAの原形化 / 例文の原形主語整合化
18406,infarction,C1,C1,梗塞,梗塞,/ɪˈnfɑrkʃənz/,/ɪnfˈɑːrkʃən/,He suffered several infarctions in his heart.,He suffered several infarction in his heart.,彼は心臓にいくつかの梗塞を患った。,私は心臓にいくつかの梗塞を患った。,屈折IPAの原形化 / 例文の原形主語整合化
18415,malaise,C1,C1,倦怠感,倦怠感,/mæˈleɪz/,/mælˈeɪz/,She felt a general sense of malaise.,She felt a general sense of malaise.,彼女は一般的な倦怠感を感じた。,彼女は一般的な倦怠感を感じた。,屈折IPAの原形化
18420,necessitate,C1,C1,必要とする,必要とする,/nəˈsɛsəˌteɪts/,/nəsˈesətˌeɪt/,This situation necessitates immediate action.,This situation necessitate immediate action.,この状況は即時の行動を必要とする。,この状況は即時の行動を必要とする。,屈折IPAの原形化 / 例文の原形主語整合化
18426,pantyhose,C1,C1,パンティストッキング,パンティストッキング,/ˈpæntiˌhoʊz/,/pˈæntiːhˌoʊz/,She wore pantyhose under her skirt.,She wore pantyhose under her skirt.,彼女はスカートの下にパンティストッキングを履いていた。,彼女はスカートの下にパンティストッキングを履いていた。,屈折IPAの原形化
18438,reminisce,C1,C1,思い出を語る,思い出を語る,/ˌrɛməˈnɪs/,/rˌemənˈɪs/,They would often reminisce about the old days.,They would often reminisce about the old days.,彼らは昔のことをよく思い出して語り合った。,彼らは昔のことをよく思い出して語り合った。,屈折IPAの原形化
18443,shiite,C1,C1,シーア派,シーア派,/ˈʃiːˌaɪts/,/ʃˈiːˌaɪt/,Shiites are one of the two main branches of Islam.,shiite are one of the two main branches of Islam.,シーア派はイスラム教の二つの主要な宗派の一つである。,シーア派はイスラム教の二つの主要な宗派の一つである。,屈折IPAの原形化 / 例文の原形主語整合化
18458,transducer,C1,C1,トランスデューサー、変換器,トランスデューサー、変換器,/træˈnsduːsərz/,/trænsdˈuːsɚ/,Transducers convert one form of energy into another.,transducer convert one form of energy into another.,トランスデューサーは、ある形態のエネルギーを別の形態のエネルギーに変換します。,トランスデューサーは、ある形態のエネルギーを別の形態のエネルギーに変換します。,屈折IPAの原形化 / 例文の原形主語整合化
18470,agonist,C1,C1,作動薬,作動薬,/ˈæɡənɪsts/,/ˈæɡənɪst/,These agonists mimic the action of a naturally occurring hormone.,These agonist mimic the action of a naturally occurring hormone.,これらの作動薬は、自然に発生するホルモンの作用を模倣する。,これらの作動薬は、自然に発生するホルモンの作用を模倣する。,屈折IPAの原形化 / 例文の原形主語整合化
18479,bygone,C1,C1,過去の事,過去の事,/ˈbaɪˌɡɔnz/,/bˈaɪɡˌɔːn/,Let bygones be bygones.,Let bygone be bygone.,過去のことは水に流そう。,過去のことは水に流そう。,屈折IPAの原形化 / 例文の原形主語整合化
18492,diverge,C1,C1,分岐する、異なる,分岐する、異なる,/daɪˈvɜːrdʒɪz/,/dɪvˈɜːrdʒ/,The two paths diverge at the end of the field.,The two paths diverge at the end of the field.,2つの道は畑の終わりに分岐する。,2つの道は畑の終わりに分岐する。,屈折IPAの原形化
18493,drifter,C1,C1,放浪者、漂流者,放浪者、漂流者,/ˈdrɪftərz/,/drˈɪftɚ/,The town attracts many drifters during the summer.,The town attracts many drifter during the summer.,その町は夏の間、多くの放浪者を引きつける。,その町は夏の間、多くの放浪者を引きつける。,屈折IPAの原形化 / 例文の原形主語整合化
18495,enhancer,C1,C1,エンハンサー,エンハンサー,/ɛˈnhænsərz/,/enhˈænsɚ/,Enhancers increase the transcription rate of genes.,enhancer increase the transcription rate of genes.,エンハンサーは遺伝子の転写速度を増加させます。,エンハンサーは遺伝子の転写速度を増加させます。,屈折IPAの原形化 / 例文の原形主語整合化
18516,industrialist,C1,C1,実業家,実業家,/ɪˈndʌstriəlɪsts/,/ɪndˈʌstriːəlɪst/,The industrialists gathered to discuss the new economic policies.,The industrialist gathered to discuss the new economic policies.,実業家たちは新しい経済政策について議論するために集まった。,実業家たちは新しい経済政策について議論するために集まった。,屈折IPAの原形化 / 例文の原形主語整合化
18550,rephrase,C1,C1,言い換える,言い換える,/riˈfreɪz/,/riːfrˈeɪz/,Could you please rephrase the question?,Could you please rephrase the question?,質問を言い換えていただけますか？,質問を言い換えていただけますか？,屈折IPAの原形化
18573,technicality,C1,C1,技術的な詳細、専門的な細部,技術的な詳細、専門的な細部,/ˌtɛknɪˈkælətiz/,/tˌeknɪkˈælɪtiː/,The case was dismissed on a technicality.,The case was dismissed on a technicality.,その事件は技術的な理由で却下された。,その事件は技術的な理由で却下された。,屈折IPAの原形化
18575,testicle,C1,C1,睾丸,睾丸,/ˈtɛstɪkəlz/,/tˈestɪkəl/,The doctor examined his testicles.,The doctor examined his testicle.,医者は彼の睾丸を診察した。,医者は彼の睾丸を診察した。,屈折IPAの原形化 / 例文の原形主語整合化
18592,accolade,C1,C1,称賛,称賛,/ˈækəˌleɪdz/,/ˈækəlˌeɪd/,The musician received many accolades for his recent performance.,The musician received many accolade for his recent performance.,ミュージシャンは、最近のパフォーマンスで多くの称賛を受けました。,ミュージシャンは、最近のパフォーマンスで多くの称賛を受けました。,屈折IPAの原形化 / 例文の原形主語整合化
18597,breastfeed,C1,C1,母乳で育てる,母乳で育てる,/ˈbrɛstfidz/,/brˈestfiːd/,The mother breastfeeds her baby.,The mother breastfeed her baby.,母親は赤ちゃんを母乳で育てている。,母親は赤ちゃんを母乳で育てている。,屈折IPAの原形化 / 例文の原形主語整合化
18603,cobbler,C1,C1,靴職人,靴職人,/ˈkɑblərz/,/kˈɑːblɚ/,The cobblers repaired shoes in their shop.,The cobbler repaired shoes in their shop.,靴職人は店で靴を修理しました。,靴職人は店で靴を修理しました。,屈折IPAの原形化 / 例文の原形主語整合化
18605,concubine,C1,C1,妾,妾,/ˈkɑnkjəˌbaɪnz/,/kˈɑːnkjəbˌaɪn/,The king had many concubines.,The king had many concubine.,その王には多くの妾がいた。,その王には多くの妾がいた。,屈折IPAの原形化 / 例文の原形主語整合化
18608,constrain,C1,C1,制約する,制約する,/kəˈnstreɪnz/,/kənstrˈeɪn/,The budget constrains how much we can spend.,The budget constrain how much we can spend.,予算は私たちがいくら使えるかを制約する。,予算は私たちがいくら使えるかを制約する。,屈折IPAの原形化 / 例文の原形主語整合化
18624,eunuch,C1,C1,宦官,宦官,/ˈjuːnəks/,/ˈjuːnəks/,Eunuchs were often employed in royal courts.,eunuch were often employed in royal courts.,宦官は、しばしば王宮に雇用されていました。,宦官は、しばしば王宮に雇用されていました。,例文の原形主語整合化
18626,fantasize,C1,C1,空想する,空想する,/ˈfæntəˌsaɪzɪz/,/fˈæntəsˌaɪz/,He fantasizes about winning the lottery.,I fantasize about winning the lottery.,彼は宝くじに当たることを空想する。,私は宝くじに当たることを空想する。,屈折IPAの原形化 / 例文の原形主語整合化
18629,fissure,C1,C1,割れ目、亀裂,割れ目、亀裂,/ˈfɪʃərz/,/fˈɪʃɚ/,There were fissures in the rock face.,There were fissure in the rock face.,岩の表面に割れ目があった。,岩の表面に割れ目があった。,屈折IPAの原形化 / 例文の原形主語整合化
18656,piglet,C1,C1,子豚,子豚,/ˈpɪɡlɪts/,/pˈɪɡlɪt/,The mother pig had several piglets.,The mother pig had several piglet.,母豚には数匹の子豚がいた。,母豚には数匹の子豚がいた。,屈折IPAの原形化 / 例文の原形主語整合化
18708,canto,C1,C1,歌,歌,/ˈkæntoʊ/,/ˈkæntoʊ/,The poem is divided into several cantos.,The poem is divided into several canto.,その詩はいくつかの歌に分けられている。,その詩はいくつかの歌に分けられている。,例文の原形主語整合化
18713,comatose,C1,C1,昏睡状態,昏睡状態,/ˈkoʊməˌtoʊs/,/kˈoʊmətˌoʊs/,The patient was comatose after the accident.,The patient was comatose after the accident.,患者は事故の後、昏睡状態だった。,患者は事故の後、昏睡状態だった。,屈折IPAの原形化
18714,concoction,C1,C1,調合薬,調合薬,/kəˈnkɑkʃənz/,/kənkˈɑːkʃən/,The old woman was known for her herbal concoctions.,The old woman was known for her herbal concoction.,老女はハーブの調合薬で知られていた。,老女はハーブの調合薬で知られていた。,屈折IPAの原形化 / 例文の原形主語整合化
18727,effigy,C1,C1,像,像,/effigies/,/ˈefɪdʒiː/,Effigies of the fallen heroes were erected in the park.,Effigies of the fallen heroes were erected in the park.,公園には、倒れた英雄たちの像が建てられた。,公園には、倒れた英雄たちの像が建てられた。,屈折IPAの原形化
18733,extravagance,C1,C1,浪費、贅沢,浪費、贅沢,/ɪˈkstrævəɡəns/,/ɪkstrˈævəɡəns/,His extravagance led him to bankruptcy.,His extravagance led him to bankruptcy.,彼の浪費が彼を破産に導いた。,彼の浪費が彼を破産に導いた。,屈折IPAの原形化
18743,gripe,C1,C1,不満,不満,/ˈɡraɪp/,/ˈɡraɪp/,He often gripes about the weather.,He often gripe about the weather.,彼はしばしば天気について不満を言う。,私はしばしば天気について不満を言う。,例文の原形主語整合化
18746,haystack,C1,C1,干し草の山,干し草の山,/ˈheɪˌstæks/,/hˈeɪstˌæk/,The haystacks dotted the field.,The haystack dotted the field.,干し草の山が野原に点在していた。,干し草の山が野原に点在していた。,屈折IPAの原形化 / 例文の原形主語整合化
18749,imperfection,C1,C1,不完全さ、欠陥,不完全さ、欠陥,/ˌɪmpərˈfɛkʃənz/,/ˌɪmpɚfˈekʃən/,We all have our imperfections.,We all have our imperfection.,私たちは皆、不完全さを持っている。,私たちは皆、不完全さを持っている。,屈折IPAの原形化 / 例文の原形主語整合化
18753,jeweler,C1,C1,宝石商,宝石商,/ˈdʒuːələrz/,/dʒˈuːəlɚ/,The jewelers crafted a beautiful necklace.,The jeweler crafted a beautiful necklace.,宝石商は美しいネックレスを作った。,宝石商は美しいネックレスを作った。,屈折IPAの原形化 / 例文の原形主語整合化
18760,metabolite,C1,C1,代謝産物,代謝産物,/metabolite/,/metabolite/,The drug is broken down into several metabolites in the body.,The drug is broken down into several metabolite in the body.,その薬物は体内でいくつかの代謝産物に分解される。,その薬物は体内でいくつかの代謝産物に分解される。,例文の原形主語整合化
18764,modality,C1,C1,様式、方法,様式、方法,/məˈdælətiz/,/mədˈælətiː/,Different treatment modalities were considered for the patient.,Different treatment modalities were considered for the patient.,患者にはさまざまな治療様式が検討された。,患者にはさまざまな治療様式が検討された。,屈折IPAの原形化
18780,retiree,C1,C1,退職者,退職者,/riˈtaɪˈriːz/,/riːtˈaɪrˈiː/,Many retirees enjoy their free time.,Many retiree enjoy their free time.,多くの退職者は自由な時間を楽しんでいます。,多くの退職者は自由な時間を楽しんでいます。,屈折IPAの原形化 / 例文の原形主語整合化
18811,wiper,C1,C1,ワイパー,ワイパー,/ˈwaɪpər/,/ˈwaɪpər/,He turned on the windshield wipers because it started to rain.,He turned on the windshield wiper because it started to rain.,雨が降り始めたので、彼はフロントガラスのワイパーをつけた。,雨が降り始めたので、私はフロントガラスのワイパーをつけた。,例文の原形主語整合化
18815,ambivalence,C1,C1,両面価値、アンビバレンス,両面価値、アンビバレンス,/æˈmbɪvələns/,/æmbˈɪvələns/,She felt ambivalence towards the project.,She felt ambivalence towards the project.,彼女はそのプロジェクトに対してアンビバレンスを感じていた。,彼女はそのプロジェクトに対してアンビバレンスを感じていた。,屈折IPAの原形化
18831,compatriot,C1,C1,同胞、同国人,同胞、同国人,/kəˈmpeɪtriəts/,/kəmpˈeɪtriːət/,He was happy to be reunited with his compatriots.,He was happy to be reunited with his compatriot.,彼は同胞たちと再会できて嬉しかった。,私は同胞たちと再会できて嬉しかった。,屈折IPAの原形化 / 例文の原形主語整合化
18838,destabilize,C1,C1,不安定にする,不安定にする,/dɪˈsteɪbəˌlaɪz/,/dɪstˈeɪbəlˌaɪz/,The war could destabilize the entire region.,The war could destabilize the entire region.,その戦争は地域全体を不安定にする可能性がある。,その戦争は地域全体を不安定にする可能性がある。,屈折IPAの原形化
18847,follicle,C1,C1,毛包,毛包,/ˈfɑləkəl/,/ˈfɑləkəl/,Hair grows from follicles in the skin.,Hair grows from follicle in the skin.,髪は皮膚の毛包から成長する。,髪は皮膚の毛包から成長する。,例文の原形主語整合化
18849,furlong,C1,C1,ハロン（距離の単位）,ハロン（距離の単位）,/ˈfɜːrˌlɔŋ/,/ˈfɜːrˌlɔŋ/,The race was over a distance of eight furlongs.,The race was over a distance of eight furlong.,そのレースは8ハロンの距離で行われた。,そのレースは8ハロンの距離で行われた。,例文の原形主語整合化
18851,gibbon,C1,C1,テナガザル,テナガザル,/ˈɡɪbɪnz/,/ɡˈɪbən/,The gibbons swung through the trees.,The gibbon swung through the trees.,テナガザルは木々を揺れ動いた。,テナガザルは木々を揺れ動いた。,屈折IPAの原形化 / 例文の原形主語整合化
18853,grumble,C1,C1,不平を言う,不平を言う,/ˈɡrʌmbəl/,/ˈɡrʌmbəl/,He always grumbles about the weather.,He always grumble about the weather.,彼はいつも天気のことで不平を言います。,私はいつも天気のことで不平を言います。,例文の原形主語整合化
18855,hearse,C1,C1,霊柩車,霊柩車,/ˈhɜːrs/,/hˈɜːrs/,The hearse arrived at the cemetery.,The hearse arrived at the cemetery.,霊柩車が墓地に到着しました。,霊柩車が墓地に到着しました。,屈折IPAの原形化
18861,hyena,C1,C1,ハイエナ,ハイエナ,/haɪˈiːnəz/,/haɪˈiːnə/,We saw hyenas during the safari.,We saw hyena during the safari.,私たちはサファリでハイエナを見た。,私たちはサファリでハイエナを見た。,屈折IPAの原形化 / 例文の原形主語整合化
18867,kilowatt,C1,C1,キロワット,キロワット,/ˈkɪləˌwɑts/,/kˈɪləwˌɑːt/,"The power plant generates several megawatts of electricity, which is equal to thousands of kilowatts.","The power plant generates several megawatts of electricity, which is equal to thousands of kilowatt.",その発電所は数メガワットの電力を生成し、それは数千キロワットに相当する。,その発電所は数メガワットの電力を生成し、それは数千キロワットに相当する。,屈折IPAの原形化 / 例文の原形主語整合化
18884,ooze,C1,C1,にじみ出る,にじみ出る,/ˈuːzɪz/,/ˈuːz/,The sap oozes from the tree.,The sap ooze from the tree.,樹液が木からにじみ出る。,樹液が木からにじみ出る。,屈折IPAの原形化 / 例文の原形主語整合化
18897,pretender,C1,C1,偽者、詐称者,偽者、詐称者,/priˈtɛndərz/,/priːtˈendɚ/,He was exposed as a pretender to the throne.,He was exposed as a pretender to the throne.,彼は王位の詐称者として暴露された。,彼は王位の詐称者として暴露された。,屈折IPAの原形化
18907,reorganize,C1,C1,再編成する,再編成する,/riˈɔrɡəˌnaɪz/,/riːˈɔːrɡənˌaɪz/,The company needs to reorganize its departments.,The company needs to reorganize its departments.,その会社は、部門を再編成する必要がある。,その会社は、部門を再編成する必要がある。,屈折IPAの原形化
18922,throng,C1,C1,群衆,群衆,/ˈθrɔŋz/,/θrˈɔːŋ/,Throngs of people gathered for the festival.,throng of people gathered for the festival.,お祭りのために大勢の人々が集まった。,お祭りのために大勢の人々が集まった。,屈折IPAの原形化 / 例文の原形主語整合化
18933,amine,C1,C1,アミン,アミン,/ɑˈmiːnɪz/,/ɑˈmiːnɪz/,Amines are organic compounds containing nitrogen.,amine are organic compounds containing nitrogen.,アミンは窒素を含む有機化合物である。,アミンは窒素を含む有機化合物である。,例文の原形主語整合化
18947,candlestick,C1,C1,燭台,燭台,/ˈkændəˌlstɪks/,/kˈændəlstˌɪk/,The room was decorated with silver candlesticks.,The room was decorated with silver candlestick.,部屋は銀の燭台で飾られていた。,部屋は銀の燭台で飾られていた。,屈折IPAの原形化 / 例文の原形主語整合化
18950,cation,C1,C1,陽イオン,陽イオン,/cations/,/cations/,Cations are positively charged ions.,cation are positively charged ions.,陽イオンは正に帯電したイオンである。,陽イオンは正に帯電したイオンである。,例文の原形主語整合化
18956,conveyance,C1,C1,輸送手段,輸送手段,/kəˈnveɪəns/,/kənvˈeɪəns/,The car is a common means of conveyance.,The car is a common means of conveyance.,車は一般的な輸送手段です。,車は一般的な輸送手段です。,屈折IPAの原形化
18972,exuberance,C1,C1,あふれんばかりの元気,あふれんばかりの元気,/ɪˈɡzuːbərəns/,/ɪɡzˈuːbɚəns/,Her exuberance was contagious and brightened the room.,Her exuberance was contagious and brightened the room.,彼女のあふれんばかりの元気は伝染し、部屋を明るくした。,彼女のあふれんばかりの元気は伝染し、部屋を明るくした。,屈折IPAの原形化
18973,familiarize,C1,C1,慣れる,慣れる,/fəˈmɪljərˌaɪz/,/fəmˈɪljɚˌaɪz/,Take some time to familiarize yourself with the new software.,Take some time to familiarize yourself with the new software.,新しいソフトウェアに慣れるために少し時間を取ってください。,新しいソフトウェアに慣れるために少し時間を取ってください。,屈折IPAの原形化
18975,frieze,C1,C1,フリーズ,フリーズ,/ˈfriːz/,/frˈiːz/,The frieze around the top of the wall depicted a battle scene.,The frieze around the top of the wall depicted a battle scene.,壁の上部周辺のフリーズは、戦闘シーンを描いていた。,壁の上部周辺のフリーズは、戦闘シーンを描いていた。,屈折IPAの原形化
18994,layoff,C1,C1,一時解雇,一時解雇,/ˈleɪˌɔfs/,/lˈeɪˌɔːf/,The company announced major layoffs due to the recession.,The company announced major layoff due to the recession.,会社は不況のため、大規模な一時解雇を発表した。,会社は不況のため、大規模な一時解雇を発表した。,屈折IPAの原形化 / 例文の原形主語整合化
18995,leper,C1,C1,らい病人,らい病人,/ˈlɛpər/,/ˈlɛpər/,"In ancient times, lepers were often isolated from society.","In ancient times, leper were often isolated from society.",古代、らい病患者はしばしば社会から隔離されていました。,古代、らい病患者はしばしば社会から隔離されていました。,例文の原形主語整合化
19016,overhang,C1,C1,張り出し,張り出し,/ˈoʊvərˌhæŋz/,/ˈoʊvɚhˌæŋ/,The roof overhangs provided shade from the sun.,The roof overhang provided shade from the sun.,屋根の張り出しが太陽からの日陰を作りました。,屋根の張り出しが太陽からの日陰を作りました。,屈折IPAの原形化 / 例文の原形主語整合化
19020,parlance,C1,C1,言い回し,言い回し,/ˈpɑrləns/,/pˈɑːrləns/,"In legal parlance, this is referred to as a contract.","In legal parlance, this is referred to as a contract.",法律用語では、これは契約と呼ばれる。,法律用語では、これは契約と呼ばれる。,屈折IPAの原形化
19026,propriety,C1,C1,礼儀作法,礼儀作法,/proprieties/,/prəprˈaɪətiː/,He was concerned with social proprieties.,He was concerned with social proprieties.,彼は社会的な礼儀作法を気にしていた。,彼は社会的な礼儀作法を気にしていた。,屈折IPAの原形化
19032,ruffle,C1,C1,ひだ飾り,ひだ飾り,/ˈrʌfəlz/,/rˈʌfəl/,The dress had ruffles at the sleeves.,The dress had ruffle at the sleeves.,そのドレスの袖にはひだ飾りがあった。,そのドレスの袖にはひだ飾りがあった。,屈折IPAの原形化 / 例文の原形主語整合化
19034,scab,C1,C1,かさぶた,かさぶた,/ˈskæbz/,/skˈæb/,He picked at the scabs on his knee.,He picked at the scab on his knee.,彼は膝のかさぶたを剥がした。,私は膝のかさぶたを剥がした。,屈折IPAの原形化 / 例文の原形主語整合化
19051,technologist,C1,C1,技術者,技術者,/ˌtɛˈknɑlədʒɪsts/,/tˌeknˈɑːlədʒɪst/,The technologists developed a new software.,The technologist developed a new software.,技術者たちは新しいソフトウェアを開発した。,技術者たちは新しいソフトウェアを開発した。,屈折IPAの原形化 / 例文の原形主語整合化
19061,vise,C1,C1,万力,万力,/ˈvaɪs/,/vˈaɪs/,He used a vise to hold the metal in place.,He used a vise to hold the metal in place.,彼は金属を固定するために万力を使った。,彼は金属を固定するために万力を使った。,屈折IPAの原形化
19084,colonize,C1,C1,植民地化する、群生する,植民地化する、群生する,/ˈkɑləˌnaɪz/,/kˈɑːlənˌaɪz/,The area was colonized by Europeans.,The area was colonized by Europeans.,その地域はヨーロッパ人によって植民地化された。,その地域はヨーロッパ人によって植民地化された。,屈折IPAの原形化
19087,crackle,C1,C1,パチパチ音,パチパチ音,/ˈkrækəlz/,/krˈækəl/,The fire crackles and pops in the hearth.,The fire crackle and pops in the hearth.,暖炉の中で火がパチパチ音を立てている。,暖炉の中で火がパチパチ音を立てている。,屈折IPAの原形化 / 例文の原形主語整合化
19096,eatery,C1,C1,飲食店,飲食店,/ˈiːtəriz/,/ˈiːtɚiː/,There are many eateries near the station.,There are many eateries near the station.,駅の近くにはたくさんの飲食店がある。,駅の近くにはたくさんの飲食店がある。,屈折IPAの原形化
19098,elude,C1,C1,逃れる、理解できない,逃れる、理解できない,/ɪˈluːdz/,/ɪlˈuːd/,The solution to the problem still eludes me.,The solution to the problem still elude me.,その問題の解決策はまだ私には理解できない。,その問題の解決策はまだ私には理解できない。,屈折IPAの原形化 / 例文の原形主語整合化
19115,hacienda,C1,C1,アシエンダ,アシエンダ,/ˌhæsiˈɛndəs/,/hˌæsiːˈendə/,The haciendas were large estates in Latin America.,The hacienda were large estates in Latin America.,アシエンダはラテンアメリカの広大な地所だった。,アシエンダはラテンアメリカの広大な地所だった。,屈折IPAの原形化 / 例文の原形主語整合化
19117,hiker,C1,C1,ハイカー,ハイカー,/ˈhaɪkərz/,/hˈaɪkɚ/,The hikers enjoyed the beautiful scenery.,The hiker enjoyed the beautiful scenery.,ハイカーたちは美しい景色を楽しみました。,ハイカーたちは美しい景色を楽しみました。,屈折IPAの原形化 / 例文の原形主語整合化
19139,mugging,C1,C1,強盗、襲撃,強盗、襲撃,/ˈmʌɡɪŋz/,/mˈʌɡɪŋ/,There have been many muggings in the neighborhood.,There have been many mugging in the neighborhood.,近所では強盗が多発している。,近所では強盗が多発している。,屈折IPAの原形化 / 例文の原形主語整合化
19153,pestilence,C1,C1,疫病,疫病,/ˈpɛstələns/,/pˈestələns/,The city was ravaged by a pestilence that killed many people.,The city was ravaged by a pestilence that killed many people.,その都市は多くの人々を殺した疫病によって荒廃した。,その都市は多くの人々を殺した疫病によって荒廃した。,屈折IPAの原形化
19160,protease,C1,C1,プロテアーゼ,プロテアーゼ,/ˈproʊtiˌeɪz/,/prˈoʊtiːˌeɪz/,Proteases break down proteins into smaller peptides.,protease break down proteins into smaller peptides.,プロテアーゼはタンパク質をより小さなペプチドに分解する。,プロテアーゼはタンパク質をより小さなペプチドに分解する。,屈折IPAの原形化 / 例文の原形主語整合化
19168,scoff,C1,C1,あざける、嘲笑する,あざける、嘲笑する,/ˈskɔfs/,/skˈɔːf/,He scoffs at the idea of climate change.,I scoff at the idea of climate change.,彼は気候変動の考えをあざける。,私は気候変動の考えをあざける。,屈折IPAの原形化 / 例文の原形主語整合化
19183,urinal,C1,C1,小便器,小便器,/urinal/,/urinal/,The restroom had a row of urinals.,The restroom had a row of urinal.,そのトイレには小便器が並んでいました。,そのトイレには小便器が並んでいました。,例文の原形主語整合化
19197,androgen,C1,C1,アンドロゲン,アンドロゲン,/androgen/,/androgen/,Androgens are hormones that play a role in male reproductive health.,androgen are hormones that play a role in male reproductive health.,アンドロゲンは、男性の生殖器の健康において役割を果たすホルモンです。,アンドロゲンは、男性の生殖器の健康において役割を果たすホルモンです。,例文の原形主語整合化
19201,apologist,C1,C1,擁護者,擁護者,/əˈpɑlədʒəsts/,/əpˈɑːlədʒəst/,The apologists for the government defended its policies.,The apologist for the government defended its policies.,政府の擁護者はその政策を擁護した。,政府の擁護者はその政策を擁護した。,屈折IPAの原形化 / 例文の原形主語整合化
19213,critter,C1,C1,生き物,生き物,/ˈkrɪtərz/,/krˈɪtɚ/,The garden was full of critters.,The garden was full of critter.,庭は生き物でいっぱいだった。,庭は生き物でいっぱいだった。,屈折IPAの原形化 / 例文の原形主語整合化
19257,numeral,C1,C1,数字,数字,/ˈnuːmərəlz/,/nˈuːmɚəl/,Roman numerals are used in the clock.,Roman numeral are used in the clock.,ローマ数字が時計に使われている。,ローマ数字が時計に使われている。,屈折IPAの原形化 / 例文の原形主語整合化
19264,pansy,C1,C1,パンジー,パンジー,/ˈpænziz/,/pˈænziː/,The garden was full of colorful pansies.,The garden was full of colorful pansies.,庭は色とりどりのパンジーでいっぱいだった。,庭は色とりどりのパンジーでいっぱいだった。,屈折IPAの原形化
19274,rampart,C1,C1,城壁,城壁,/ˈræˌmpɑrts/,/ˈræˌmpɑrts/,The soldiers stood on the ramparts of the castle.,The soldiers stood on the rampart of the castle.,兵士たちは城の城壁の上に立っていました。,兵士たちは城の城壁の上に立っていました。,例文の原形主語整合化
19279,renter,C1,C1,賃借人,賃借人,/ˈrɛntərz/,/rˈentɚ/,The landlord has a lot of renters in his building.,The landlord has a lot of renter in his building.,大家は建物に多くの賃借人を抱えている。,大家は建物に多くの賃借人を抱えている。,屈折IPAの原形化 / 例文の原形主語整合化
19283,slob,C1,C1,だらしない人、不精者,だらしない人、不精者,/ˈslɑbz/,/slˈɑːb/,"He's such a slob, he never cleans his room.","He's such a slob, he never cleans his room.",彼はとてもだらしない人で、決して部屋を掃除しない。,彼はとてもだらしない人で、決して部屋を掃除しない。,屈折IPAの原形化
19290,swinger,C1,C1,浮気者,浮気者,/ˈswɪŋərz/,/swˈɪŋɚ/,She found out her husband was a swinger.,She found out her husband was a swinger.,彼女は夫が浮気者であることを知った。,彼女は夫が浮気者であることを知った。,屈折IPAの原形化
19305,adipose,C1,C1,脂肪の,脂肪の,/ˈædəˌpoʊs/,/ˈædəpˌoʊs/,Adipose tissue stores energy in the form of fat.,Adipose tissue stores energy in the form of fat.,脂肪組織は、脂肪の形でエネルギーを貯蔵します。,脂肪組織は、脂肪の形でエネルギーを貯蔵します。,屈折IPAの原形化
19316,appendage,C1,C1,付属肢,付属肢,/əˈpɛndɪdʒɪz/,/əpˈendɪdʒ/,The insect has several appendages.,The insect has several appendage.,その昆虫にはいくつかの付属肢がある。,その昆虫にはいくつかの付属肢がある。,屈折IPAの原形化 / 例文の原形主語整合化
19322,bulwark,C1,C1,防壁,防壁,/ˈbʊlwərks/,/bˈʊlwɚk/,The country's strong borders are considered bulwarks against invasion.,The country's strong borders are considered bulwark against invasion.,その国の強力な国境は、侵略に対する防壁と見なされている。,その国の強力な国境は、侵略に対する防壁と見なされている。,屈折IPAの原形化 / 例文の原形主語整合化
19340,empathize,C1,C1,共感する,共感する,/ˈɛmpəˌθaɪz/,/ˈempəθˌaɪz/,It is important to empathize with others.,It is important to empathize with others.,他人と共感することは重要だ。,他人と共感することは重要だ。,屈折IPAの原形化
19342,energize,C1,C1,活気づける,活気づける,/ˈɛnərˌdʒaɪz/,/ˈenɚdʒˌaɪz/,The speech energized the audience.,The speech energized the audience.,そのスピーチは聴衆を活気づけた。,そのスピーチは聴衆を活気づけた。,屈折IPAの原形化
19354,headstone,C1,C1,墓石,墓石,/ˈhɛˌdstoʊnz/,/hˈedstˌoʊn/,The cemetery was filled with headstones.,The cemetery was filled with headstone.,墓地は墓石でいっぱいでした。,墓地は墓石でいっぱいでした。,屈折IPAの原形化 / 例文の原形主語整合化
19373,islet,C1,C1,小島,小島,/ˈaɪlɪts/,/ˈaɪlɪt/,The islets of Langerhans in the pancreas produce insulin.,The islet of Langerhans in the pancreas produce insulin.,膵臓のランゲルハンス島はインスリンを生成します。,膵臓のランゲルハンス島はインスリンを生成します。,屈折IPAの原形化 / 例文の原形主語整合化
19398,precipice,C1,C1,崖っぷち,崖っぷち,/ˈprɛsəpəs/,/prˈesəpəs/,They stood on the precipice of a breakthrough.,They stood on the precipice of a breakthrough.,彼らはブレークスルーの崖っぷちに立っていた。,彼らはブレークスルーの崖っぷちに立っていた。,屈折IPAの原形化
19403,reek,C1,C1,（嫌な）臭いを放つ,（嫌な）臭いを放つ,/ˈriːks/,/rˈiːk/,The garbage can reeks of rotten food.,The garbage can reek of rotten food.,ゴミ箱は腐った食べ物の臭いを放っている。,ゴミ箱は腐った食べ物の臭いを放っている。,屈折IPAの原形化 / 例文の原形主語整合化
19410,scrutinize,C1,C1,精査する、詳しく調べる,精査する、詳しく調べる,/ˈskruːtəˌnaɪz/,/skrˈuːtənˌaɪz/,The lawyer scrutinized the contract carefully.,The lawyer scrutinized the contract carefully.,弁護士は契約書を注意深く精査した。,弁護士は契約書を注意深く精査した。,屈折IPAの原形化
19412,shriek,C1,C1,悲鳴,悲鳴,/ˈʃriːks/,/ʃrˈiːk/,The child shrieked with joy.,The child shrieked with joy.,子供は喜びの悲鳴を上げた。,子供は喜びの悲鳴を上げた。,屈折IPAの原形化
19422,sucrose,C1,C1,ショ糖,ショ糖,/ˈsuːkroʊs/,/sˈuːkroʊs/,Sucrose is a common type of sugar.,Sucrose is a common type of sugar.,ショ糖は一般的な種類の砂糖です。,ショ糖は一般的な種類の砂糖です。,屈折IPAの原形化
19426,synapse,C1,C1,シナプス,シナプス,/ˈsɪæps/,/sˈɪæps/,The signal jumps across the synapse from one neuron to the next.,The signal jumps across the synapse from one neuron to the next.,信号は、あるニューロンから次のニューロンへシナプスを飛び越えます。,信号は、あるニューロンから次のニューロンへシナプスを飛び越えます。,屈折IPAの原形化
19441,acceptor,C1,C1,受容体,受容体,/acceptors/,/acceptors/,These are the acceptors in the signal transduction pathway.,These are the acceptor in the signal transduction pathway.,これらはシグナル伝達経路における受容体である。,これらはシグナル伝達経路における受容体である。,例文の原形主語整合化
19444,amenity,C1,C1,アメニティ,アメニティ,/əˈmɛnətiz/,/əmˈenətiː/,"The hotel offers several amenities, such as a pool.","The hotel offers several amenities, such as a pool.",ホテルはプールなどいくつかのアメニティを提供している。,ホテルはプールなどいくつかのアメニティを提供している。,屈折IPAの原形化
19457,cashew,C1,C1,カシューナッツ,カシューナッツ,/ˈkæˌʃuːz/,/kˈæʃˌuː/,She snacked on cashews while watching TV.,She snacked on cashew while watching TV.,彼女はテレビを見ながらカシューナッツをつまんだ。,私はテレビを見ながらカシューナッツをつまんだ。,屈折IPAの原形化 / 例文の原形主語整合化
19461,chaperone,C1,C1,付き添い人,付き添い人,/ˈʃæpərˌoʊnz/,/ʃˈæpɚˌoʊn/,The chaperones accompanied the students on the field trip.,The chaperone accompanied the students on the field trip.,付き添いの人は遠足で生徒たちに同行した。,付き添いの人は遠足で生徒たちに同行した。,屈折IPAの原形化 / 例文の原形主語整合化
19467,credential,C1,C1,資格,資格,/krəˈdɛnʃəlz/,/krɪdˈentʃəl/,He has the right credentials for the job.,He has the right credential for the job.,彼はその仕事に適した資格を持っています。,私はその仕事に適した資格を持っています。,屈折IPAの原形化 / 例文の原形主語整合化
19469,decompose,C1,C1,分解する,分解する,/ˌdiːkəˈmpoʊz/,/dˌiːkəmpˈoʊz/,Dead leaves decompose on the forest floor.,Dead leaves decompose on the forest floor.,枯葉は林床で分解する。,枯葉は林床で分解する。,屈折IPAの原形化
19503,legitimize,C1,C1,正当化する,正当化する,/ləˈdʒɪtəˌmaɪz/,/lədʒˈɪtəmˌaɪz/,The government is trying to legitimize its actions.,The government is trying to legitimize its actions.,政府は自らの行動を正当化しようとしています。,政府は自らの行動を正当化しようとしています。,屈折IPAの原形化
19505,loin,C1,C1,腰,腰,/ˈlɔɪnz/,/lˈɔɪn/,He tied his belt around his loins.,He tied his belt around his loin.,彼は腰にベルトを巻きました。,私は腰にベルトを巻きました。,屈折IPAの原形化 / 例文の原形主語整合化
19522,paralegal,C1,C1,パラリーガル,パラリーガル,/ˌpɛrəˈliːɡəlz/,/pˌerəlˈiːɡəl/,The paralegals assisted the attorneys with their cases.,The paralegal assisted the attorneys with their cases.,パラリーガルは弁護士の訴訟を支援した。,パラリーガルは弁護士の訴訟を支援した。,屈折IPAの原形化 / 例文の原形主語整合化
19547,scallop,C1,C1,ホタテ,ホタテ,/ˈskæləps/,/skˈæləp/,We ordered grilled scallops for dinner.,We ordered grilled scallop for dinner.,夕食に焼きホタテを注文した。,夕食に焼きホタテを注文した。,屈折IPAの原形化 / 例文の原形主語整合化
19548,schoolmaster,C1,C1,校長、教師,校長、教師,/ˈskuːˌlmæstərz/,/skˈuːlmˌæstɚ/,The schoolmasters were strict and demanding.,The schoolmaster were strict and demanding.,校長たちは厳しく要求が多かった。,校長たちは厳しく要求が多かった。,屈折IPAの原形化 / 例文の原形主語整合化
19568,traditionalist,C1,C1,伝統主義者,伝統主義者,/trəˈdɪʃnələsts/,/trədˈɪʃənəlɪst/,The traditionalists resisted the change.,The traditionalist resisted the change.,伝統主義者たちは変化に抵抗した。,伝統主義者たちは変化に抵抗した。,屈折IPAの原形化 / 例文の原形主語整合化
19583,affluence,C1,C1,富裕、豊富,富裕、豊富,/ˈæfluəns/,/ˈæfluːəns/,The city is known for its affluence and luxury.,The city is known for its affluence and luxury.,その都市は富裕と贅沢で知られている。,その都市は富裕と贅沢で知られている。,屈折IPAの原形化
19588,bodega,C1,C1,小さな食料品店,小さな食料品店,/boʊˈdeɪɡəs/,/boʊdˈeɪɡə/,We stopped at one of the local bodegas for some snacks.,We stopped at one of the local bodega for some snacks.,私たちはスナックを求めて地元の小さな食料品店に立ち寄った。,私たちはスナックを求めて地元の小さな食料品店に立ち寄った。,屈折IPAの原形化 / 例文の原形主語整合化
19597,counterbalance,C1,C1,均衡,均衡,/ˈkaʊntərˌbæləns/,/kˈaʊntɚbˌæləns/,The two forces counterbalance each other.,The two forces counterbalance each other.,2つの力は互いに均衡している。,2つの力は互いに均衡している。,屈折IPAの原形化
19599,culminate,C1,C1,頂点に達する,頂点に達する,/ˈkʌlmɪˌneɪts/,/kˈʌlmɪnˌeɪt/,The event culminates in a grand finale.,The event culminate in a grand finale.,イベントはグランドフィナーレで頂点に達する。,イベントはグランドフィナーレで頂点に達する。,屈折IPAの原形化 / 例文の原形主語整合化
19608,drape,C1,C1,ドレープ,ドレープ,/ˈdreɪps/,/drˈeɪp/,She drew the drapes to block out the morning sun.,She drew the drape to block out the morning sun.,彼女は朝の日差しを遮るためにドレープを引きました。,私は朝の日差しを遮るためにドレープを引きました。,屈折IPAの原形化 / 例文の原形主語整合化
19609,droplet,C1,C1,水滴,水滴,/ˈdrɑpləts/,/drˈɑːplət/,The droplets of rain glistened on the window.,The droplet of rain glistened on the window.,雨の水滴が窓でキラキラと輝いていた。,雨の水滴が窓でキラキラと輝いていた。,屈折IPAの原形化 / 例文の原形主語整合化
19631,invertebrate,C1,C1,無脊椎動物,無脊椎動物,/ɪˈnvɜːrtəbrəts/,/ˌɪnvˈɜːrtəbrət/,Invertebrates include insects and worms.,invertebrate include insects and worms.,無脊椎動物には昆虫やミミズが含まれる。,無脊椎動物には昆虫やミミズが含まれる。,屈折IPAの原形化 / 例文の原形主語整合化
19639,mussel,C1,C1,ムール貝,ムール貝,/ˈmʌsəlz/,/mˈʌsəl/,They ordered steamed mussels at the restaurant.,They ordered steamed mussel at the restaurant.,彼らはレストランで蒸しムール貝を注文した。,彼らはレストランで蒸しムール貝を注文した。,屈折IPAの原形化 / 例文の原形主語整合化
19642,oppressor,C1,C1,圧制者,圧制者,/əˈprɛsərz/,/əprˈesɚ/,The people fought back against their oppressors.,The people fought back against their oppressor.,人々は圧制者に対して反撃した。,人々は圧制者に対して反撃した。,屈折IPAの原形化 / 例文の原形主語整合化
19643,parapet,C1,C1,手すり、胸壁,手すり、胸壁,/ˈpɛrəˌpɛts/,/pˈerəpˌet/,The parapets of the castle provided a good view of the surrounding countryside.,The parapet of the castle provided a good view of the surrounding countryside.,城の手すりからは、周辺の田園地帯の美しい景色が見えた。,城の手すりからは、周辺の田園地帯の美しい景色が見えた。,屈折IPAの原形化 / 例文の原形主語整合化
19646,penalize,C1,C1,罰する,罰する,/ˈpɛnəˌlaɪz/,/pˈenəlˌaɪz/,The team will be penalized for this foul.,The team will be penalized for this foul.,そのチームはこの反則で罰せられるだろう。,そのチームはこの反則で罰せられるだろう。,屈折IPAの原形化
19688,baboon,C1,C1,ヒヒ,ヒヒ,/bæˈbuːnz/,/bəbˈuːn/,The baboons were making a lot of noise.,The baboon were making a lot of noise.,ヒヒは騒音を立てていた。,ヒヒは騒音を立てていた。,屈折IPAの原形化 / 例文の原形主語整合化
19693,caterer,C1,C1,ケータリング業者,ケータリング業者,/ˈkeɪtərərz/,/kˈeɪtɚɚ/,We hired caterers for the wedding reception.,We hired caterer for the wedding reception.,私たちは結婚披露宴のためにケータリング業者を雇った。,私たちは結婚披露宴のためにケータリング業者を雇った。,屈折IPAの原形化 / 例文の原形主語整合化
19697,continuance,C1,C1,継続,継続,/kəˈntɪnjuəns/,/kəntˈɪnjuːəns/,The continuance of the project is uncertain.,The continuance of the project is uncertain.,そのプロジェクトの継続は不確実である。,そのプロジェクトの継続は不確実である。,屈折IPAの原形化
19732,italic,C1,C1,イタリック体,イタリック体,/aɪˈtælɪks/,/aɪtˈælɪk/,The word was written in italics.,The word was written in italic.,その単語はイタリック体で書かれていた。,その単語はイタリック体で書かれていた。,屈折IPAの原形化 / 例文の原形主語整合化
19748,peruse,C1,C1,熟読する,熟読する,/pərˈuːz/,/pɚˈuːz/,He needed to peruse the contract before signing.,He needed to peruse the contract before signing.,彼は署名する前に契約書を熟読する必要があった。,彼は署名する前に契約書を熟読する必要があった。,屈折IPAの原形化
19775,transference,C1,C1,転移,転移,/træˈnsfɜːrəns/,/trænsfˈɜːrəns/,Transference is a concept in psychoanalysis.,Transference is a concept in psychoanalysis.,転移は精神分析における概念である。,転移は精神分析における概念である。,屈折IPAの原形化
19776,tribulation,C1,C1,苦難,苦難,/ˌtrɪbjəˈleɪʃənz/,/trˌɪbjəlˈeɪʃən/,He faced many tribulations in his life.,He faced many tribulation in his life.,彼は人生で多くの苦難に直面した。,私は人生で多くの苦難に直面した。,屈折IPAの原形化 / 例文の原形主語整合化
19787,acrobat,C1,C1,曲芸師,曲芸師,/ˈækrəˌbæts/,/ˈækrəbˌæt/,The acrobats performed amazing stunts.,The acrobat performed amazing stunts.,曲芸師たちは驚くべきスタントを披露しました。,曲芸師たちは驚くべきスタントを披露しました。,屈折IPAの原形化 / 例文の原形主語整合化
19789,amphibian,C1,C1,両生類,両生類,/æˈmfɪbiənz/,/æmfˈɪbiːən/,Frogs and toads are amphibians.,Frogs and toads are amphibian.,カエルとヒキガエルは両生類である。,カエルとヒキガエルは両生類である。,屈折IPAの原形化 / 例文の原形主語整合化
19792,attendee,C1,C1,参加者,参加者,/əˈtɛˈndiːz/,/ətˈendˈiː/,The attendees were all eager to learn.,The attendee were all eager to learn.,参加者は皆、学ぶことに熱心だった。,参加者は皆、学ぶことに熱心だった。,屈折IPAの原形化 / 例文の原形主語整合化
19795,baffle,C1,C1,困惑させる,困惑させる,/ˈbæfəlz/,/bˈæfəl/,The puzzle baffles me completely.,The puzzle baffle me completely.,そのパズルは私を完全に困惑させる。,そのパズルは私を完全に困惑させる。,屈折IPAの原形化 / 例文の原形主語整合化
19829,heuristic,C1,C1,発見的手法,発見的手法,/hjʊˈrɪstɪks/,/hjʊrˈɪstɪk/,Heuristics are often used in problem solving.,heuristic are often used in problem solving.,発見的手法は問題解決でよく使用されます。,発見的手法は問題解決でよく使用されます。,屈折IPAの原形化 / 例文の原形主語整合化
19830,hick,C1,C1,田舎者,田舎者,/ˈhɪks/,/hˈɪk/,They were treated as hicks when they visited the big city.,They were treated as hick when they visited the big city.,彼らは大都市を訪れたとき、田舎者として扱われた。,彼らは大都市を訪れたとき、田舎者として扱われた。,屈折IPAの原形化 / 例文の原形主語整合化
19870,secrete,C1,C1,分泌する,分泌する,/sɪˈkriːtz/,/sɪkrˈiːt/,The pancreas secretes insulin.,The pancreas secrete insulin.,膵臓はインスリンを分泌する。,膵臓はインスリンを分泌する。,屈折IPAの原形化 / 例文の原形主語整合化
19873,standardize,C1,C1,標準化する,標準化する,/ˈstændərˌdaɪz/,/stˈændɚdˌaɪz/,They are trying to standardize the process.,They are trying to standardize the process.,彼らはプロセスを標準化しようとしています。,彼らはプロセスを標準化しようとしています。,屈折IPAの原形化
19876,subcontractor,C1,C1,下請け業者,下請け業者,/səˈbkɑntræktərz/,/səbkˈɑːntrˌæktɚ/,The construction company hired subcontractors for specific tasks.,The construction company hired subcontractor for specific tasks.,その建設会社は、特定のタスクのために下請け業者を雇った。,その建設会社は、特定のタスクのために下請け業者を雇った。,屈折IPAの原形化 / 例文の原形主語整合化
19878,tern,C1,C1,アジサシ,アジサシ,/ˈtɜːrnz/,/ˈtɜːrnz/,Terns are often seen flying near the shore.,tern are often seen flying near the shore.,アジサシはしばしば海岸近くを飛んでいるのが見られる。,アジサシはしばしば海岸近くを飛んでいるのが見られる。,例文の原形主語整合化
19879,translocation,C1,C1,転座,転座,/translocations/,/translocations/,Chromosomal translocations can lead to genetic disorders.,Chromosomal translocation can lead to genetic disorders.,染色体転座は遺伝性疾患につながる可能性があります。,染色体転座は遺伝性疾患につながる可能性があります。,例文の原形主語整合化
19887,utterance,C1,C1,発言,発言,/ˈʌtərəns/,/ˈʌtɚəns/,Every utterance was carefully considered.,Every utterance was carefully considered.,すべての発言は慎重に検討された。,すべての発言は慎重に検討された。,屈折IPAの原形化
19900,arrhythmia,C1,C1,不整脈,不整脈,/ərˈɪðmiəz/,/ɚˈɪðmiːə/,Arrhythmias can be detected by an electrocardiogram.,arrhythmia can be detected by an electrocardiogram.,不整脈は心電図によって検出できる。,不整脈は心電図によって検出できる。,屈折IPAの原形化 / 例文の原形主語整合化
19906,condense,C1,C1,凝縮する,凝縮する,/kəˈndɛns/,/kəndˈens/,The water vapor began to condense into droplets.,The water vapor began to condense into droplets.,水蒸気は水滴に凝縮し始めました。,水蒸気は水滴に凝縮し始めました。,屈折IPAの原形化
19916,entitle,C1,C1,資格を与える、権利を与える,資格を与える、権利を与える,/ɛˈntaɪtəlz/,/entˈaɪtəl/,Your membership entitles you to free access.,Your membership entitle you to free access.,会員資格はあなたに無料アクセスを許可します。,会員資格はあなたに無料アクセスを許可します。,屈折IPAの原形化 / 例文の原形主語整合化
19932,histone,C1,C1,ヒストン,ヒストン,/histones/,/histones/,Histones are proteins that package DNA.,histone are proteins that package DNA.,ヒストンはDNAをパッケージングするタンパク質である。,ヒストンはDNAをパッケージングするタンパク質である。,例文の原形主語整合化
19940,jaundice,C1,C1,黄疸,黄疸,/ˈdʒɔndəs/,/dʒˈɔːndəs/,The baby was born with jaundice.,The baby was born with jaundice.,その赤ちゃんは黄疸を持って生まれた。,その赤ちゃんは黄疸を持って生まれた。,屈折IPAの原形化
19954,pacer,C1,C1,ペースメーカー,ペースメーカー,/ˈpeɪsərz/,/pˈeɪsɚ/,The pacers led the marathon runners.,The pacer led the marathon runners.,ペースメーカーがマラソンランナーを先導した。,ペースメーカーがマラソンランナーを先導した。,屈折IPAの原形化 / 例文の原形主語整合化
19956,pheromone,C1,C1,フェロモン,フェロモン,/ˈfɛrəˌmoʊnz/,/fˈerəmˌoʊn/,Insects use pheromones for communication.,Insects use pheromone for communication.,昆虫はコミュニケーションにフェロモンを使用する。,昆虫はコミュニケーションにフェロモンを使用する。,屈折IPAの原形化 / 例文の原形主語整合化
19957,placard,C1,C1,プラカード,プラカード,/ˈplækərd/,/ˈplækərd/,The protesters were holding placards with slogans.,The protesters were holding placard with slogans.,抗議者たちはスローガンが書かれたプラカードを持っていた。,抗議者たちはスローガンが書かれたプラカードを持っていた。,例文の原形主語整合化
19963,rationalization,C1,C1,合理化、正当化,合理化、正当化,/ˌræʃənəlɪˈzeɪʃənz/,/rˌæʃənəlɪzˈeɪʃən/,His rationalizations for his actions did not convince anyone.,His rationalization for his actions did not convince anyone.,彼の行動に対する合理化は、誰をも納得させなかった。,彼の行動に対する合理化は、誰をも納得させなかった。,屈折IPAの原形化 / 例文の原形主語整合化
19967,reductase,C1,C1,レダクターゼ,レダクターゼ,/reductases/,/reductases/,Reductases catalyze the reduction of substances.,reductase catalyze the reduction of substances.,レダクターゼは物質の還元を触媒します。,レダクターゼは物質の還元を触媒します。,例文の原形主語整合化
19969,reintroduce,C1,C1,再導入する,再導入する,/riɪntrəˈduːs/,/riːɪntrədˈuːs/,They plan to reintroduce the species to the wild.,They plan to reintroduce the species to the wild.,彼らはその種を野生に再導入する予定だ。,彼らはその種を野生に再導入する予定だ。,屈折IPAの原形化
19985,synchronize,C1,C1,同期させる,同期させる,/ˈsɪŋkrəˌnaɪz/,/sˈɪŋkrənˌaɪz/,It is important to synchronize the clocks to ensure accurate timing.,It is important to synchronize the clocks to ensure accurate timing.,正確なタイミングを確保するために、時計を同期させることが重要である。,正確なタイミングを確保するために、時計を同期させることが重要である。,屈折IPAの原形化
19987,taster,C1,C1,試食係,試食係,/ˈteɪstərz/,/tˈeɪstɚ/,The chef employed tasters to try new dishes.,The chef employed taster to try new dishes.,シェフは新しい料理を試すために試食係を雇った。,シェフは新しい料理を試すために試食係を雇った。,屈折IPAの原形化 / 例文の原形主語整合化
20010,artefact,C1,C1,工芸品、遺物,工芸品、遺物,/artefact/,/artefact/,The museum displayed many ancient artefacts.,The museum displayed many ancient artefact.,博物館には多くの古代の遺物が展示されていた。,博物館には多くの古代の遺物が展示されていた。,例文の原形主語整合化
20017,bromide,C1,C1,決まり文句,決まり文句,/ˈbroʊˌmaɪdz/,/brˈoʊmˌaɪd/,He delivered a speech full of bromides.,He delivered a speech full of bromide.,彼は決まり文句だらけのスピーチを行った。,私は決まり文句だらけのスピーチを行った。,屈折IPAの原形化 / 例文の原形主語整合化
20018,cadaver,C1,C1,死体,死体,/kəˈdævərz/,/kədˈævɚ/,The medical students examined cadavers.,The medical students examined cadaver.,医学生たちは死体を調べた。,医学生たちは死体を調べた。,屈折IPAの原形化 / 例文の原形主語整合化
20024,conservationist,C1,C1,環境保護活動家,環境保護活動家,/ˌkɑnsərˈveɪʃənəsts/,/kˌɑːnsɚvˈeɪʃənəst/,Conservationists are working to protect the forests.,conservationist are working to protect the forests.,環境保護活動家は森林を保護するために活動している。,環境保護活動家は森林を保護するために活動している。,屈折IPAの原形化 / 例文の原形主語整合化
20034,eon,C1,C1,非常に長い年月,非常に長い年月,/ˈiːənz/,/ˈiːən/,It has been eons since they last met.,It has been eon since they last met.,彼らが最後に会ってから非常に長い年月が経っている。,彼らが最後に会ってから非常に長い年月が経っている。,屈折IPAの原形化 / 例文の原形主語整合化
20039,gob,C1,C1,大量,大量,/ˈɡɑbz/,/ɡˈɑːb/,There were gobs of people at the concert.,There were gob of people at the concert.,コンサートには大量の人々がいました。,コンサートには大量の人々がいました。,屈折IPAの原形化 / 例文の原形主語整合化
20060,lysine,C1,C1,リジン,リジン,/ˈlaɪsinz/,/lˈaɪsiːn/,Lysines are essential amino acids.,lysine are essential amino acids.,リジンは必須アミノ酸である。,リジンは必須アミノ酸である。,屈折IPAの原形化 / 例文の原形主語整合化
20062,mastectomy,C1,C1,乳房切除術,乳房切除術,/mæˈstɛktəmiz/,/mæstˈektəmiː/,She had a mastectomy as a treatment for breast cancer.,She had a mastectomy as a treatment for breast cancer.,彼女は乳がんの治療として乳房切除術を受けた。,彼女は乳がんの治療として乳房切除術を受けた。,屈折IPAの原形化
20083,preponderance,C1,C1,優勢,優勢,/priˈpɑndrəns/,/priːpˈɑːndrəns/,The preponderance of evidence suggests that he is guilty.,The preponderance of evidence suggests that he is guilty.,証拠の優勢は彼が有罪であることを示唆しています。,証拠の優勢は彼が有罪であることを示唆しています。,屈折IPAの原形化
20100,trinket,C1,C1,安物の装身具,安物の装身具,/ˈtrɪŋkəts/,/trˈɪŋkət/,She sells trinkets at the market.,She sells trinket at the market.,彼女は市場で安物の装身具を売っている。,私は市場で安物の装身具を売っている。,屈折IPAの原形化 / 例文の原形主語整合化
20101,triplet,C1,C1,三つ子,三つ子,/ˈtrɪpləts/,/trˈɪplət/,She gave birth to triplets.,She gave birth to triplet.,彼女は三つ子を出産した。,私は三つ子を出産した。,屈折IPAの原形化 / 例文の原形主語整合化
20130,beluga,C1,C1,ベルーガ,ベルーガ,/bɪˈluːɡə/,/bɪˈluːɡə/,Belugas are white arctic whales.,beluga are white arctic whales.,ベルーガは白い北極のクジラです。,ベルーガは白い北極のクジラです。,例文の原形主語整合化
20140,cistern,C1,C1,貯水槽,貯水槽,/ˈsɪstərnz/,/sˈɪstɚn/,They collected rainwater in the cisterns.,They collected rainwater in the cistern.,彼らは貯水槽に雨水を集めた。,彼らは貯水槽に雨水を集めた。,屈折IPAの原形化 / 例文の原形主語整合化
20160,firecracker,C1,C1,爆竹,爆竹,/ˈfaɪərˌkrækərz/,/fˈaɪɚkrˌækɚ/,They set off firecrackers for the celebration.,They set off firecracker for the celebration.,彼らは祝賀のために爆竹を鳴らしました。,彼らは祝賀のために爆竹を鳴らしました。,屈折IPAの原形化 / 例文の原形主語整合化
20177,interdependence,C1,C1,相互依存,相互依存,/ˌɪntərdəˈpɛndəns/,/ˌɪntɚdəpˈendəns/,The interdependence between nations is becoming increasingly important in the global economy.,The interdependence between nations is becoming increasingly important in the global economy.,国家間の相互依存は、グローバル経済においてますます重要になっています。,国家間の相互依存は、グローバル経済においてますます重要になっています。,屈折IPAの原形化
20190,meander,C1,C1,曲がりくねって進む,曲がりくねって進む,/miˈændər/,/miˈændər/,The river meanders through the valley.,The river meander through the valley.,川は谷を曲がりくねって進む。,川は谷を曲がりくねって進む。,例文の原形主語整合化
20196,nonviolence,C1,C1,非暴力,非暴力,/nɑˈnvaɪələns/,/nɑːnvˈaɪələns/,Nonviolence was the core principle of his movement.,Nonviolence was the core principle of his movement.,非暴力は彼の運動の中心的な原則だった。,非暴力は彼の運動の中心的な原則だった。,屈折IPAの原形化
20199,oxidase,C1,C1,オキシダーゼ,オキシダーゼ,/oxidases/,/oxidases/,Oxidases are enzymes that catalyze oxidation reactions.,oxidase are enzymes that catalyze oxidation reactions.,オキシダーゼは酸化反応を触媒する酵素である。,オキシダーゼは酸化反応を触媒する酵素である。,例文の原形主語整合化
20204,personalize,C1,C1,パーソナライズする,パーソナライズする,/ˈpɜːrsənəˌlaɪz/,/pˈɜːrsənəlˌaɪz/,You can personalize the gift by adding a special message.,You can personalize the gift by adding a special message.,特別なメッセージを追加して、贈り物をパーソナライズすることができます。,特別なメッセージを追加して、贈り物をパーソナライズすることができます。,屈折IPAの原形化
20210,propagandist,C1,C1,宣伝主義者,宣伝主義者,/ˌprɑpəˈɡændəsts/,/prˌɑːpəɡˈændəst/,Propagandists often distort information to influence public opinion.,propagandist often distort information to influence public opinion.,宣伝主義者はしばしば世論を操作するために情報を歪曲します。,宣伝主義者はしばしば世論を操作するために情報を歪曲します。,屈折IPAの原形化 / 例文の原形主語整合化
20211,quibble,C1,C1,言い抜け,言い抜け,/ˈkwɪbəlz/,/kwˈɪbəl/,They argued over petty quibbles.,They argued over petty quibble.,彼らは些細な言い抜けについて言い争った。,彼らは些細な言い抜けについて言い争った。,屈折IPAの原形化 / 例文の原形主語整合化
20216,retrace,C1,C1,たどる,たどる,/riˈtreɪs/,/riːtrˈeɪs/,We had to retrace our steps to find the lost keys.,We had to retrace our steps to find the lost keys.,私たちは紛失した鍵を見つけるために、来た道をたどらなければならなかった。,私たちは紛失した鍵を見つけるために、来た道をたどらなければならなかった。,屈折IPAの原形化
20218,rivet,C1,C1,リベット,リベット,/ˈrɪvəts/,/rˈɪvət/,The rivets on the bridge were checked regularly.,The rivet on the bridge were checked regularly.,橋のリベットは定期的に点検された。,橋のリベットは定期的に点検された。,屈折IPAの原形化 / 例文の原形主語整合化
20249,wildflower,C1,C1,野生の花,野生の花,/ˈwaɪˌldflaʊər/,/ˈwaɪˌldflaʊər/,The meadow was full of wildflowers.,The meadow was full of wildflower.,牧草地は野生の花でいっぱいだった。,牧草地は野生の花でいっぱいだった。,例文の原形主語整合化
20250,winemaker,C1,C1,ワイン醸造家,ワイン醸造家,/winemakers/,/winemakers/,The winemakers carefully cultivated their grapes.,The winemaker carefully cultivated their grapes.,ワイン醸造家たちは注意深くブドウを栽培した。,ワイン醸造家たちは注意深くブドウを栽培した。,例文の原形主語整合化
20254,adenosine,C1,C1,アデノシン,アデノシン,/əˈdɛnəˌsiːnz/,/ədˈenəsˌiːn/,Adenosines play a key role in cellular energy transfer.,adenosine play a key role in cellular energy transfer.,アデノシンは細胞のエネルギー伝達において重要な役割を果たします。,アデノシンは細胞のエネルギー伝達において重要な役割を果たします。,屈折IPAの原形化 / 例文の原形主語整合化
20256,ambiance,C1,C1,雰囲気,雰囲気,/ˈæmbiəns/,/ˈæmbiːəns/,The restaurant has a pleasant ambiance.,The restaurant has a pleasant ambiance.,そのレストランは心地よい雰囲気を持っています。,そのレストランは心地よい雰囲気を持っています。,屈折IPAの原形化
20263,carnivore,C1,C1,肉食動物,肉食動物,/ˈkɑrnəˌvɔrz/,/kˈɑːrnɪvˌɔːr/,Lions are carnivores.,Lions are carnivore.,ライオンは肉食動物です。,ライオンは肉食動物です。,屈折IPAの原形化 / 例文の原形主語整合化
20279,ellipse,C1,C1,楕円,楕円,/ɪˈlɪps/,/ɪlˈɪps/,The orbit of the Earth is an ellipse.,The orbit of the Earth is an ellipse.,地球の軌道は楕円である。,地球の軌道は楕円である。,屈折IPAの原形化
20281,espouse,C1,C1,支持する,支持する,/ɪˈspaʊzɪz/,/ɪspˈaʊz/,The politician espouses policies that benefit the working class.,The politician espouse policies that benefit the working class.,その政治家は労働者階級に利益をもたらす政策を支持している。,その政治家は労働者階級に利益をもたらす政策を支持している。,屈折IPAの原形化 / 例文の原形主語整合化
20282,exemplar,C1,C1,模範,模範,/ɪˈɡzɛmplɑrz/,/ɪɡzˈemplɑːr/,The artists studied the exemplars of the genre.,The artists studied the exemplar of the genre.,そのアーティストたちは、そのジャンルの模範を研究しました。,そのアーティストたちは、そのジャンルの模範を研究しました。,屈折IPAの原形化 / 例文の原形主語整合化
20302,imprecise,C1,C1,不正確な,不正確な,/ˈɪmprəˌsaɪs/,/ˈɪmprəsˌaɪs/,The measurements were imprecise.,The measurements were imprecise.,測定は不正確だった。,測定は不正確だった。,屈折IPAの原形化
20308,kickback,C1,C1,リベート,リベート,/ˈkɪˌkbæks/,/kˈɪkbˌæk/,The politician was accused of taking kickbacks.,The politician was accused of taking kickback.,その政治家はリベートを受け取ったと告発された。,その政治家はリベートを受け取ったと告発された。,屈折IPAの原形化 / 例文の原形主語整合化
20312,megawatt,C1,C1,メガワット,メガワット,/ˈmɛɡəˌwɑts/,/mˈeɡəwˌɑːt/,The power plant generates megawatts of electricity.,The power plant generates megawatt of electricity.,発電所はメガワット単位の電気を生成する。,発電所はメガワット単位の電気を生成する。,屈折IPAの原形化 / 例文の原形主語整合化
20313,misinterpretation,C1,C1,誤解,誤解,/mɪsɪˌntɜːrprəˈteɪʃənz/,/mɪsɪntˌɜːrprətˈeɪʃən/,The argument arose from misinterpretations of his words.,The argument arose from misinterpretation of his words.,その議論は彼の言葉の誤解から生じた。,その議論は彼の言葉の誤解から生じた。,屈折IPAの原形化 / 例文の原形主語整合化
20324,plasmid,C1,C1,プラスミド,プラスミド,/plasmids/,/plasmids/,Plasmids are often used as vectors in gene cloning.,plasmid are often used as vectors in gene cloning.,プラスミドはしばしば遺伝子クローニングのベクターとして使用される。,プラスミドはしばしば遺伝子クローニングのベクターとして使用される。,例文の原形主語整合化
20334,restaurateur,C1,C1,レストラン経営者,レストラン経営者,/ˌrɛstərəˈtɜːrz/,/rˌestɚətˈɜːr/,The meeting was for restaurateurs in the area.,The meeting was for restaurateur in the area.,その会議は地域のレストラン経営者向けでした。,その会議は地域のレストラン経営者向けでした。,屈折IPAの原形化 / 例文の原形主語整合化
20337,shill,C1,C1,サクラ,サクラ,/ˈʃɪl/,/ˈʃɪl/,The company hired shills to promote their products.,The company hired shill to promote their products.,会社は製品を宣伝するためにサクラを雇った。,会社は製品を宣伝するためにサクラを雇った。,例文の原形主語整合化
20342,storehouse,C1,C1,倉庫,倉庫,/ˈstɔˌrhaʊs/,/stˈɔːrhˌaʊs/,The old barn served as a storehouse for hay.,The old barn served as a storehouse for hay.,古い納屋は干し草の倉庫として使われました。,古い納屋は干し草の倉庫として使われました。,屈折IPAの原形化
20343,striptease,C1,C1,ストリップショー,ストリップショー,/ˈstrɪˌptiːz/,/strˈɪptˌiːz/,The club featured a striptease show.,The club featured a striptease show.,そのクラブではストリップショーが行われていました。,そのクラブではストリップショーが行われていました。,屈折IPAの原形化
20344,supersede,C1,C1,取って代わる,取って代わる,/ˌsuːpərˈsiːdz/,/sˌuːpɚsˈiːd/,This new law supersedes all previous versions.,This new law supersede all previous versions.,この新しい法律は、以前のすべてのバージョンに取って代わります。,この新しい法律は、以前のすべてのバージョンに取って代わります。,屈折IPAの原形化 / 例文の原形主語整合化
20360,voyeur,C1,C1,覗き見,覗き見,/ˌvɔɪˈjuːrz/,/vˌɔɪjˈuːr/,The neighbors complained about the voyeurs looking into their windows.,The neighbors complained about the voyeur looking into their windows.,隣人たちは、窓を覗き見する覗き見について苦情を言った。,隣人たちは、窓を覗き見する覗き見について苦情を言った。,屈折IPAの原形化 / 例文の原形主語整合化
20369,anagram,C1,C1,アナグラム,アナグラム,/ˈænəˌɡræmz/,/ˈænəɡrˌæm/,'Listen' is an anagram of 'silent'.,'Listen' is an anagram of 'silent'.,「Listen」は「silent」のアナグラムです。,「Listen」は「silent」のアナグラムです。,屈折IPAの原形化
20383,cytokine,C1,C1,サイトカイン,サイトカイン,/cytokine/,/cytokine/,Cytokines play a crucial role in the immune response.,cytokine play a crucial role in the immune response.,サイトカインは免疫反応において重要な役割を果たします。,サイトカインは免疫反応において重要な役割を果たします。,例文の原形主語整合化
20384,depose,C1,C1,罷免する,罷免する,/dɪˈpoʊz/,/dɪpˈoʊz/,The king was deposed from power.,The king was deposed from power.,王は権力から罷免された。,王は権力から罷免された。,屈折IPAの原形化
20406,fingertip,C1,C1,指先,指先,/ˈfɪŋɡərˌtɪps/,/fˈɪŋɡɚtˌɪp/,She touched the fabric with her fingertips.,She touched the fabric with her fingertip.,彼女は指先で生地に触れた。,私は指先で生地に触れた。,屈折IPAの原形化 / 例文の原形主語整合化
20409,harmonize,C1,C1,調和する,調和する,/ˈhɑrməˌnaɪz/,/hˈɑːrmənˌaɪz/,The different colors harmonize well together.,The different colors harmonize well together.,異なる色がうまく調和している。,異なる色がうまく調和している。,屈折IPAの原形化
20411,houseboat,C1,C1,ハウスボート,ハウスボート,/ˈhaʊˌsboʊts/,/hˈaʊsbˌoʊt/,They spent the summer on a houseboats.,They spent the summer on a houseboat.,彼らは夏をハウスボートで過ごした。,彼らは夏をハウスボートで過ごした。,屈折IPAの原形化 / 例文の原形主語整合化
20418,jogger,C1,C1,ジョギングをする人,ジョギングをする人,/ˈdʒɑɡərz/,/dʒˈɑːɡɚ/,The joggers are running in the park.,The jogger are running in the park.,ジョギングをする人たちが公園を走っている。,ジョギングをする人たちが公園を走っている。,屈折IPAの原形化 / 例文の原形主語整合化
20421,longhorn,C1,C1,ロングホーン,ロングホーン,/ˈlɔŋˌhɔrnz/,/lˈɔːŋhˌɔːrn/,The cattle were longhorns.,The cattle were longhorn.,その牛はロングホーンだった。,その牛はロングホーンだった。,屈折IPAの原形化 / 例文の原形主語整合化
20429,obsolescence,C1,C1,陳腐化,陳腐化,/ˌɑbsəˈlɛsəns/,/ˌɑːbsəlˈesəns/,The rapid pace of technology is causing rapid obsolescence of products.,The rapid pace of technology is causing rapid obsolescence of products.,技術の急速な進歩は、製品の急速な陳腐化を引き起こしている。,技術の急速な進歩は、製品の急速な陳腐化を引き起こしている。,屈折IPAの原形化
20432,overstate,C1,C1,誇張する,誇張する,/ˈoʊvərˌsteɪts/,/ˈoʊvɚstˌeɪt/,He often overstates his accomplishments.,He often overstate his accomplishments.,彼はしばしば自分の業績を誇張する。,私はしばしば自分の業績を誇張する。,屈折IPAの原形化 / 例文の原形主語整合化
20438,quip,C1,C1,機知に富んだ言葉,機知に富んだ言葉,/ˈkwɪps/,/kwˈɪp/,He is known for his witty quips.,He is known for his witty quip.,彼は機知に富んだ言葉で知られている。,私は機知に富んだ言葉で知られている。,屈折IPAの原形化 / 例文の原形主語整合化
20445,respirator,C1,C1,呼吸器,呼吸器,/ˈrɛspərˌeɪtərz/,/rˈespɚˌeɪtɚ/,The workers wore respirators due to the dust.,The workers wore respirator due to the dust.,作業員は粉塵のために呼吸器を着用していた。,作業員は粉塵のために呼吸器を着用していた。,屈折IPAの原形化 / 例文の原形主語整合化
20453,skewer,C1,C1,串,串,/ˈskjuːərz/,/skjˈuːɚ/,They grilled meat on skewers.,They grilled meat on skewer.,彼らは串に刺した肉を焼いた。,彼らは串に刺した肉を焼いた。,屈折IPAの原形化 / 例文の原形主語整合化
20459,surmise,C1,C1,推測する,推測する,/sərˈmaɪz/,/sɚmˈaɪz/,I surmise that he will be late again.,I surmise that he will be late again.,私は彼がまた遅刻するだろうと推測する。,私は彼がまた遅刻するだろうと推測する。,屈折IPAの原形化
20461,terse,C1,C1,そっけない,そっけない,/ˈtɜːrs/,/tˈɜːrs/,His answer was terse and brief.,His answer was terse and brief.,彼の答えはそっけなく簡潔だった。,彼の答えはそっけなく簡潔だった。,屈折IPAの原形化
20469,underpin,C1,C1,支える、根底にある,支える、根底にある,/ˈʌndərˌpɪnz/,/ˈʌndɚpˌɪn/,This research underpins the new policy.,This research underpin the new policy.,この研究は新しい政策を支えている。,この研究は新しい政策を支えている。,屈折IPAの原形化 / 例文の原形主語整合化
20495,classifier,C1,C1,分類器,分類器,/classifiers/,/classifiers/,Machine learning uses classifiers to categorize data.,Machine learning uses classifier to categorize data.,機械学習はデータを分類するために分類器を使用する。,機械学習はデータを分類するために分類器を使用する。,例文の原形主語整合化
20505,dalmatian,C1,C1,ダルメシアン,ダルメシアン,/dæˈlmeɪʃənz/,/dælmˈeɪʃən/,Dalmatians are known for their black spots.,dalmatian are known for their black spots.,ダルメシアンは黒い斑点で知られています。,ダルメシアンは黒い斑点で知られています。,屈折IPAの原形化 / 例文の原形主語整合化
20523,gaffe,C1,C1,失態、へま,失態、へま,/ˈɡæfs/,/ɡˈæf/,He made several gaffes during the interview.,He made several gaffe during the interview.,彼はインタビュー中にいくつかの失態を犯した。,私はインタビュー中にいくつかの失態を犯した。,屈折IPAの原形化 / 例文の原形主語整合化
20529,hoarse,C1,C1,しわがれた,しわがれた,/ˈhɔrs/,/hˈɔːrs/,He was hoarse from yelling at the game.,He was hoarse from yelling at the game.,彼は試合で叫びすぎて声がしわがれていた。,彼は試合で叫びすぎて声がしわがれていた。,屈折IPAの原形化
20544,lentil,C1,C1,レンズ豆,レンズ豆,/ˈlɛntəlz/,/lˈentəl/,She made lentil soup for dinner.,She made lentil soup for dinner.,彼女は夕食にレンズ豆のスープを作りました。,彼女は夕食にレンズ豆のスープを作りました。,屈折IPAの原形化
20553,panelist,C1,C1,パネリスト,パネリスト,/ˈpænəlɪsts/,/pˈænələst/,The panelists discussed the topic in detail.,The panelist discussed the topic in detail.,パネリストたちはそのトピックについて詳細に議論した。,パネリストたちはそのトピックについて詳細に議論した。,屈折IPAの原形化 / 例文の原形主語整合化
20557,perturbation,C1,C1,摂動,摂動,/ˌpɜːrtərˈbeɪʃən/,/ˌpɜːrtərˈbeɪʃən/,The system is sensitive to small perturbations.,The system is sensitive to small perturbation.,そのシステムは小さな摂動に敏感である。,そのシステムは小さな摂動に敏感である。,例文の原形主語整合化
20568,sardine,C1,C1,イワシ,イワシ,/sɑˈrdiːnz/,/sɑːrdˈiːn/,I like sardines on toast.,I like sardine on toast.,私はトーストにイワシを乗せるのが好きです。,私はトーストにイワシを乗せるのが好きです。,屈折IPAの原形化 / 例文の原形主語整合化
20582,tradeoff,C1,C1,トレードオフ,トレードオフ,/ˈtreɪˌdɔfs/,/trˈeɪdˌɔːf/,Every decision involves tradeoffs.,Every decision involves tradeoff.,すべての決定にはトレードオフが伴います。,すべての決定にはトレードオフが伴います。,屈折IPAの原形化 / 例文の原形主語整合化
20605,caliper,C1,C1,ノギス,ノギス,/ˈkæləpərz/,/kˈæləpɚ/,The calipers were used to measure the diameter of the pipe.,The caliper were used to measure the diameter of the pipe.,ノギスはパイプの直径を測るために使われた。,ノギスはパイプの直径を測るために使われた。,屈折IPAの原形化 / 例文の原形主語整合化
20612,commonsense,C1,C1,常識,常識,/ˌkɑməˈnsɛns/,/kˌɑːmənsˈens/,It's just commonsense to wear a helmet.,It's just commonsense to wear a helmet.,ヘルメットをかぶるのはただの常識です。,ヘルメットをかぶるのはただの常識です。,屈折IPAの原形化
20613,confound,C1,C1,混同させる、混乱させる,混同させる、混乱させる,/kəˈnfaʊndz/,/kɑːnfˈaʊnd/,The complex problem confounds even the most experienced researchers.,The complex problem confound even the most experienced researchers.,その複雑な問題は、最も経験豊富な研究者でさえも混乱させる。,その複雑な問題は、最も経験豊富な研究者でさえも混乱させる。,屈折IPAの原形化 / 例文の原形主語整合化
20636,groupie,C1,C1,グルーピー（熱狂的なファン）,グルーピー（熱狂的なファン）,/ˈɡruːpiz/,/ɡrˈuːpiː/,The rock star was surrounded by a crowd of groupies after the show.,The rock star was surrounded by a crowd of groupie after the show.,そのロックスターはショーの後、グルーピーの群衆に囲まれた。,そのロックスターはショーの後、グルーピーの群衆に囲まれた。,屈折IPAの原形化 / 例文の原形主語整合化
20649,lipoprotein,C1,C1,リポタンパク質,リポタンパク質,/ˌlɪpəˈproʊtin/,/ˌlɪpəˈproʊtin/,Lipoproteins transport cholesterol in the blood.,lipoprotein transport cholesterol in the blood.,リポタンパク質は血液中でコレステロールを輸送する。,リポタンパク質は血液中でコレステロールを輸送する。,例文の原形主語整合化
20651,malignancy,C1,C1,悪性腫瘍,悪性腫瘍,/məˈlɪɡnənsiz/,/məlˈɪɡnənsiː/,He was diagnosed with multiple malignancies.,He was diagnosed with multiple malignancies.,彼は複数の悪性腫瘍と診断された。,彼は複数の悪性腫瘍と診断された。,屈折IPAの原形化
20657,misrepresent,C1,C1,誤って伝える,誤って伝える,/mɪˌsrɛprəˈzɛnts/,/mɪsrˌeprəzˈent/,The advertisement misrepresents the product.,The advertisement misrepresent the product.,その広告は製品を誤って伝えている。,その広告は製品を誤って伝えている。,屈折IPAの原形化 / 例文の原形主語整合化
20663,oldie,C1,C1,懐メロ,懐メロ,/ˈoʊldiz/,/ˈoʊldiː/,They played oldies at the dance.,They played oldie at the dance.,彼らはダンスで懐メロをかけた。,彼らはダンスで懐メロをかけた。,屈折IPAの原形化 / 例文の原形主語整合化
20675,recur,C1,C1,再発する,再発する,/rɪˈkɜːrz/,/rɪkˈɜːr/,The problem recurs every few months.,The problem recur every few months.,その問題は数ヶ月ごとに再発する。,その問題は数ヶ月ごとに再発する。,屈折IPAの原形化 / 例文の原形主語整合化
20686,sleaze,C1,C1,不潔/不正,不潔/不正,/ˈsliːz/,/slˈiːz/,The scandal exposed the sleaze within the company.,The scandal exposed the sleaze within the company.,そのスキャンダルは会社内の不正を暴露した。,そのスキャンダルは会社内の不正を暴露した。,屈折IPAの原形化
20729,counterintelligence,C1,C1,防諜、対敵諜報,防諜、対敵諜報,/ˌkaʊntərɪˈntɛlɪdʒəns/,/kˌaʊntɚɪntˈelɪdʒəns/,The agency is involved in counterintelligence activities.,The agency is involved in counterintelligence activities.,その機関は防諜活動に関与している。,その機関は防諜活動に関与している。,屈折IPAの原形化
20731,crag,C1,C1,岩場、絶壁,岩場、絶壁,/crags/,/crags/,The climbers scaled the steep crags.,The climbers scaled the steep crag.,登山家たちは険しい岩場をよじ登った。,登山家たちは険しい岩場をよじ登った。,例文の原形主語整合化
20734,dachshund,C1,C1,ダックスフント,ダックスフント,/ˈdɑˌkshʊnts/,/dˈɑːkshˌʊnd/,She has two dachshunds.,She has two dachshund.,彼女は2匹のダックスフントを飼っています。,私は2匹のダックスフントを飼っています。,屈折IPAの原形化 / 例文の原形主語整合化
20755,gratuity,C1,C1,チップ,チップ,/ɡrəˈtuːɪtiz/,/ɡrətˈuːɪtiː/,The waiter relies on gratuities for his income.,The waiter relies on gratuities for his income.,そのウェイターは収入をチップに頼っている。,そのウェイターは収入をチップに頼っている。,屈折IPAの原形化
20779,pander,C1,C1,媚びる,媚びる,/ˈpændərz/,/pˈændɚ/,The politician panders to the whims of the public.,The politician pander to the whims of the public.,その政治家は国民の気まぐれに媚びます。,その政治家は国民の気まぐれに媚びます。,屈折IPAの原形化 / 例文の原形主語整合化
20783,permutation,C1,C1,順列,順列,/ˌpɜːrmjuˈteɪʃən/,/ˌpɜːrmjuˈteɪʃən/,The number of permutations of these letters is very high.,The number of permutation of these letters is very high.,これらの文字の順列の数は非常に多い。,これらの文字の順列の数は非常に多い。,例文の原形主語整合化
20787,polemic,C1,C1,論争、弁駁,論争、弁駁,/poʊˈlɛmɪks/,/pəlˈemɪk/,The debate was full of polemics.,The debate was full of polemic.,その討論は論争に満ちていた。,その討論は論争に満ちていた。,屈折IPAの原形化 / 例文の原形主語整合化
20793,purport,C1,C1,自称する、称する,自称する、称する,/ˈpɜːrˌpɔrt/,/ˈpɜːrˌpɔrt/,The document purports to be authentic.,The document purport to be authentic.,その文書は本物であると自称している。,その文書は本物であると自称している。,例文の原形主語整合化
20800,reparation,C1,C1,賠償,賠償,/ˌrɛpərˈeɪʃənz/,/rˌepɚˈeɪʃən/,The country demanded reparations for the war.,The country demanded reparation for the war.,その国は戦争に対する賠償を要求した。,その国は戦争に対する賠償を要求した。,屈折IPAの原形化 / 例文の原形主語整合化
20829,allergen,C1,C1,アレルゲン,アレルゲン,/ˈælərdʒənz/,/ˈælɚdʒən/,Peanuts are a common allergen.,Peanuts are a common allergen.,ピーナッツは一般的なアレルゲンです。,ピーナッツは一般的なアレルゲンです。,屈折IPAの原形化
20830,applesauce,C1,C1,アップルソース,アップルソース,/ˈæpəˌlsɔs/,/ˈæpəlsˌɔːs/,The baby loves applesauce.,The baby loves applesauce.,赤ちゃんはアップルソースが大好きです。,赤ちゃんはアップルソースが大好きです。,屈折IPAの原形化
20832,asthmatic,C1,C1,喘息患者,喘息患者,/ɛˈsθmɛtɪks/,/æzmˈætɪk/,Asthmatics need to be careful during high pollen seasons.,asthmatic need to be careful during high pollen seasons.,喘息患者は花粉が多い季節には注意が必要です。,喘息患者は花粉が多い季節には注意が必要です。,屈折IPAの原形化 / 例文の原形主語整合化
20835,biomarker,C1,C1,バイオマーカー,バイオマーカー,/biomarker/,/biomarker/,The study is looking for new biomarkers for the disease.,The study is looking for new biomarker for the disease.,その研究は病気の新しいバイオマーカーを探している。,その研究は病気の新しいバイオマーカーを探している。,例文の原形主語整合化
20837,brocade,C1,C1,ブロケード,ブロケード,/broʊˈkeɪdz/,/broʊkˈeɪd/,The walls were covered in rich brocades.,The walls were covered in rich brocade.,壁は豪華なブロケードで覆われていた。,壁は豪華なブロケードで覆われていた。,屈折IPAの原形化 / 例文の原形主語整合化
20842,coalesce,C1,C1,合体する,合体する,/ˌkoʊəˈlɛs/,/kˌoʊəlˈes/,The different groups began to coalesce into one unified force.,The different groups began to coalesce into one unified force.,異なるグループが合体して、一つの統一された力になり始めた。,異なるグループが合体して、一つの統一された力になり始めた。,屈折IPAの原形化
20856,dumbbell,C1,C1,ダンベル,ダンベル,/ˈdʌˌmbɛl/,/ˈdʌˌmbɛl/,He lifts dumbbells at the gym.,He lifts dumbbell at the gym.,彼はジムでダンベルを持ち上げます。,私はジムでダンベルを持ち上げます。,例文の原形主語整合化
20860,emigrant,C1,C1,移民,移民,/ˈɛməɡrənts/,/ˈeməɡrənt/,Many emigrants left their homeland for a better life.,Many emigrant left their homeland for a better life.,多くの移民がより良い生活を求めて故郷を離れた。,多くの移民がより良い生活を求めて故郷を離れた。,屈折IPAの原形化 / 例文の原形主語整合化
20870,gargoyle,C1,C1,ガーゴイル,ガーゴイル,/ˈɡɑˌrɡɔɪlz/,/ɡˈɑːrɡˌɔɪl/,The cathedral was adorned with grotesque gargoyles.,The cathedral was adorned with grotesque gargoyle.,その大聖堂はグロテスクなガーゴイルで飾られていた。,その大聖堂はグロテスクなガーゴイルで飾られていた。,屈折IPAの原形化 / 例文の原形主語整合化
20908,prospector,C1,C1,探鉱者,探鉱者,/ˈprɔˌspɛktərz/,/prˈɔːspˌektɚ/,The prospectors searched for gold in the mountains.,The prospector searched for gold in the mountains.,探鉱者たちは山で金を探した。,探鉱者たちは山で金を探した。,屈折IPAの原形化 / 例文の原形主語整合化
20910,rambler,C1,C1,散歩者、徘徊者,散歩者、徘徊者,/ˈræmblərz/,/rˈæmblɚ/,Ramblers enjoy exploring the countryside on foot.,rambler enjoy exploring the countryside on foot.,散歩者は徒歩で田舎を探索するのを楽しんでいます。,散歩者は徒歩で田舎を探索するのを楽しんでいます。,屈折IPAの原形化 / 例文の原形主語整合化
20938,zillion,C1,C1,無数,無数,/ˈzɪljənz/,/zˈɪljən/,There are zillions of stars in the night sky.,There are zillion of stars in the night sky.,夜空には無数の星がある。,夜空には無数の星がある。,屈折IPAの原形化 / 例文の原形主語整合化
20941,anesthesiologist,C1,C1,麻酔科医,麻酔科医,/ˌænəˌsθiːziˈɑlədʒəsts/,/ˌænəsθˌiːziːˈɑːlədʒəst/,The anesthesiologists monitored the patient closely during surgery.,The anesthesiologist monitored the patient closely during surgery.,麻酔科医は、手術中に患者を注意深く監視した。,麻酔科医は、手術中に患者を注意深く監視した。,屈折IPAの原形化 / 例文の原形主語整合化
20954,cognate,C1,C1,同族語,同族語,/cognates/,/cognates/,"The two words are cognates, sharing a common origin.","The two words are cognate, sharing a common origin.",2つの単語は同族語で、共通の起源を持つ。,2つの単語は同族語で、共通の起源を持つ。,例文の原形主語整合化
20955,contaminant,C1,C1,汚染物質,汚染物質,/kəˈntæmənənt/,/kəˈntæmənənt/,The water was tested for contaminants.,The water was tested for contaminant.,その水は汚染物質の検査を受けた。,その水は汚染物質の検査を受けた。,例文の原形主語整合化
20958,counterclockwise,C1,C1,反時計回りの,反時計回りの,/ˌkaʊntərˈklɔkwaɪz/,/kˌaʊntɚklˈɔːkwaɪz/,The hands on the clock move counterclockwise.,The hands on the clock move counterclockwise.,時計の針は反時計回りに動きます。,時計の針は反時計回りに動きます。,屈折IPAの原形化
20959,crevice,C1,C1,割れ目,割れ目,/ˈkrɛvəsɪz/,/krˈevəs/,The ants were crawling through the crevices in the wall.,The ants were crawling through the crevice in the wall.,アリが壁の割れ目を這っていた。,アリが壁の割れ目を這っていた。,屈折IPAの原形化 / 例文の原形主語整合化
20961,defector,C1,C1,亡命者,亡命者,/dɪˈfɛktərz/,/dɪfˈektɚ/,The government labeled them as defectors.,The government labeled them as defector.,政府は彼らを亡命者と呼んだ。,政府は彼らを亡命者と呼んだ。,屈折IPAの原形化 / 例文の原形主語整合化
20978,gloat,C1,C1,ほくそ笑む,ほくそ笑む,/ˈɡloʊts/,/ɡlˈoʊt/,He gloats over his victory.,I gloat over his victory.,彼は自分の勝利をほくそ笑んでいます。,私は自分の勝利をほくそ笑んでいます。,屈折IPAの原形化 / 例文の原形主語整合化
20981,handcuff,C1,C1,手錠,手錠,/ˈhæˌndkʌfs/,/hˈændkˌʌf/,The police put handcuffs on the suspect.,The police put handcuff on the suspect.,警察は容疑者に手錠をかけた。,警察は容疑者に手錠をかけた。,屈折IPAの原形化 / 例文の原形主語整合化
20985,histogram,C1,C1,ヒストグラム,ヒストグラム,/ˈhɪstəˌɡræmz/,/hˈɪstəɡrˌæm/,Histograms are used to visualize the distribution of data.,histogram are used to visualize the distribution of data.,ヒストグラムは、データの分布を視覚化するために使用されます。,ヒストグラムは、データの分布を視覚化するために使用されます。,屈折IPAの原形化 / 例文の原形主語整合化
20991,irrelevance,C1,C1,無関係、見当違い,無関係、見当違い,/ɪˈrɛləvəns/,/ɪrˈeləvəns/,His comment had no relevance to the discussion.,His comment had no relevance to the discussion.,彼のコメントは議論とは無関係だった。,彼のコメントは議論とは無関係だった。,屈折IPAの原形化
21012,reappearance,C1,C1,再出現,再出現,/ˌriːəˈpɪrəns/,/rˌiːəpˈɪrəns/,Her disappearance and reappearance was a mystery.,Her disappearance and reappearance was a mystery.,彼女の失踪と再出現は謎だった。,彼女の失踪と再出現は謎だった。,屈折IPAの原形化
21033,sterilize,C1,C1,殺菌する,殺菌する,/ˈstɛrəˌlaɪz/,/stˈerəlˌaɪz/,The instruments were sterilized before the surgery.,The instruments were sterilized before the surgery.,器具は手術の前に殺菌された。,器具は手術の前に殺菌された。,屈折IPAの原形化
21055,antler,C1,C1,枝角,枝角,/ˈæntlər/,/ˈæntlər/,The deer had impressive antlers.,The deer had impressive antler.,その鹿は印象的な枝角を持っていた。,その鹿は印象的な枝角を持っていた。,例文の原形主語整合化
21061,bookmaker,C1,C1,ブックメーカー,ブックメーカー,/ˈbʊkmeɪkərz/,/bˈʊkmeɪkɚ/,Bookmakers offer odds on sporting events.,bookmaker offer odds on sporting events.,ブックメーカーはスポーツイベントのオッズを提供する。,ブックメーカーはスポーツイベントのオッズを提供する。,屈折IPAの原形化 / 例文の原形主語整合化
21062,buzzword,C1,C1,バズワード,バズワード,/ˈbʌzwərdz/,/bˈʌzwɚd/,The presentation was full of empty buzzwords.,The presentation was full of empty buzzword.,プレゼンテーションは空虚なバズワードでいっぱいだった。,プレゼンテーションは空虚なバズワードでいっぱいだった。,屈折IPAの原形化 / 例文の原形主語整合化
21076,demonize,C1,C1,悪魔化する、中傷する,悪魔化する、中傷する,/ˈdiːməˌnaɪz/,/dˈiːmənˌaɪz/,They try to demonize anyone who disagrees with them.,They try to demonize anyone who disagrees with them.,彼らは自分たちに反対する人を誰でも悪魔化しようとする。,彼らは自分たちに反対する人を誰でも悪魔化しようとする。,屈折IPAの原形化
21079,diuretic,C1,C1,利尿剤,利尿剤,/ˌdaɪuˈrɛtɪks/,/dˌaɪuːrˈetɪk/,Diuretics are used to reduce fluid buildup in the body.,diuretic are used to reduce fluid buildup in the body.,利尿剤は体内の体液の蓄積を減らすために使用される。,利尿剤は体内の体液の蓄積を減らすために使用される。,屈折IPAの原形化 / 例文の原形主語整合化
21083,dwindle,C1,C1,減少する,減少する,/ˈdwɪndəlz/,/dwˈɪndəl/,The number of bees dwindles every year.,The number of bees dwindle every year.,ミツバチの数は毎年減少している。,ミツバチの数は毎年減少している。,屈折IPAの原形化 / 例文の原形主語整合化
21084,effector,C1,C1,エフェクター,エフェクター,/effectors/,/effectors/,The immune system has various effectors.,The immune system has various effector.,免疫系には様々なエフェクターがある。,免疫系には様々なエフェクターがある。,例文の原形主語整合化
21085,encircle,C1,C1,囲む,囲む,/ɛˈnsɜːrkəl/,/ɛˈnsɜːrkəl/,The fence encircles the garden.,The fence encircle the garden.,フェンスが庭を囲んでいる。,フェンスが庭を囲んでいる。,例文の原形主語整合化
21093,fertilize,C1,C1,受精させる、肥沃にする,受精させる、肥沃にする,/ˈfɜːrtəˌlaɪz/,/fˈɜːrtəlˌaɪz/,The bee fertilize the flower.,The bee fertilize the flower.,ミツバチが花を受精させる。,ミツバチが花を受精させる。,屈折IPAの原形化
21097,gizmo,C1,C1,ちょっとした道具、ガジェット,ちょっとした道具、ガジェット,/ˈɡɪˌzmoʊ/,/ˈɡɪˌzmoʊ/,He has all sorts of gizmos in his toolbox.,He has all sorts of gizmo in his toolbox.,彼は道具箱にあらゆる種類のガジェットを持っている。,私は道具箱にあらゆる種類のガジェットを持っている。,例文の原形主語整合化
21098,glycine,C1,C1,グリシン,グリシン,/ˈɡlaɪˌsiːnz/,/ɡlˈaɪsˌiːn/,Glycines are the simplest amino acids.,glycine are the simplest amino acids.,グリシンは最も単純なアミノ酸です。,グリシンは最も単純なアミノ酸です。,屈折IPAの原形化 / 例文の原形主語整合化
21099,grimace,C1,C1,しかめ面,しかめ面,/ˈɡrɪməs/,/ɡrˈɪməs/,He made a grimace when he tasted the bitter medicine.,He made a grimace when he tasted the bitter medicine.,彼は苦い薬を味わったとき、しかめ面をした。,彼は苦い薬を味わったとき、しかめ面をした。,屈折IPAの原形化
21138,pittance,C1,C1,わずかな金額,わずかな金額,/ˈpɪtəns/,/pˈɪtəns/,They received only a pittance for their hard work.,They received only a pittance for their hard work.,彼らは大変な労働の対価としてわずかな金額しか受け取らなかった。,彼らは大変な労働の対価としてわずかな金額しか受け取らなかった。,屈折IPAの原形化
21144,registrant,C1,C1,登録者,登録者,/ˈrɛdʒəstrənts/,/rˈedʒəstrənt/,The number of registrants was higher than expected.,The number of registrant was higher than expected.,登録者の数は予想よりも多かった。,登録者の数は予想よりも多かった。,屈折IPAの原形化 / 例文の原形主語整合化
21154,statuette,C1,C1,小像,小像,/ˌstætʃuˈɛts/,/stˌætʃuːˈet/,The shelf was decorated with small statuettes.,The shelf was decorated with small statuette.,棚は小さな小像で飾られていた。,棚は小さな小像で飾られていた。,屈折IPAの原形化 / 例文の原形主語整合化
21163,wince,C1,C1,顔をしかめる,顔をしかめる,/ˈwɪns/,/wˈɪns/,He winced at the sudden noise.,He winced at the sudden noise.,彼は突然の騒音に顔をしかめた。,彼は突然の騒音に顔をしかめた。,屈折IPAの原形化
21168,adherent,C1,C1,支持者,支持者,/æˈdhɪrənts/,/ədhˈɪrənt/,The party has many adherents in the country.,The party has many adherent in the country.,その党は国内に多くの支持者がいます。,その党は国内に多くの支持者がいます。,屈折IPAの原形化 / 例文の原形主語整合化
21171,antecedent,C1,C1,前例,前例,/ˌæntɪˈsiːdənts/,/ˌæntˈesədənt/,The plan has several successful antecedents.,The plan has several successful antecedent.,その計画にはいくつかの成功した前例がある。,その計画にはいくつかの成功した前例がある。,屈折IPAの原形化 / 例文の原形主語整合化
21173,aphrodisiac,C1,C1,媚薬,媚薬,/ˌæfroʊˈdiːziæk/,/ˌæfroʊˈdiːziæk/,Some foods are considered to be aphrodisiacs.,Some foods are considered to be aphrodisiac.,いくつかの食品は媚薬とみなされている。,いくつかの食品は媚薬とみなされている。,例文の原形主語整合化
21191,decry,C1,C1,非難する,非難する,/dɪˈkraɪz/,/dɪkrˈaɪ/,The organization decries the use of child labor.,The organization decries the use of child labor.,その組織は児童労働の使用を非難している。,その組織は児童労働の使用を非難している。,屈折IPAの原形化
21214,louse,C1,C1,シラミ,シラミ,/ˈlaʊs/,/lˈaʊs/,He found a louse in his hair.,He found a louse in his hair.,彼は髪にシラミを見つけた。,彼は髪にシラミを見つけた。,屈折IPAの原形化
21218,malfeasance,C1,C1,不正行為,不正行為,/ˌmæˈlfiːzəns/,/mˌælfˈiːzəns/,The investigation revealed evidence of malfeasance within the department.,The investigation revealed evidence of malfeasance within the department.,調査により、部門内での不正行為の証拠が明らかになりました。,調査により、部門内での不正行為の証拠が明らかになりました。,屈折IPAの原形化
21223,misstep,C1,C1,失策、過ち,失策、過ち,/mɪˈsstɛps/,/mɪsstˈep/,The company made a few missteps in the marketing campaign.,The company made a few misstep in the marketing campaign.,その会社はマーケティングキャンペーンでいくつかの失策を犯した。,その会社はマーケティングキャンペーンでいくつかの失策を犯した。,屈折IPAの原形化 / 例文の原形主語整合化
21234,phosphatase,C1,C1,ホスファターゼ,ホスファターゼ,/phosphatases/,/phosphatases/,Phosphatases remove phosphate groups from proteins.,phosphatase remove phosphate groups from proteins.,ホスファターゼはタンパク質からリン酸基を除去する。,ホスファターゼはタンパク質からリン酸基を除去する。,例文の原形主語整合化
21235,polypeptide,C1,C1,ポリペプチド,ポリペプチド,/polypeptides/,/polypeptides/,Polypeptides are made of amino acids.,polypeptide are made of amino acids.,ポリペプチドはアミノ酸で構成されている。,ポリペプチドはアミノ酸で構成されている。,例文の原形主語整合化
21236,postulate,C1,C1,仮定する,仮定する,/ˈpɑstʃəˌleɪts/,/pˈɑːstʃəlˌeɪt/,The theory postulates that the universe is constantly expanding.,The theory postulate that the universe is constantly expanding.,その理論は、宇宙は絶えず膨張していると仮定している。,その理論は、宇宙は絶えず膨張していると仮定している。,屈折IPAの原形化 / 例文の原形主語整合化
21249,reticence,C1,C1,無口,無口,/ˈrɛtɪsəns/,/rˈetɪsəns/,His reticence made it difficult to know what he was thinking.,His reticence made it difficult to know what he was thinking.,彼の無口さは、彼が何を考えているのかを知るのを難しくした。,彼の無口さは、彼が何を考えているのかを知るのを難しくした。,屈折IPAの原形化
21265,virulence,C1,C1,毒性、病原性,毒性、病原性,/ˈvɪrələns/,/vˈɪrələns/,The virulence of the virus made it very dangerous.,The virulence of the virus made it very dangerous.,そのウイルスの毒性が非常に危険なものにした。,そのウイルスの毒性が非常に危険なものにした。,屈折IPAの原形化
21272,anyplace,C1,C1,どこでも,どこでも,/ˈɛniˌpleɪs/,/ˈeniːplˌeɪs/,I can go anyplace I want.,I can go anyplace I want.,行きたい場所にどこでも行けます。,行きたい場所にどこでも行けます。,屈折IPAの原形化
21276,bleacher,C1,C1,観覧席,観覧席,/ˈbliːtʃərz/,/blˈiːtʃɚ/,The fans sat in the bleachers to watch the game.,The fans sat in the bleacher to watch the game.,ファンは試合を見るために観覧席に座った。,ファンは試合を見るために観覧席に座った。,屈折IPAの原形化 / 例文の原形主語整合化
21285,conifer,C1,C1,針葉樹,針葉樹,/ˈkɑnəfərz/,/kˈɑːnəfɚ/,Conifers are often used in landscaping.,conifer are often used in landscaping.,針葉樹はよく造園に使われる。,針葉樹はよく造園に使われる。,屈折IPAの原形化 / 例文の原形主語整合化
21291,cymbal,C1,C1,シンバル,シンバル,/ˈsɪmbəlz/,/sˈɪmbəl/,The drummer crashed the cymbals to end the song.,The drummer crashed the cymbal to end the song.,ドラマーは曲の終わりにシンバルを打ち鳴らした。,ドラマーは曲の終わりにシンバルを打ち鳴らした。,屈折IPAの原形化 / 例文の原形主語整合化
21294,douse,C1,C1,水をかける、消す,水をかける、消す,/ˈdaʊs/,/dˈaʊs/,He doused the fire with a bucket of water.,He doused the fire with a bucket of water.,彼はバケツ一杯の水で火を消した。,彼はバケツ一杯の水で火を消した。,屈折IPAの原形化
21314,grownup,C1,C1,大人,大人,/ˈɡroʊˌnʌps/,/ɡrˈoʊnˌʌp/,The movie was not suitable for grownups.,The movie was not suitable for grownup.,その映画は大人の鑑賞には適していなかった。,その映画は大人の鑑賞には適していなかった。,屈折IPAの原形化 / 例文の原形主語整合化
21327,millisecond,C1,C1,ミリ秒,ミリ秒,/ˈmɪlɪˌsɛkəndz/,/mˈɪlɪsˌekənd/,The computer responded in milliseconds.,The computer responded in millisecond.,コンピュータはミリ秒単位で応答しました。,コンピュータはミリ秒単位で応答しました。,屈折IPAの原形化 / 例文の原形主語整合化
21335,peacekeeper,C1,C1,平和維持軍,平和維持軍,/ˈpiːˌskiːpərz/,/pˈiːskˌiːpɚ/,The peacekeepers were sent to the troubled region.,The peacekeeper were sent to the troubled region.,平和維持軍は紛争地域に派遣された。,平和維持軍は紛争地域に派遣された。,屈折IPAの原形化 / 例文の原形主語整合化
21336,predate,C1,C1,先行する,先行する,/ˈpriːˈdeɪts/,/priːdˈeɪt/,This building predates the other ones in the neighborhood.,This building predate the other ones in the neighborhood.,この建物は近所の他の建物よりも前からある。,この建物は近所の他の建物よりも前からある。,屈折IPAの原形化 / 例文の原形主語整合化
21337,predominate,C1,C1,優勢である、支配的である,優勢である、支配的である,/prɪˈdɑməˌneɪt/,/prɪˈdɑməˌneɪt/,The color blue predominates in the painting.,The color blue predominate in the painting.,その絵では青色が優勢である。,その絵では青色が優勢である。,例文の原形主語整合化
21345,purist,C1,C1,純粋主義者,純粋主義者,/ˈpjʊrəsts/,/pjˈʊrɪst/,The purists objected to the changes in the language.,The purist objected to the changes in the language.,純粋主義者たちは言語の変化に反対した。,純粋主義者たちは言語の変化に反対した。,屈折IPAの原形化 / 例文の原形主語整合化
21348,rescuer,C1,C1,救助隊,救助隊,/ˈrɛˌskjuːərz/,/rˈeskjˌuːɚ/,The rescuers arrived quickly.,The rescuer arrived quickly.,救助隊はすぐに到着した。,救助隊はすぐに到着した。,屈折IPAの原形化 / 例文の原形主語整合化
21361,subfamily,C1,C1,亜科,亜科,/ˈsʌˌbfæməliz/,/sˈʌbfˌæməliː/,The plant kingdom is divided into many families and subfamilies.,The plant kingdom is divided into many families and subfamilies.,植物界は多くの科と亜科に分けられる。,植物界は多くの科と亜科に分けられる。,屈折IPAの原形化
21363,sympathizer,C1,C1,同調者,同調者,/ˈsɪmpəˌθaɪzərz/,/sˈɪmpəθˌaɪzɚ/,The government cracked down on suspected sympathizers.,The government cracked down on suspected sympathizer.,政府は容疑のある同調者を取り締まった。,政府は容疑のある同調者を取り締まった。,屈折IPAの原形化 / 例文の原形主語整合化
21366,trafficker,C1,C1,密売人,密売人,/ˈtræfɪkərz/,/trˈæfɪkɚ/,The police arrested several drug traffickers.,The police arrested several drug trafficker.,警察は数人の麻薬密売人を逮捕した。,警察は数人の麻薬密売人を逮捕した。,屈折IPAの原形化 / 例文の原形主語整合化
21379,adjuvant,C1,C1,アジュバント,アジュバント,/adjuvant/,/adjuvant/,Adjuvants are used to enhance the immune response to a vaccine.,adjuvant are used to enhance the immune response to a vaccine.,アジュバントは、ワクチンへの免疫応答を高めるために使用される。,アジュバントは、ワクチンへの免疫応答を高めるために使用される。,例文の原形主語整合化
21381,aftershock,C1,C1,余震,余震,/ˈæftərˌʃɑks/,/ˈæftɚʃˌɑːk/,The city experienced several aftershocks following the earthquake.,The city experienced several aftershock following the earthquake.,地震後、都市はいくつかの余震を経験しました。,地震後、都市はいくつかの余震を経験しました。,屈折IPAの原形化 / 例文の原形主語整合化
21383,antagonize,C1,C1,反感を買う,反感を買う,/æˈntæɡəˌnaɪz/,/æntˈæɡənˌaɪz/,His comments were intended to antagonize his political opponents.,His comments were intended to antagonize his political opponents.,彼のコメントは、彼の政敵の反感を買うことを意図していた。,彼のコメントは、彼の政敵の反感を買うことを意図していた。,屈折IPAの原形化
21391,catamaran,C1,C1,カタマラン、双胴船,カタマラン、双胴船,/kəˈtæmərənz/,/kˌætəmɚˈæn/,We sailed on catamarans during our vacation.,We sailed on catamaran during our vacation.,私たちは休暇中にカタマランで航海した。,私たちは休暇中にカタマランで航海した。,屈折IPAの原形化 / 例文の原形主語整合化
21394,coauthor,C1,C1,共著者,共著者,/ˈkoʊˈɑθərz/,/kˈoʊˈɑːθɚ/,They are coauthors of the book.,They are coauthor of the book.,彼らはその本の共著者である。,彼らはその本の共著者である。,屈折IPAの原形化 / 例文の原形主語整合化
21397,criminalize,C1,C1,犯罪とする,犯罪とする,/ˈkrɪmənəˌlaɪz/,/krˈɪmənəlˌaɪz/,The government decided to criminalize certain actions.,The government decided to criminalize certain actions.,政府は特定の行為を犯罪とすることを決定した。,政府は特定の行為を犯罪とすることを決定した。,屈折IPAの原形化
21404,diatribe,C1,C1,痛烈な批判,痛烈な批判,/ˈdaɪəˌtraɪbz/,/dˈaɪətrˌaɪb/,He launched into diatribes against the government.,He launched into diatribe against the government.,彼は政府に対する痛烈な批判を始めた。,私は政府に対する痛烈な批判を始めた。,屈折IPAの原形化 / 例文の原形主語整合化
21415,flowchart,C1,C1,フローチャート,フローチャート,/ˈfloʊˌtʃɑrts/,/flˈoʊtʃˌɑːrt/,The manager drew flowcharts to show the process.,The manager drew flowchart to show the process.,管理者はプロセスを示すためにフローチャートを描きました。,管理者はプロセスを示すためにフローチャートを描きました。,屈折IPAの原形化 / 例文の原形主語整合化
21424,interrogator,C1,C1,尋問者,尋問者,/ˌɪˈntɛrəˌɡeɪtərz/,/ˌɪntˈerəɡˌeɪtɚ/,The interrogators questioned him for hours.,The interrogator questioned him for hours.,尋問者たちは彼を何時間も尋問した。,尋問者たちは彼を何時間も尋問した。,屈折IPAの原形化 / 例文の原形主語整合化
21436,occupier,C1,C1,占領者,占領者,/ˈɑkjəˌpaɪərz/,/ˈɑːkjəpˌaɪɚ/,The occupiers controlled the city.,The occupier controlled the city.,占領者たちはその都市を支配した。,占領者たちはその都市を支配した。,屈折IPAの原形化 / 例文の原形主語整合化
21444,poacher,C1,C1,密猟者,密猟者,/ˈpoʊtʃərz/,/pˈoʊtʃɚ/,The poachers were caught illegally hunting endangered animals.,The poacher were caught illegally hunting endangered animals.,密猟者は、絶滅危惧種を不法に狩猟しているところを捕らえられた。,密猟者は、絶滅危惧種を不法に狩猟しているところを捕らえられた。,屈折IPAの原形化 / 例文の原形主語整合化
21446,precept,C1,C1,教訓,教訓,/ˈpriːˌsɛpts/,/prˈiːsˌept/,The moral precepts guide our actions.,The moral precept guide our actions.,道徳的な教訓は私たちの行動を導く。,道徳的な教訓は私たちの行動を導く。,屈折IPAの原形化 / 例文の原形主語整合化
21451,prude,C1,C1,潔癖な人,潔癖な人,/ˈpruːdz/,/prˈuːd/,She accused them of being prudes.,She accused them of being prude.,彼女は彼らを潔癖症だと非難した。,私は彼らを潔癖症だと非難した。,屈折IPAの原形化 / 例文の原形主語整合化
21482,antipsychotic,C1,C1,抗精神病薬,抗精神病薬,/antipsychotic/,/antipsychotic/,Antipsychotics are used to manage symptoms of psychosis.,antipsychotic are used to manage symptoms of psychosis.,抗精神病薬は精神病の症状を管理するために使用されます。,抗精神病薬は精神病の症状を管理するために使用されます。,例文の原形主語整合化
21494,captor,C1,C1,捕虜にする人,捕虜にする人,/ˈkæptərz/,/kˈæptɚ/,The hostages were held by their captors for several weeks.,The hostages were held by their captor for several weeks.,人質は数週間、捕虜にする人々に拘束されていた。,人質は数週間、捕虜にする人々に拘束されていた。,屈折IPAの原形化 / 例文の原形主語整合化
21512,equalize,C1,C1,平等にする,平等にする,/ˈiːkwəˌlaɪz/,/ˈiːkwəlˌaɪz/,The goal of the program is to equalize educational opportunities.,The goal of the program is to equalize educational opportunities.,そのプログラムの目標は、教育の機会を平等にすることである。,そのプログラムの目標は、教育の機会を平等にすることである。,屈折IPAの原形化
21520,furrow,C1,C1,畝,畝,/ˈfɜːroʊs/,/fˈɜːroʊ/,The farmer plowed furrows in the field.,The farmer plowed furrow in the field.,農夫は畑に畝を耕した。,農夫は畑に畝を耕した。,屈折IPAの原形化 / 例文の原形主語整合化
21524,glycoprotein,C1,C1,糖タンパク質,糖タンパク質,/glycoproteins/,/glycoproteins/,Glycoproteins are important components of cell membranes.,glycoprotein are important components of cell membranes.,糖タンパク質は、細胞膜の重要な構成要素です。,糖タンパク質は、細胞膜の重要な構成要素です。,例文の原形主語整合化
21552,nematode,C1,C1,線虫,線虫,/ˈnɛməˌtoʊd/,/ˈnɛməˌtoʊd/,Nematodes are microscopic worms found in soil and water.,nematode are microscopic worms found in soil and water.,線虫は、土壌や水中に見られる微小なワームである。,線虫は、土壌や水中に見られる微小なワームである。,例文の原形主語整合化
21553,newlywed,C1,C1,新婚夫婦,新婚夫婦,/ˈnuːliˌwɛdz/,/nˈuːliːwˌed/,The newlyweds went on their honeymoon.,The newlywed went on their honeymoon.,新婚夫婦は新婚旅行に出かけた。,新婚夫婦は新婚旅行に出かけた。,屈折IPAの原形化 / 例文の原形主語整合化
21555,obligate,C1,C1,義務付ける,義務付ける,/ˈɑbləˌɡeɪt/,/ˈɑbləˌɡeɪt/,The contract obligates them to complete the project on time.,The contract obligate them to complete the project on time.,契約は彼らにプロジェクトを期限内に完了させる義務を負わせる。,契約は彼らにプロジェクトを期限内に完了させる義務を負わせる。,例文の原形主語整合化
21560,peony,C1,C1,シャクヤク,シャクヤク,/ˈpiːəniz/,/pˈiːəniː/,The garden was full of blooming peonies.,The garden was full of blooming peonies.,庭は咲き誇るシャクヤクでいっぱいだった。,庭は咲き誇るシャクヤクでいっぱいだった。,屈折IPAの原形化
21580,shortcoming,C1,C1,欠点、弱点,欠点、弱点,/ˈʃɔˌrtkʌmɪŋ/,/ˈʃɔˌrtkʌmɪŋ/,The design has several shortcomings that need to be addressed.,The design has several shortcoming that need to be addressed.,そのデザインには、対処する必要があるいくつかの欠点がある。,そのデザインには、対処する必要があるいくつかの欠点がある。,例文の原形主語整合化
21585,southerner,C1,C1,南部の人々,南部の人々,/ˈsʌðərnərz/,/sˈʌðɚnɚ/,Southerners are known for their hospitality.,southerner are known for their hospitality.,南部の人々はもてなしで知られている。,南部の人々はもてなしで知られている。,屈折IPAの原形化 / 例文の原形主語整合化
21603,americanism,C1,C1,アメリカニズム,アメリカニズム,/əˈmɛrɪkəˌnɪzəmz/,/əmˈerɪkənˌɪzəm/,Many Americanisms have become common in other English-speaking countries.,Many americanism have become common in other English-speaking countries.,多くのアメリカニズムが、他の英語圏の国々でも一般的になってきています。,多くのアメリカニズムが、他の英語圏の国々でも一般的になってきています。,屈折IPAの原形化 / 例文の原形主語整合化
21604,antifreeze,C1,C1,不凍液,不凍液,/ˈæntiˌfriːz/,/ˈæntiːfrˌiːz/,The car needs antifreeze in the winter.,The car needs antifreeze in the winter.,車は冬に不凍液が必要だ。,車は冬に不凍液が必要だ。,屈折IPAの原形化
21622,daffodil,C1,C1,スイセン,スイセン,/ˈdæfəˌdɪlz/,/dˈæfədˌɪl/,The daffodils bloomed in the garden.,The daffodil bloomed in the garden.,スイセンが庭で咲いた。,スイセンが庭で咲いた。,屈折IPAの原形化 / 例文の原形主語整合化
21623,delineate,C1,C1,輪郭を描く、明確にする,輪郭を描く、明確にする,/dɪˈlɪniˌeɪts/,/dɪlˈɪniːˌeɪt/,The research clearly delineates the differences between the two groups.,The research clearly delineate the differences between the two groups.,その研究は2つのグループの違いを明確に描いている。,その研究は2つのグループの違いを明確に描いている。,屈折IPAの原形化 / 例文の原形主語整合化
21637,furtherance,C1,C1,促進,促進,/ˈfɜːrθərəns/,/fˈɜːrθɚəns/,The grant was given in furtherance of scientific research.,The grant was given in furtherance of scientific research.,その助成金は科学研究の促進のために与えられた。,その助成金は科学研究の促進のために与えられた。,屈折IPAの原形化
21651,lithograph,C1,C1,リトグラフ,リトグラフ,/ˈlɪθəˌɡræfs/,/lˈɪθəɡrˌæf/,The museum has a collection of early lithographs.,The museum has a collection of early lithograph.,その美術館は初期のリトグラフのコレクションを所蔵している。,その美術館は初期のリトグラフのコレクションを所蔵している。,屈折IPAの原形化 / 例文の原形主語整合化
21657,mmp,C1,C1,MMP,MMP,/mmp/,/mmp/,MMPs are a family of enzymes involved in tissue remodeling.,mmp are a family of enzymes involved in tissue remodeling.,MMPは、組織リモデリングに関与する酵素ファミリーです。,MMPは、組織リモデリングに関与する酵素ファミリーです。,例文の原形主語整合化
21693,westerner,C1,C1,西洋人,西洋人,/ˈwɛstərnərz/,/wˈestɚnɚ/,The restaurant is popular with westerners.,The restaurant is popular with westerner.,そのレストランは西洋人に人気がある。,そのレストランは西洋人に人気がある。,屈折IPAの原形化 / 例文の原形主語整合化
21694,whisker,C1,C1,ひげ,ひげ,/ˈwɪskərz/,/wˈɪskɚ/,The cat has long whiskers.,The cat has long whisker.,猫は長いひげを持っている。,猫は長いひげを持っている。,屈折IPAの原形化 / 例文の原形主語整合化
21699,attache,C1,C1,取り付ける,取り付ける,/əˈtætʃɪz/,/ˌætəʃˈeɪ/,He attaches the handle to the bag.,I attache the handle to the bag.,彼はバッグにハンドルを取り付ける。,私はバッグにハンドルを取り付ける。,屈折IPAの原形化 / 例文の原形主語整合化
21715,dimer,C1,C1,二量体,二量体,/ˈdaɪmərz/,/dˈaɪmɚ/,The protein forms dimers in solution.,The protein forms dimer in solution.,そのタンパク質は溶液中で二量体を形成します。,そのタンパク質は溶液中で二量体を形成します。,屈折IPAの原形化 / 例文の原形主語整合化
21725,exon,C1,C1,エクソン,エクソン,/ˌɛˈksɔnz/,/ˌeksˈɔːn/,Exons are protein coding regions of the gene.,exon are protein coding regions of the gene.,エクソンは遺伝子のタンパク質コード領域である。,エクソンは遺伝子のタンパク質コード領域である。,屈折IPAの原形化 / 例文の原形主語整合化
21746,midsize,C1,C1,中型の,中型の,/ˈmɪˌdsaɪz/,/mˈɪdsˌaɪz/,They purchased a midsize sedan.,They purchased a midsize sedan.,彼らは中型のセダンを購入しました。,彼らは中型のセダンを購入しました。,屈折IPAの原形化
21763,predominance,C1,C1,優位性、支配,優位性、支配,/prɪˈdɑmənəns/,/prɪdˈɑːmənəns/,The predominance of one species led to the decline of others.,The predominance of one species led to the decline of others.,ある種の優位性が、他の種の衰退につながった。,ある種の優位性が、他の種の衰退につながった。,屈折IPAの原形化
21766,privatize,C1,C1,民営化する,民営化する,/ˈprɪvəˌtaɪz/,/prˈɪvətˌaɪz/,The government decided to privatize the national railway system.,The government decided to privatize the national railway system.,政府は国有鉄道システムを民営化することを決定しました。,政府は国有鉄道システムを民営化することを決定しました。,屈折IPAの原形化
21771,reminiscence,C1,C1,回想,回想,/ˌrɛməˈnɪsənsɪz/,/rˌemənˈɪsəns/,He shared his reminiscences of his childhood.,He shared his reminiscence of his childhood.,彼は子供時代の回想を語った。,私は子供時代の回想を語った。,屈折IPAの原形化 / 例文の原形主語整合化
21773,repulse,C1,C1,撃退する,撃退する,/riˈpʌls/,/riːpˈʌls/,The army was able to repulse the enemy's attack.,The army was able to repulse the enemy's attack.,軍は敵の攻撃を撃退することができました。,軍は敵の攻撃を撃退することができました。,屈折IPAの原形化
21797,appraise,C1,C1,査定する,査定する,/əˈpreɪz/,/əprˈeɪz/,The manager will appraise the employee's performance.,The manager will appraise the employee's performance.,マネージャーは従業員の業績を査定するだろう。,マネージャーは従業員の業績を査定するだろう。,屈折IPAの原形化
21815,denture,C1,C1,入れ歯,入れ歯,/ˈdɛntʃərz/,/dˈentʃɚ/,He needs dentures for chewing food properly.,He needs denture for chewing food properly.,彼は食べ物をきちんと噛むために入れ歯が必要だ。,私は食べ物をきちんと噛むために入れ歯が必要だ。,屈折IPAの原形化 / 例文の原形主語整合化
21822,festivity,C1,C1,お祭り騒ぎ,お祭り騒ぎ,/fɛˈstɪvətiz/,/festˈɪvətiː/,The town was alive with festivities for the holiday.,The town was alive with festivities for the holiday.,町は祝日の祭り騒ぎで賑わっていた。,町は祝日の祭り騒ぎで賑わっていた。,屈折IPAの原形化
21827,headquarter,C1,C1,本部,本部,/ˈhɛˌdkwɔrtərz/,/hˈedkwˌɔːrtɚ/,The company's headquarters is located in New York.,The company's headquarter is located in New York.,その会社の本部はニューヨークにある。,その会社の本部はニューヨークにある。,屈折IPAの原形化 / 例文の原形主語整合化
21829,honeybee,C1,C1,ミツバチ,ミツバチ,/ˈhʌniˌbiːz/,/hˈʌniːbˌiː/,Honeybees are essential for pollination.,honeybee are essential for pollination.,ミツバチは受粉に不可欠だ。,ミツバチは受粉に不可欠だ。,屈折IPAの原形化 / 例文の原形主語整合化
21836,internalize,C1,C1,内部に取り込む,内部に取り込む,/ɪˈntɜːrnəˌlaɪz/,/ɪntˈɜːrnəlˌaɪz/,The cells internalize the ligand through endocytosis.,The cells internalize the ligand through endocytosis.,細胞はエンドサイトーシスを介してリガンドを内部に取り込む。,細胞はエンドサイトーシスを介してリガンドを内部に取り込む。,屈折IPAの原形化
21842,jut,C1,C1,突き出る,突き出る,/ˈdʒʌts/,/dʒˈʌt/,The cliff juts out into the sea.,The cliff jut out into the sea.,崖は海に突き出ている。,崖は海に突き出ている。,屈折IPAの原形化 / 例文の原形主語整合化
21847,misspelling,C1,C1,スペルミス,スペルミス,/mɪˈsspɛlɪŋz/,/mɪsspˈelɪŋ/,There were several misspellings in the document.,There were several misspelling in the document.,その文書にはいくつかのスペルミスがあった。,その文書にはいくつかのスペルミスがあった。,屈折IPAの原形化 / 例文の原形主語整合化
21863,privateer,C1,C1,私掠船,私掠船,/privateers/,/privateers/,Privateers were privately owned ships authorized to attack enemy vessels during wartime.,privateer were privately owned ships authorized to attack enemy vessels during wartime.,私掠船は、戦時中に敵船を攻撃することを許可された私有の船でした。,私掠船は、戦時中に敵船を攻撃することを許可された私有の船でした。,例文の原形主語整合化
21877,snafu,C1,C1,混乱,混乱,/ˈsnæfəs/,/snˈæfuː/,The project was delayed due to a series of snafus.,The project was delayed due to a series of snafu.,そのプロジェクトは一連の混乱によって遅延した。,そのプロジェクトは一連の混乱によって遅延した。,屈折IPAの原形化 / 例文の原形主語整合化
21879,statin,C1,C1,スタチン,スタチン,/ˈsteɪtɪnz/,/stˈeɪtɪn/,Statins are commonly used to lower cholesterol levels.,statin are commonly used to lower cholesterol levels.,スタチンは、コレステロール値を下げるためによく使用されます。,スタチンは、コレステロール値を下げるためによく使用されます。,屈折IPAの原形化 / 例文の原形主語整合化
21885,theorize,C1,C1,理論化する,理論化する,/ˈθiːərˌaɪz/,/θˈiːɚˌaɪz/,Scientists are trying to theorize how the universe began.,Scientists are trying to theorize how the universe began.,科学者たちは宇宙がどのように始まったかを理論化しようとしている。,科学者たちは宇宙がどのように始まったかを理論化しようとしている。,屈折IPAの原形化
21889,tumbleweed,C1,C1,タンブルウィード、回転草,タンブルウィード、回転草,/tumbleweeds/,/tumbleweeds/,Tumbleweeds blew across the deserted road.,tumbleweed blew across the deserted road.,回転草が砂漠の道を転がっていった。,回転草が砂漠の道を転がっていった。,例文の原形主語整合化
21914,chastise,C1,C1,叱責する,叱責する,/tʃæˈstaɪzɪz/,/tʃæstˈaɪz/,The teacher chastises the student.,The teacher chastise the student.,先生は生徒を叱責する。,先生は生徒を叱責する。,屈折IPAの原形化 / 例文の原形主語整合化
21917,colonist,C1,C1,入植者,入植者,/ˈkɑlənɪsts/,/kˈɑːlənɪst/,The colonists established a new settlement.,The colonist established a new settlement.,入植者は新しい居住地を設立しました。,入植者は新しい居住地を設立しました。,屈折IPAの原形化 / 例文の原形主語整合化
21941,localize,C1,C1,局在化する,局在化する,/ˈloʊkəˌlaɪzz/,/lˈoʊkəlˌaɪz/,The infection localizes in the area around the wound.,The infection localize in the area around the wound.,感染症は、傷の周囲の領域に局在化している。,感染症は、傷の周囲の領域に局在化している。,屈折IPAの原形化 / 例文の原形主語整合化
21942,logger,C1,C1,伐採者,伐採者,/ˈlɑɡərz/,/lˈɑːɡɚ/,The loggers were cutting down trees in the forest.,The logger were cutting down trees in the forest.,伐採者たちは森で木を切り倒していた。,伐採者たちは森で木を切り倒していた。,屈折IPAの原形化 / 例文の原形主語整合化
21949,objector,C1,C1,反対者,反対者,/əˈbdʒɛktərz/,/əbdʒˈektɚ/,There were many objectors to the plan.,There were many objector to the plan.,その計画には多くの反対者がいた。,その計画には多くの反対者がいた。,屈折IPAの原形化 / 例文の原形主語整合化
21954,pitfall,C1,C1,落とし穴,落とし穴,/ˈpɪˌtfɔl/,/ˈpɪˌtfɔl/,One of the pitfalls of investing is not doing enough research.,One of the pitfall of investing is not doing enough research.,投資の落とし穴の1つは、十分な調査をしないことです。,投資の落とし穴の1つは、十分な調査をしないことです。,例文の原形主語整合化
21957,preteen,C1,C1,プレティーン,プレティーン,/ˌpriːˈtiːnz/,/prˌiːtˈiːn/,The preteens are listening to music.,The preteen are listening to music.,プレティーンたちは音楽を聴いている。,プレティーンたちは音楽を聴いている。,屈折IPAの原形化 / 例文の原形主語整合化
21991,boll,C1,C1,綿のさや,綿のさや,/ˈboʊlz/,/bˈoʊl/,The cotton bolls were ready for harvesting.,The cotton boll were ready for harvesting.,綿のさやは収穫の準備ができていた。,綿のさやは収穫の準備ができていた。,屈折IPAの原形化 / 例文の原形主語整合化
21997,catalyze,C1,C1,触媒する,触媒する,/ˈkætəˌlaɪzz/,/kˈætəlˌaɪz/,The enzyme catalyzes the reaction.,The enzyme catalyze the reaction.,その酵素は反応を触媒する。,その酵素は反応を触媒する。,屈折IPAの原形化 / 例文の原形主語整合化
22015,escapade,C1,C1,冒険,冒険,/ˈɛskəˌpeɪdz/,/ˈeskəpˌeɪd/,The children had many escapades during their summer vacation.,The children had many escapade during their summer vacation.,子供たちは夏休み中に多くの冒険をした。,子供たちは夏休み中に多くの冒険をした。,屈折IPAの原形化 / 例文の原形主語整合化
22020,foothill,C1,C1,山麓,山麓,/ˈfʊˌthɪlz/,/fˈʊthˌɪl/,The town is located in the foothills of the mountains.,The town is located in the foothill of the mountains.,その町は山々の山麓に位置している。,その町は山々の山麓に位置している。,屈折IPAの原形化 / 例文の原形主語整合化
22053,prion,C1,C1,プリオン,プリオン,/prion/,/prion/,Prions are infectious proteins that can cause neurodegenerative diseases.,prion are infectious proteins that can cause neurodegenerative diseases.,プリオンは、神経変性疾患を引き起こす可能性のある感染性タンパク質である。,プリオンは、神経変性疾患を引き起こす可能性のある感染性タンパク質である。,例文の原形主語整合化
22056,raze,C1,C1,破壊する、全壊させる,破壊する、全壊させる,/ˈreɪz/,/rˈeɪz/,The town was razed to the ground during the war.,The town was razed to the ground during the war.,その町は戦争中に完全に破壊された。,その町は戦争中に完全に破壊された。,屈折IPAの原形化
22062,rhododendron,C1,C1,シャクナゲ,シャクナゲ,/ˌroʊdəˈdɛndrən/,/ˌroʊdəˈdɛndrən/,Rhododendrons are beautiful flowering shrubs.,rhododendron are beautiful flowering shrubs.,シャクナゲは美しい開花する低木である。,シャクナゲは美しい開花する低木である。,例文の原形主語整合化
22080,utensil,C1,C1,調理器具,調理器具,/juˈtɛnsəlz/,/juˈtɛnsəlz/,We need clean utensils for cooking.,We need clean utensil for cooking.,調理には清潔な調理器具が必要だ。,調理には清潔な調理器具が必要だ。,例文の原形主語整合化
22087,alanine,C1,C1,アラニン,アラニン,/alanines/,/alanines/,Alanines are neutral amino acids that are building blocks of proteins.,alanine are neutral amino acids that are building blocks of proteins.,アラニンは、タンパク質の構成要素である中性のアミノ酸です。,アラニンは、タンパク質の構成要素である中性のアミノ酸です。,例文の原形主語整合化
22094,bodhisattva,C1,C1,菩薩,菩薩,/boʊdɪˈsɑtvəs/,/boʊdɪˈsɑtvəs/,Bodhisattvas are figures of enlightenment in Buddhism.,bodhisattva are figures of enlightenment in Buddhism.,菩薩は、仏教における悟りの人物です。,菩薩は、仏教における悟りの人物です。,例文の原形主語整合化
22104,couplet,C1,C1,対句,対句,/couplets/,/couplets/,"The poem was written in couplets, with each pair of lines rhyming.","The poem was written in couplet, with each pair of lines rhyming.",その詩は対句で書かれており、各行のペアが韻を踏んでいる。,その詩は対句で書かれており、各行のペアが韻を踏んでいる。,例文の原形主語整合化
22116,footloose,C1,C1,気ままな,気ままな,/ˈfʊˌtluːs/,/fˈʊtlˌuːs/,He is a footloose adventurer.,He is a footloose adventurer.,彼は気ままな冒険家だ。,彼は気ままな冒険家だ。,屈折IPAの原形化
22133,latrine,C1,C1,便所,便所,/ləˈtriːnz/,/lətrˈiːn/,The campground has several latrines for visitors.,The campground has several latrine for visitors.,キャンプ場には訪問者用の便所がいくつかある。,キャンプ場には訪問者用の便所がいくつかある。,屈折IPAの原形化 / 例文の原形主語整合化
22143,plaything,C1,C1,おもちゃ,おもちゃ,/ˈpleɪˌθɪŋz/,/plˈeɪθˌɪŋ/,The children scattered their playthings all over the floor.,The children scattered their plaything all over the floor.,子供たちはおもちゃを床中に散らかした。,子供たちはおもちゃを床中に散らかした。,屈折IPAの原形化 / 例文の原形主語整合化
22155,reinterpretation,C1,C1,再解釈,再解釈,/riɪˌntɜːrprəˈteɪʃən/,/riɪˌntɜːrprəˈteɪʃən/,The painting has been subject to various reinterpretations over the years.,The painting has been subject to various reinterpretation over the years.,その絵画は長年にわたって様々な再解釈を受けてきた。,その絵画は長年にわたって様々な再解釈を受けてきた。,例文の原形主語整合化
22160,senescence,C1,C1,老化,老化,/səˈnɛsəns/,/sənˈesəns/,Senescence is a natural part of aging.,Senescence is a natural part of aging.,老化は加齢の自然な一部である。,老化は加齢の自然な一部である。,屈折IPAの原形化
22171,travail,C1,C1,苦労,苦労,/trəˈveɪlz/,/trəvˈeɪl/,The travails of the journey left them exhausted.,The travail of the journey left them exhausted.,旅の苦労で彼らは疲れ果てた。,旅の苦労で彼らは疲れ果てた。,屈折IPAの原形化 / 例文の原形主語整合化
22180,achiever,C1,C1,成功者,成功者,/əˈtʃiːvərz/,/ətʃˈiːvɚ/,The company recognizes its top achievers at the annual awards ceremony.,The company recognizes its top achiever at the annual awards ceremony.,会社は年次表彰式でトップの成功者を表彰します。,会社は年次表彰式でトップの成功者を表彰します。,屈折IPAの原形化 / 例文の原形主語整合化
22188,avarice,C1,C1,貪欲,貪欲,/ˈævərəs/,/ˈævɚəs/,His avarice led him to commit crimes.,His avarice led him to commit crimes.,彼の貪欲さが彼に犯罪を犯させた。,彼の貪欲さが彼に犯罪を犯させた。,屈折IPAの原形化
22190,bioscience,C1,C1,生命科学,生命科学,/baɪˈɔsiˌɛnsɪz/,/bˌaɪoʊsˈiːəns/,She works in the field of biosciences.,She works in the field of bioscience.,彼女は生命科学の分野で働いている。,私は生命科学の分野で働いている。,屈折IPAの原形化 / 例文の原形主語整合化
22198,deform,C1,C1,変形させる,変形させる,/ˌdiːˈfɔrmz/,/dˌiːfˈɔːrm/,The accident deforms the car's chassis.,The accident deform the car's chassis.,その事故は車のシャーシを変形させる。,その事故は車のシャーシを変形させる。,屈折IPAの原形化 / 例文の原形主語整合化
22228,motorboat,C1,C1,モーターボート,モーターボート,/ˈmoʊtərˌboʊts/,/mˈoʊtɚbˌoʊt/,We saw many motorboats on the lake.,We saw many motorboat on the lake.,私たちは湖でたくさんのモーターボートを見た。,私たちは湖でたくさんのモーターボートを見た。,屈折IPAの原形化 / 例文の原形主語整合化
22233,phylogeny,C1,C1,系統,系統,/phylogenies/,/faɪlˈɑːdʒəniː/,Phylogenies are used to understand evolutionary relationships.,Phylogenies are used to understand evolutionary relationships.,系統は進化的関係を理解するために使用される。,系統は進化的関係を理解するために使用される。,屈折IPAの原形化
22258,aphorism,C1,C1,格言,格言,/ˈæfərˌɪzəmz/,/ˈæfɚˌɪzəm/,His speech was filled with insightful aphorisms.,His speech was filled with insightful aphorism.,彼のスピーチは洞察に満ちた格言で満たされていた。,彼のスピーチは洞察に満ちた格言で満たされていた。,屈折IPAの原形化 / 例文の原形主語整合化
22277,diorama,C1,C1,ジオラマ,ジオラマ,/dioramas/,/dioramas/,The museum had impressive dioramas.,The museum had impressive diorama.,博物館には印象的なジオラマがあった。,博物館には印象的なジオラマがあった。,例文の原形主語整合化
22292,guppy,C1,C1,グッピー,グッピー,/ˈɡʌpiz/,/ɡˈʌpiː/,The aquarium has many colorful guppies.,The aquarium has many colorful guppies.,水槽にはたくさんのカラフルなグッピーがいる。,水槽にはたくさんのカラフルなグッピーがいる。,屈折IPAの原形化
22299,knockoff,C1,C1,模造品、偽造品,模造品、偽造品,/ˈnɑˌkɔfs/,/nˈɑːkˌɔːf/,They were selling knockoffs of designer bags.,They were selling knockoff of designer bags.,彼らはデザイナーバッグの模造品を販売していた。,彼らはデザイナーバッグの模造品を販売していた。,屈折IPAの原形化 / 例文の原形主語整合化
22302,lowlife,C1,C1,社会のクズ,社会のクズ,/lowlifes/,/lowlifes/,The streets were filled with lowlifes and petty criminals.,The streets were filled with lowlife and petty criminals.,通りは社会のクズや軽犯罪者でいっぱいだった。,通りは社会のクズや軽犯罪者でいっぱいだった。,例文の原形主語整合化
22344,buttock,C1,C1,尻,尻,/ˈbʌtəks/,/bˈʌtək/,He injured his buttocks while playing football.,He injured his buttock while playing football.,彼はサッカー中に尻を負傷しました。,私はサッカー中に尻を負傷しました。,屈折IPAの原形化 / 例文の原形主語整合化
22348,crossroad,C1,C1,交差点,交差点,/ˈkrɔˌsroʊdz/,/krˈɔːsrˌoʊd/,They met at the crossroads.,They met at the crossroad.,彼らは交差点で出会った。,彼らは交差点で出会った。,屈折IPAの原形化 / 例文の原形主語整合化
22359,envelop,C1,C1,包み込む,包み込む,/ɪˈnvɛləps/,/ɪnvˈeləp/,The fog envelops the city.,The fog envelop the city.,霧が街を包み込みます。,霧が街を包み込みます。,屈折IPAの原形化 / 例文の原形主語整合化
22382,lymphocyte,C1,C1,リンパ球,リンパ球,/ˈlɪmfəˌsaɪts/,/lˈɪmfəsˌaɪt/,Lymphocytes are important for the immune response.,lymphocyte are important for the immune response.,リンパ球は免疫反応にとって重要である。,リンパ球は免疫反応にとって重要である。,屈折IPAの原形化 / 例文の原形主語整合化
22386,oxidant,C1,C1,酸化剤,酸化剤,/ˈɑksɪdənts/,/ˈɑːksədənt/,Antioxidants protect the body from oxidants.,Antioxidants protect the body from oxidant.,抗酸化物質は酸化剤から体を守る。,抗酸化物質は酸化剤から体を守る。,屈折IPAの原形化 / 例文の原形主語整合化
22388,parakeet,C1,C1,インコ,インコ,/ˈpɛrəˌkiːts/,/pˈerəkˌiːt/,She has two parakeets as pets.,She has two parakeet as pets.,彼女はペットとして2羽のインコを飼っている。,私はペットとして2羽のインコを飼っている。,屈折IPAの原形化 / 例文の原形主語整合化
22391,petunia,C1,C1,ペチュニア,ペチュニア,/pəˈtuːniə/,/pəˈtuːniə/,The garden was filled with petunias of different colors.,The garden was filled with petunia of different colors.,庭はさまざまな色のペチュニアでいっぱいだった。,庭はさまざまな色のペチュニアでいっぱいだった。,例文の原形主語整合化
22409,tamale,C1,C1,タマレス,タマレス,/təˈmɑliz/,/təˈmɑliz/,I love eating tamales with salsa.,I love eating tamale with salsa.,私はサルサと一緒にタマレスを食べるのが大好きです。,私はサルサと一緒にタマレスを食べるのが大好きです。,例文の原形主語整合化
22421,acquiescence,C1,C1,黙認、同意,黙認、同意,/ˌækwiˈɛsəns/,/ˌækwiːˈesəns/,Her silence was interpreted as acquiescence.,Her silence was interpreted as acquiescence.,彼女の沈黙は、黙認と解釈された。,彼女の沈黙は、黙認と解釈された。,屈折IPAの原形化
22427,auteur,C1,C1,作家主義映画監督,作家主義映画監督,/auteurs/,/auteurs/,The festival showcased the works of several auteurs.,The festival showcased the works of several auteur.,そのフェスティバルでは、数人の作家主義映画監督の作品が展示された。,そのフェスティバルでは、数人の作家主義映画監督の作品が展示された。,例文の原形主語整合化
22432,biofilm,C1,C1,バイオフィルム,バイオフィルム,/biofilm/,/biofilm/,Biofilms can be resistant to antibiotics.,biofilm can be resistant to antibiotics.,バイオフィルムは抗生物質に耐性がある場合がある。,バイオフィルムは抗生物質に耐性がある場合がある。,例文の原形主語整合化
22444,convolution,C1,C1,畳み込み,畳み込み,/ˈkɑnvəˌluːʃən/,/ˈkɑnvəˌluːʃən/,The convolutions of the brain provide increased surface area.,The convolution of the brain provide increased surface area.,脳の畳み込みは表面積を増加させる。,脳の畳み込みは表面積を増加させる。,例文の原形主語整合化
22455,formalize,C1,C1,形式化する,形式化する,/ˈfɔrməˌlaɪz/,/fˈɔːrməlˌaɪz/,They need to formalize their agreement.,They need to formalize their agreement.,彼らは合意を形式化する必要がある。,彼らは合意を形式化する必要がある。,屈折IPAの原形化
22464,insignificance,C1,C1,重要でないこと,重要でないこと,/ˌɪnsɪˈɡnjɪfɪkəns/,/ˌɪnsɪɡnjˈɪfɪkəns/,He felt a sense of insignificance in the vast universe.,He felt a sense of insignificance in the vast universe.,彼は広大な宇宙の中で、自分の重要でないことを感じた。,彼は広大な宇宙の中で、自分の重要でないことを感じた。,屈折IPAの原形化
22468,jitter,C1,C1,神経過敏,神経過敏,/ˈdʒɪtərz/,/ˈdʒɪtərz/,He always gets the jitters before a performance.,He always gets the jitter before a performance.,彼はいつもパフォーマンスの前に神経過敏になる。,私はいつもパフォーマンスの前に神経過敏になる。,例文の原形主語整合化
22476,monopolize,C1,C1,独占する,独占する,/məˈnɑpəˌlaɪz/,/mənˈɑːpəlˌaɪz/,He tends to monopolize the conversation.,He tends to monopolize the conversation.,彼は会話を独占する傾向がある。,彼は会話を独占する傾向がある。,屈折IPAの原形化
22479,opossum,C1,C1,オポッサム,オポッサム,/oʊˈpɑsəmz/,/oʊpˈɑːsəm/,Opossums are nocturnal animals.,opossum are nocturnal animals.,オポッサムは夜行性の動物だ。,オポッサムは夜行性の動物だ。,屈折IPAの原形化 / 例文の原形主語整合化
22490,randomization,C1,C1,ランダム化,ランダム化,/randomizations/,/randomizations/,The study uses randomizations to eliminate bias in the results.,The study uses randomization to eliminate bias in the results.,この研究では、結果の偏りをなくすためにランダム化を使用する。,この研究では、結果の偏りをなくすためにランダム化を使用する。,例文の原形主語整合化
22493,reservist,C1,C1,予備役兵,予備役兵,/rɪˈzɜːrvɪsts/,/rɪzˈɜːrvɪst/,The reservists were called back to active duty.,The reservist were called back to active duty.,予備役兵は現役復帰を命じられた。,予備役兵は現役復帰を命じられた。,屈折IPAの原形化 / 例文の原形主語整合化
22497,satyr,C1,C1,サテュロス,サテュロス,/satyr/,/satyr/,"In Greek mythology, satyrs were half-man, half-goat creatures.","In Greek mythology, satyr were half-man, half-goat creatures.",ギリシャ神話では、サテュロスは半分が人間、半分がヤギの生き物だった。,ギリシャ神話では、サテュロスは半分が人間、半分がヤギの生き物だった。,例文の原形主語整合化
22498,scrubber,C1,C1,スクラバー,スクラバー,/ˈskrʌbərz/,/skrˈʌbɚ/,They use scrubbers to clean the floor.,They use scrubber to clean the floor.,彼らは床を掃除するためにスクラバーを使う。,彼らは床を掃除するためにスクラバーを使う。,屈折IPAの原形化 / 例文の原形主語整合化
22510,apace,C1,C1,速やかに,速やかに,/əˈpeɪs/,/əpˈeɪs/,The project is progressing apace.,The project is progressing apace.,プロジェクトは速やかに進行している。,プロジェクトは速やかに進行している。,屈折IPAの原形化
22561,metabolize,C1,C1,代謝する,代謝する,/məˈtæbəˌlaɪz/,/mətˈæbəlˌaɪz/,The body metabolizes food to create energy.,The body metabolize food to create energy.,体はエネルギーを作り出すために食物を代謝する。,体はエネルギーを作り出すために食物を代謝する。,屈折IPAの原形化 / 例文の原形主語整合化
22567,plotter,C1,C1,陰謀者,陰謀者,/ˈplɑtərz/,/plˈɑːtɚ/,The plotters were arrested.,The plotter were arrested.,陰謀者は逮捕された。,陰謀者は逮捕された。,屈折IPAの原形化 / 例文の原形主語整合化
22569,popularize,C1,C1,普及させる,普及させる,/ˈpɑpjələrˌaɪz/,/pˈɑːpjəlɚˌaɪz/,The company tried to popularize the new product.,The company tried to popularize the new product.,会社は新製品を普及させようとした。,会社は新製品を普及させようとした。,屈折IPAの原形化
22582,slicker,C1,C1,レインコート,レインコート,/ˈslɪkərz/,/slˈɪkɚ/,We wore slickers in the rain.,We wore slicker in the rain.,私たちは雨の中でレインコートを着た。,私たちは雨の中でレインコートを着た。,屈折IPAの原形化 / 例文の原形主語整合化
22595,unionize,C1,C1,労働組合を結成する,労働組合を結成する,/ˈjuːnjəˌnaɪz/,/jˈuːnjənˌaɪz/,The workers voted to unionize.,The workers voted to unionize.,労働者は労働組合を結成することに投票した。,労働者は労働組合を結成することに投票した。,屈折IPAの原形化
22609,boxcar,C1,C1,貨車、有蓋車,貨車、有蓋車,/ˈbɑˌkskɑrz/,/bˈɑːkskˌɑːr/,The train consisted of a long line of boxcars.,The train consisted of a long line of boxcar.,列車は、長い貨車の列で構成されていた。,列車は、長い貨車の列で構成されていた。,屈折IPAの原形化 / 例文の原形主語整合化
22614,cranny,C1,C1,隙間、割れ目,隙間、割れ目,/ˈkræniz/,/krˈæniː/,Dust and dirt collected in the crannies of the furniture.,Dust and dirt collected in the crannies of the furniture.,家具の隙間にほこりや汚れがたまった。,家具の隙間にほこりや汚れがたまった。,屈折IPAの原形化
22617,deviance,C1,C1,逸脱,逸脱,/ˈdiːviəns/,/dˈiːviːəns/,The study examined the causes of social deviance.,The study examined the causes of social deviance.,その研究は、社会的逸脱の原因を調査した。,その研究は、社会的逸脱の原因を調査した。,屈折IPAの原形化
22627,grantee,C1,C1,助成金受給者,助成金受給者,/grantees/,/grantees/,The grantees will present their research next month.,The grantee will present their research next month.,助成金受給者たちは来月、彼らの研究を発表する。,助成金受給者たちは来月、彼らの研究を発表する。,例文の原形主語整合化
22628,initialize,C1,C1,初期化,初期化,/ɪˈnɪʃəˌlaɪz/,/ɪnˈɪʃəlˌaɪz/,You need to initialize the software.,You need to initialize the software.,ソフトウェアを初期化する必要があります。,ソフトウェアを初期化する必要があります。,屈折IPAの原形化
22633,milligram,C1,C1,ミリグラム,ミリグラム,/ˈmɪləˌɡræmz/,/mˈɪləɡrˌæm/,The medicine is measured in milligrams.,The medicine is measured in milligram.,薬はミリグラム単位で測定されます。,薬はミリグラム単位で測定されます。,屈折IPAの原形化 / 例文の原形主語整合化
22649,tannin,C1,C1,タンニン,タンニン,/tannins/,/tannins/,"Tannins are compounds found in plants, known for their astringent properties.","tannin are compounds found in plants, known for their astringent properties.",タンニンは、植物に見られる化合物で、収斂性を持つことで知られている。,タンニンは、植物に見られる化合物で、収斂性を持つことで知られている。,例文の原形主語整合化
22655,worshipper,C1,C1,崇拝者,崇拝者,/ˈwɜːrʃɪpərz/,/ˈwɜːrʃɪpərz/,The church was full of worshippers.,The church was full of worshipper.,教会は崇拝者でいっぱいだった。,教会は崇拝者でいっぱいだった。,例文の原形主語整合化
22656,academician,C1,C1,学者、大学教員,学者、大学教員,/ˌækədəˈmɪʃənz/,/ˌækədəmˈɪʃən/,The conference was attended by many academicians.,The conference was attended by many academician.,その会議には多くの学者が参加した。,その会議には多くの学者が参加した。,屈折IPAの原形化 / 例文の原形主語整合化
22665,berate,C1,C1,叱責する、厳しく非難する,叱責する、厳しく非難する,/bɪˈreɪtz/,/bɪrˈeɪt/,The coach berated the players after the loss.,The coach berated the players after the loss.,監督は試合後、選手たちを叱責した。,監督は試合後、選手たちを叱責した。,屈折IPAの原形化
22672,congruence,C1,C1,一致、適合,一致、適合,/ˈkɔnɡruəns/,/kˈɔːnɡruːəns/,There is a lack of congruence between the two statements.,There is a lack of congruence between the two statements.,二つの声明の間には一致が見られない。,二つの声明の間には一致が見られない。,屈折IPAの原形化
22694,holdout,C1,C1,保留者,保留者,/ˈhoʊˌldaʊt/,/ˈhoʊˌldaʊt/,There were still some holdouts who had not agreed to the deal.,There were still some holdout who had not agreed to the deal.,その取引に同意していない保留者がまだいた。,その取引に同意していない保留者がまだいた。,例文の原形主語整合化
22703,macrophage,C1,C1,マクロファージ,マクロファージ,/ˈmækroʊˌfeɪdʒ/,/ˈmækroʊˌfeɪdʒ/,Macrophages are immune cells that engulf and digest pathogens and cellular debris.,macrophage are immune cells that engulf and digest pathogens and cellular debris.,マクロファージは、病原体や細胞の破片を貪食し消化する免疫細胞です。,マクロファージは、病原体や細胞の破片を貪食し消化する免疫細胞です。,例文の原形主語整合化
22707,morose,C1,C1,不機嫌な,不機嫌な,/mərˈoʊs/,/mɚˈoʊs/,He was in a morose mood all day.,He was in a morose mood all day.,彼は一日中不機嫌な気分だった。,彼は一日中不機嫌な気分だった。,屈折IPAの原形化
22708,munition,C1,C1,軍需品,軍需品,/mjuˈnɪʃənz/,/mjuːnˈɪʃən/,The factory produces munitions for the national army.,The factory produces munition for the national army.,その工場は国軍のための軍需品を生産している。,その工場は国軍のための軍需品を生産している。,屈折IPAの原形化 / 例文の原形主語整合化
22709,nonce,C1,C1,一度きり,一度きり,/ˈnɑns/,/nˈɑːns/,This is a nonce word that has not been used before.,This is a nonce word that has not been used before.,これは以前に使用されたことのない一度きりの言葉です。,これは以前に使用されたことのない一度きりの言葉です。,屈折IPAの原形化
22714,preempt,C1,C1,先手を打つ,先手を打つ,/ˈpriːˌɛmpts/,/prˈiːˌempt/,The new regulation preempts any previous agreements.,The new regulation preempt any previous agreements.,新しい規制は以前の合意に先手を打つ。,新しい規制は以前の合意に先手を打つ。,屈折IPAの原形化 / 例文の原形主語整合化
22718,ream,C1,C1,大量の、たくさんの,大量の、たくさんの,/ˈriːmz/,/rˈiːm/,She had reams of paperwork to do.,She had ream of paperwork to do.,彼女には大量の事務処理があった。,彼女には大量の事務処理があった。,屈折IPAの原形化 / 例文の原形主語整合化
22724,sapper,C1,C1,工兵,工兵,/ˈsæpər/,/ˈsæpər/,The sappers were responsible for clearing the minefield.,The sapper were responsible for clearing the minefield.,工兵は地雷原の除去を担当していた。,工兵は地雷原の除去を担当していた。,例文の原形主語整合化
22732,speechwriter,C1,C1,スピーチライター,スピーチライター,/ˈspiːˌtʃraɪtərz/,/spˈiːtʃrˌaɪtɚ/,Speechwriters craft words for public figures.,speechwriter craft words for public figures.,スピーチライターは公人向けの言葉を作り上げます。,スピーチライターは公人向けの言葉を作り上げます。,屈折IPAの原形化 / 例文の原形主語整合化
22746,benzodiazepine,C1,C1,ベンゾジアゼピン,ベンゾジアゼピン,/ˌbɛnzoʊdiˈæzəpinz/,/bˌenzoʊdiːˈæzəpiːn/,Benzodiazepines are used to treat anxiety and insomnia.,benzodiazepine are used to treat anxiety and insomnia.,ベンゾジアゼピンは不安や不眠症の治療に使用されます。,ベンゾジアゼピンは不安や不眠症の治療に使用されます。,屈折IPAの原形化 / 例文の原形主語整合化
22756,curio,C1,C1,骨董品、珍品,骨董品、珍品,/ˈkjʊrioʊ/,/ˈkjʊrioʊ/,The shop was filled with curios.,The shop was filled with curio.,店は骨董品でいっぱいだった。,店は骨董品でいっぱいだった。,例文の原形主語整合化
22757,deliverable,C1,C1,成果物,成果物,/dɪˈlɪvərəbəlz/,/dɪlˈɪvɚəbəl/,The project deliverables must be submitted by the end of the month.,The project deliverable must be submitted by the end of the month.,プロジェクトの成果物は、月末までに提出する必要があります。,プロジェクトの成果物は、月末までに提出する必要があります。,屈折IPAの原形化 / 例文の原形主語整合化
22758,deplore,C1,C1,嘆く、遺憾に思う,嘆く、遺憾に思う,/dɪˈplɔrz/,/dɪplˈɔːr/,She deplores the lack of job opportunities for young people.,I deplore the lack of job opportunities for young people.,彼女は若者の雇用機会の不足を嘆いている。,私は若者の雇用機会の不足を嘆いている。,屈折IPAの原形化 / 例文の原形主語整合化
22762,dovetail,C1,C1,うまく合う、調和する,うまく合う、調和する,/ˈdʌˌvteɪlz/,/dˈʌvtˌeɪl/,Their ideas dovetail perfectly to create a successful project.,Their ideas dovetail perfectly to create a successful project.,彼らのアイデアは完璧に調和して、成功したプロジェクトを作り上げた。,彼らのアイデアは完璧に調和して、成功したプロジェクトを作り上げた。,屈折IPAの原形化
22770,forecaster,C1,C1,予報官,予報官,/ˈfɔˌrkæstərz/,/fˈɔːrkˌæstɚ/,The weather forecasters predicted heavy snow.,The weather forecaster predicted heavy snow.,気象予報官は大雪を予測した。,気象予報官は大雪を予測した。,屈折IPAの原形化 / 例文の原形主語整合化
22771,fosse,C1,C1,濠,濠,/ˈfɑs/,/fˈɑːs/,The castle was surrounded by a deep fosse.,The castle was surrounded by a deep fosse.,その城は深い濠に囲まれていた。,その城は深い濠に囲まれていた。,屈折IPAの原形化
22792,macaque,C1,C1,マカク,マカク,/macaque/,/macaque/,We saw several macaques at the zoo.,We saw several macaque at the zoo.,私たちは動物園で数匹のマカクを見ました。,私たちは動物園で数匹のマカクを見ました。,例文の原形主語整合化
22810,searcher,C1,C1,捜索者,捜索者,/ˈsɜːrtʃərz/,/sˈɜːrtʃɚ/,The searchers looked for the missing hiker for days.,The searcher looked for the missing hiker for days.,捜索者たちは数日間、行方不明のハイカーを探した。,捜索者たちは数日間、行方不明のハイカーを探した。,屈折IPAの原形化 / 例文の原形主語整合化
22821,yurt,C1,C1,ユルト,ユルト,/ˈjʊrts/,/jˈʊrt/,The nomads lived in yurts.,The nomads lived in yurt.,遊牧民はユルトに住んでいた。,遊牧民はユルトに住んでいた。,屈折IPAの原形化 / 例文の原形主語整合化
22826,blooper,C1,C1,失敗談,失敗談,/ˈbluːpərz/,/blˈuːpɚ/,The outtakes reel was full of bloopers.,The outtakes reel was full of blooper.,アウトテイク集は失敗談でいっぱいでした。,アウトテイク集は失敗談でいっぱいでした。,屈折IPAの原形化 / 例文の原形主語整合化
22832,corticosteroid,C1,C1,コルチコステロイド,コルチコステロイド,/ˌkɔrtɪkoʊˈstɛˌrɔɪd/,/ˌkɔrtɪkoʊˈstɛˌrɔɪd/,Corticosteroids can reduce inflammation.,corticosteroid can reduce inflammation.,コルチコステロイドは炎症を軽減することができます。,コルチコステロイドは炎症を軽減することができます。,例文の原形主語整合化
22848,junky,C1,C1,麻薬中毒者,麻薬中毒者,/ˈdʒʌŋkiz/,/dʒˈʌŋkiː/,He met some junkies in the alley.,He met some junkies in the alley.,彼は路地で数人の麻薬中毒者に会った。,彼は路地で数人の麻薬中毒者に会った。,屈折IPAの原形化
22863,outpace,C1,C1,〜を上回る,〜を上回る,/ˈaʊˌtpeɪs/,/ˈaʊtpˌeɪs/,The company's growth is outpacing its competitors.,The company's growth is outpacing its competitors.,その会社の成長は競合他社を上回っている。,その会社の成長は競合他社を上回っている。,屈折IPAの原形化
22874,ribosome,C1,C1,リボソーム,リボソーム,/ribosome/,/ribosome/,Ribosomes are essential for protein synthesis.,ribosome are essential for protein synthesis.,リボソームはタンパク質合成に不可欠である。,リボソームはタンパク質合成に不可欠である。,例文の原形主語整合化
22879,speculator,C1,C1,投機家,投機家,/ˈspɛkjəˌleɪtərz/,/spˈekjəlˌeɪtɚ/,Speculators often take high risks in the market.,speculator often take high risks in the market.,投機家はしばしば市場で高いリスクを負う。,投機家はしばしば市場で高いリスクを負う。,屈折IPAの原形化 / 例文の原形主語整合化
22892,vesicle,C1,C1,小胞,小胞,/ˈvɛzɪkəl/,/ˈvɛzɪkəl/,The cell transports materials in vesicles.,The cell transports materials in vesicle.,細胞は小胞内で物質を輸送します。,細胞は小胞内で物質を輸送します。,例文の原形主語整合化
22904,cannabinoid,C1,C1,カンナビノイド,カンナビノイド,/cannabinoid/,/cannabinoid/,Cannabinoids are compounds found in cannabis.,cannabinoid are compounds found in cannabis.,カンナビノイドは大麻に含まれる化合物である。,カンナビノイドは大麻に含まれる化合物である。,例文の原形主語整合化
22905,coenzyme,C1,C1,補酵素,補酵素,/koʊˈɛnzaɪm/,/koʊˈɛnzaɪm/,Coenzymes are essential for many biochemical reactions.,coenzyme are essential for many biochemical reactions.,補酵素は多くの生化学反応に不可欠である。,補酵素は多くの生化学反応に不可欠である。,例文の原形主語整合化
22909,cyclin,C1,C1,サイクリン,サイクリン,/cyclin/,/cyclin/,Cyclins regulate cell cycle progression.,cyclin regulate cell cycle progression.,サイクリンは細胞周期の進行を調節する。,サイクリンは細胞周期の進行を調節する。,例文の原形主語整合化
22916,effusion,C1,C1,流出、あふれ出るもの,流出、あふれ出るもの,/effusions/,/effusions/,His effusions of praise were excessive.,His effusion of praise were excessive.,彼の過剰な賛辞は度を越していた。,彼の過剰な賛辞は度を越していた。,例文の原形主語整合化
22932,honcho,C1,C1,幹部,幹部,/ˈhɔntʃoʊs/,/hˈɔːntʃoʊ/,The honchos of the company made the final decision.,The honcho of the company made the final decision.,会社の幹部が最終決定を下した。,会社の幹部が最終決定を下した。,屈折IPAの原形化 / 例文の原形主語整合化
22935,infuriate,C1,C1,激怒させる,激怒させる,/ɪˈnfjʊriˌeɪts/,/ɪnfjˈʊriːˌeɪt/,His arrogance infuriates me.,His arrogance infuriate me.,彼の傲慢さは私を激怒させる。,彼の傲慢さは私を激怒させる。,屈折IPAの原形化 / 例文の原形主語整合化
22947,obit,C1,C1,死亡記事,死亡記事,/ˈoʊbɪts/,/ˈoʊbɪt/,The newspaper published several obits today.,The newspaper published several obit today.,新聞は今日、いくつかの死亡記事を掲載した。,新聞は今日、いくつかの死亡記事を掲載した。,屈折IPAの原形化 / 例文の原形主語整合化
22949,paean,C1,C1,"賛歌,喜びの歌","賛歌,喜びの歌",/ˈpiːənz/,/pˈiːən/,The crowd sang paeans in praise of the victorious team.,The crowd sang paean in praise of the victorious team.,群衆は、勝利したチームを称賛する賛歌を歌った。,群衆は、勝利したチームを称賛する賛歌を歌った。,屈折IPAの原形化 / 例文の原形主語整合化
22964,serf,C1,C1,役立つ,役立つ,/ˈsɜːrvz/,/sˈɜːrf/,This tool serves several different purposes.,This tool serves several different purposes.,このツールはいくつかの異なる目的に役立つ。,このツールはいくつかの異なる目的に役立つ。,屈折IPAの原形化
22965,simile,C1,C1,直喩,直喩,/similes/,/similes/,The author used several similes in the poem.,The author used several simile in the poem.,著者はその詩でいくつかの直喩を使用した。,著者はその詩でいくつかの直喩を使用した。,例文の原形主語整合化
22968,stressor,C1,C1,ストレス要因,ストレス要因,/ˈstrɛsərz/,/strˈesɚ/,Work and financial problems are common stressors.,Work and financial problems are common stressor.,仕事と財政問題は一般的なストレス要因です。,仕事と財政問題は一般的なストレス要因です。,屈折IPAの原形化 / 例文の原形主語整合化
22995,conflate,C1,C1,混同する,混同する,/kəˈnfleɪts/,/kənflˈeɪt/,The author often conflates two different concepts.,The author often conflate two different concepts.,その著者はしばしば二つの異なる概念を混同する。,その著者はしばしば二つの異なる概念を混同する。,屈折IPAの原形化 / 例文の原形主語整合化
23013,fibroblast,C1,C1,線維芽細胞,線維芽細胞,/fibroblast/,/fibroblast/,Fibroblasts play a role in wound healing.,fibroblast play a role in wound healing.,線維芽細胞は創傷治癒に役割を果たしている。,線維芽細胞は創傷治癒に役割を果たしている。,例文の原形主語整合化
23016,gradation,C1,C1,段階,段階,/ɡreɪˈdeɪʃənz/,/ɡreɪdˈeɪʃən/,The color changed in subtle gradations.,The color changed in subtle gradation.,色が微妙な段階で変化した。,色が微妙な段階で変化した。,屈折IPAの原形化 / 例文の原形主語整合化
23028,microbiologist,C1,C1,微生物学者,微生物学者,/ˌmaɪkroʊbiˈɑlədʒɪsts/,/mˌaɪkroʊbiːˈɑːlədʒɪst/,Microbiologists study the behavior of various microbes.,microbiologist study the behavior of various microbes.,微生物学者は、様々な微生物の挙動を研究します。,微生物学者は、様々な微生物の挙動を研究します。,屈折IPAの原形化 / 例文の原形主語整合化
23043,pogrom,C1,C1,ポグロム（組織的迫害）,ポグロム（組織的迫害）,/pəˈɡrɑmz/,/pəɡrˈɑːm/,The history is marked by terrible pogroms against the minority ethnic groups.,The history is marked by terrible pogrom against the minority ethnic groups.,その歴史は、少数民族に対する恐ろしいポグロムによって特徴づけられる。,その歴史は、少数民族に対する恐ろしいポグロムによって特徴づけられる。,屈折IPAの原形化 / 例文の原形主語整合化
23048,showgirl,C1,C1,"ショーガール,踊り子","ショーガール,踊り子",/ˈʃoʊˌɡɜːrlz/,/ʃˈoʊɡˌɜːrl/,The showgirls performed a dazzling routine.,The showgirl performed a dazzling routine.,ショーガールたちは目を見張るようなルーチンを披露した。,ショーガールたちは目を見張るようなルーチンを披露した。,屈折IPAの原形化 / 例文の原形主語整合化
23068,aphid,C1,C1,アブラムシ,アブラムシ,/ˈæfɪdz/,/ˈæfəd/,Aphids are small insects that can damage plants.,aphid are small insects that can damage plants.,アブラムシは植物を損傷する可能性のある小さな昆虫です。,アブラムシは植物を損傷する可能性のある小さな昆虫です。,屈折IPAの原形化 / 例文の原形主語整合化
23072,beget,C1,C1,生む,生む,/bɪˈɡɛts/,/bɪɡˈet/,Violence begets violence.,Violence beget violence.,暴力は暴力を生みます。,暴力は暴力を生みます。,屈折IPAの原形化 / 例文の原形主語整合化
23080,celebrant,C1,C1,祝賀者、祭典参加者,祝賀者、祭典参加者,/ˈsɛləbrənts/,/sˈeləbrənt/,The celebrants cheered as the fireworks began.,The celebrant cheered as the fireworks began.,花火が始まると、祝賀者たちは歓声を上げた。,花火が始まると、祝賀者たちは歓声を上げた。,屈折IPAの原形化 / 例文の原形主語整合化
23090,disincentive,C1,C1,抑制要因,抑制要因,/ˌdɪsɪˈnsɛntɪvz/,/dˌɪsɪnsˈentɪv/,The government introduced disincentives to discourage smoking.,The government introduced disincentive to discourage smoking.,政府は喫煙を抑制するために、抑制要因を導入した。,政府は喫煙を抑制するために、抑制要因を導入した。,屈折IPAの原形化 / 例文の原形主語整合化
23108,hothouse,C1,C1,温室,温室,/ˈhɑˌthaʊs/,/hˈɑːthˌaʊs/,The plants were growing in the hothouse.,The plants were growing in the hothouse.,植物は温室で育っていました。,植物は温室で育っていました。,屈折IPAの原形化
23120,luminary,C1,C1,著名人、権威者,著名人、権威者,/ˈluːməˌnɛriz/,/lˈuːmənˌeriː/,The conference attracted many luminaries in the field of science.,The conference attracted many luminaries in the field of science.,その会議には科学分野の多くの著名人が集まった。,その会議には科学分野の多くの著名人が集まった。,屈折IPAの原形化
23133,platz,C1,C1,広場,広場,/ˈplæts/,/plˈæts/,The market is in the town platz.,The market is in the town platz.,市場は町の広場にあります。,市場は町の広場にあります。,屈折IPAの原形化
23181,descendent,C1,C1,子孫,子孫,/dɪˈsɛndənts/,/dɪsˈendənt/,The family is proud of their descendents who have served the country.,The family is proud of their descendent who have served the country.,その家族は、国に奉仕した子孫を誇りに思っています。,その家族は、国に奉仕した子孫を誇りに思っています。,屈折IPAの原形化 / 例文の原形主語整合化
23202,marginalize,C1,C1,疎外する,疎外する,/ˈmɑrdʒənəˌlaɪz/,/mˈɑːrdʒənəlˌaɪz/,The policy can marginalize certain segments of the population.,The policy can marginalize certain segments of the population.,その政策は人口のある部分を疎外する可能性がある。,その政策は人口のある部分を疎外する可能性がある。,屈折IPAの原形化
23219,rowboat,C1,C1,手漕ぎボート,手漕ぎボート,/ˈroʊˌboʊts/,/rˈoʊbˌoʊt/,We rented rowboats at the lake.,We rented rowboat at the lake.,私たちは湖で手漕ぎボートを借りた。,私たちは湖で手漕ぎボートを借りた。,屈折IPAの原形化 / 例文の原形主語整合化
23226,telomere,C1,C1,テロメア,テロメア,/ˈtɛləmir/,/ˈtɛləmir/,Telomeres are the protective caps at the ends of chromosomes.,telomere are the protective caps at the ends of chromosomes.,テロメアは染色体の末端にある保護キャップです。,テロメアは染色体の末端にある保護キャップです。,例文の原形主語整合化
23233,wacko,C1,C1,変わり者、狂人,変わり者、狂人,/ˈwækoʊz/,/wˈækoʊ/,He always attracts the wackos.,He always attracts the wacko.,彼はいつも変わり者を引きつける。,私はいつも変わり者を引きつける。,屈折IPAの原形化 / 例文の原形主語整合化
23247,clade,C1,C1,クレード,クレード,/ˈklædɪz/,/ˈklædɪz/,Clades represent groups of organisms descended from a common ancestor.,clade represent groups of organisms descended from a common ancestor.,クレードは共通の祖先から派生した生物のグループを表す。,クレードは共通の祖先から派生した生物のグループを表す。,例文の原形主語整合化
23265,interject,C1,C1,口を挟む,口を挟む,/ˌɪntərˈdʒɛkts/,/ˌɪntɚdʒˈekt/,He often interjects with irrelevant comments during meetings.,He often interject with irrelevant comments during meetings.,彼は会議中にしばしば無関係なコメントで口を挟む。,私は会議中にしばしば無関係なコメントで口を挟む。,屈折IPAの原形化 / 例文の原形主語整合化
23267,jobber,C1,C1,仲買人、卸売業者,仲買人、卸売業者,/ˈdʒɑbərz/,/dʒˈɑːbɚ/,The jobbers purchased large quantities of the goods for resale.,The jobber purchased large quantities of the goods for resale.,仲買人は再販のために大量の商品を購入した。,仲買人は再販のために大量の商品を購入した。,屈折IPAの原形化 / 例文の原形主語整合化
23272,missive,C1,C1,書簡,書簡,/ˈmɪsɪvz/,/mˈɪsɪv/,The company sent out missives to its clients.,The company sent out missive to its clients.,会社はクライアントに書簡を送った。,会社はクライアントに書簡を送った。,屈折IPAの原形化 / 例文の原形主語整合化
23274,myosin,C1,C1,ミオシン,ミオシン,/ˈmaɪəsənz/,/mˈaɪəsən/,Myosins are a class of motor proteins that are involved in muscle contraction.,myosin are a class of motor proteins that are involved in muscle contraction.,ミオシンは、筋肉の収縮に関与するモータータンパク質のクラスです。,ミオシンは、筋肉の収縮に関与するモータータンパク質のクラスです。,屈折IPAの原形化 / 例文の原形主語整合化
23287,pyrotechnic,C1,C1,花火,花火,/ˌpaɪroʊˈtɛknɪks/,/pˌaɪroʊtˈeknɪk/,The fireworks display was an amazing show of pyrotechnics.,The fireworks display was an amazing show of pyrotechnic.,花火大会は、素晴らしい花火のショーだった。,花火大会は、素晴らしい花火のショーだった。,屈折IPAの原形化 / 例文の原形主語整合化
23289,quartile,C1,C1,四分位数,四分位数,/ˈkwɔrtɪlz/,/kwˈɔːrtɪl/,The data were divided into quartiles for analysis.,The data were divided into quartile for analysis.,分析のために、データは四分位数に分割された。,分析のために、データは四分位数に分割された。,屈折IPAの原形化 / 例文の原形主語整合化
23294,restatement,C1,C1,修正再表示,修正再表示,/riˈsteɪtmənts/,/riːstˈeɪtmənt/,The company had to issue restatements of their financial reports after an accounting error was found.,The company had to issue restatement of their financial reports after an accounting error was found.,会計上の誤りが見つかった後、その会社は財務報告書の修正再表示を発行しなければならなかった。,会計上の誤りが見つかった後、その会社は財務報告書の修正再表示を発行しなければならなかった。,屈折IPAの原形化 / 例文の原形主語整合化
23299,stilt,C1,C1,竹馬,竹馬,/ˈstɪlts/,/stˈɪlt/,The children played on stilts in the park.,The children played on stilt in the park.,子供たちは公園で竹馬遊びをしました。,子供たちは公園で竹馬遊びをしました。,屈折IPAの原形化 / 例文の原形主語整合化
23324,foodstuff,C1,C1,食料品,食料品,/ˈfuːˌdstʌfs/,/fˈuːdstˌʌf/,The supermarket sells a wide range of foodstuffs.,The supermarket sells a wide range of foodstuff.,そのスーパーマーケットは、幅広い食料品を販売している。,そのスーパーマーケットは、幅広い食料品を販売している。,屈折IPAの原形化 / 例文の原形主語整合化
23325,freckle,C1,C1,そばかす,そばかす,/ˈfrɛkəlz/,/frˈekəl/,She had freckles on her face.,She had freckle on her face.,彼女は顔にそばかすがあった。,私は顔にそばかすがあった。,屈折IPAの原形化 / 例文の原形主語整合化
23338,minaret,C1,C1,ミナレット,ミナレット,/ˌmɪnərˈɛts/,/mˌɪnɚˈet/,"The mosque is characterized by its tall, slender minarets.","The mosque is characterized by its tall, slender minaret.",そのモスクは、高く細いミナレットが特徴です。,そのモスクは、高く細いミナレットが特徴です。,屈折IPAの原形化 / 例文の原形主語整合化
23339,misadventure,C1,C1,不運な出来事,不運な出来事,/mɪsəˈdvɛntʃərz/,/mɪsədvˈentʃɚ/,The book is full of his misadventures.,The book is full of his misadventure.,その本は彼の不運な出来事に満ちている。,その本は彼の不運な出来事に満ちている。,屈折IPAの原形化 / 例文の原形主語整合化
23347,oxidize,C1,C1,酸化させる,酸化させる,/ˈɑksəˌdaɪz/,/ˈɑːksədˌaɪz/,"When exposed to air, iron will oxidize and form rust.","When exposed to air, iron will oxidize and form rust.",空気にさらされると、鉄は酸化して錆を形成します。,空気にさらされると、鉄は酸化して錆を形成します。,屈折IPAの原形化
23349,paramour,C1,C1,愛人,愛人,/paramours/,/paramours/,The king had several paramours.,The king had several paramour.,王には数人の愛人がいた。,王には数人の愛人がいた。,例文の原形主語整合化
23369,triplicate,C1,C1,三つ組,三つ組,/ˈtrɪplɪkətz/,/trˈɪplɪkət/,The experiments were performed in triplicates.,The experiments were performed in triplicate.,実験は三つ組で行われた。,実験は三つ組で行われた。,屈折IPAの原形化 / 例文の原形主語整合化
23378,bagpipe,C1,C1,バグパイプ,バグパイプ,/ˈbæˌɡpaɪps/,/bˈæɡpˌaɪp/,The bagpipes played a traditional Scottish tune.,The bagpipe played a traditional Scottish tune.,バグパイプが伝統的なスコットランドの曲を演奏しました。,バグパイプが伝統的なスコットランドの曲を演奏しました。,屈折IPAの原形化 / 例文の原形主語整合化
23386,crystallize,C1,C1,明確化する,明確化する,/ˈkrɪstəˌlaɪz/,/krˈɪstəlˌaɪz/,His thoughts began to crystallize.,His thoughts began to crystallize.,彼の考えは明確になり始めた。,彼の考えは明確になり始めた。,屈折IPAの原形化
23391,exhumation,C1,C1,発掘,発掘,/ɛˌkshjuːˈmeɪʃənz/,/ekshjˌuːmˈeɪʃən/,The exhumations revealed new historical evidence.,The exhumation revealed new historical evidence.,発掘によって新たな歴史的証拠が明らかになった。,発掘によって新たな歴史的証拠が明らかになった。,屈折IPAの原形化 / 例文の原形主語整合化
23402,immobilize,C1,C1,固定する、動けなくする,固定する、動けなくする,/ɪˈmoʊbəˌlaɪz/,/ɪmˈoʊbəlˌaɪz/,The injury immobilized his leg.,The injury immobilized his leg.,怪我で彼の脚は動けなくなった。,怪我で彼の脚は動けなくなった。,屈折IPAの原形化
23406,intransigence,C1,C1,妥協しない態度,妥協しない態度,/ɪˈntrænsədʒəns/,/ɪntrˈænsədʒəns/,His intransigence made negotiations impossible.,His intransigence made negotiations impossible.,彼の妥協しない態度が交渉を不可能にした。,彼の妥協しない態度が交渉を不可能にした。,屈折IPAの原形化
23421,pursuer,C1,C1,追跡者,追跡者,/pərˈsuːərz/,/pɚsˈuːɚ/,The police were the pursuers in the high-speed chase.,The police were the pursuer in the high-speed chase.,警察は高速追跡での追跡者だった。,警察は高速追跡での追跡者だった。,屈折IPAの原形化 / 例文の原形主語整合化
23430,slat,C1,C1,すのこ,すのこ,/ˈslæts/,/slˈæt/,The sun streamed through the slats of the blinds.,The sun streamed through the slat of the blinds.,ブラインドのすき間から太陽が差し込んだ。,ブラインドのすき間から太陽が差し込んだ。,屈折IPAの原形化 / 例文の原形主語整合化
23435,streetwise,C1,C1,世慣れた,世慣れた,/ˈstriːˌtwaɪz/,/strˈiːtwˌaɪz/,He's a streetwise kid who knows how to handle himself.,He's a streetwise kid who knows how to handle himself.,彼は自分の身の処し方を知っている世慣れた子供です。,彼は自分の身の処し方を知っている世慣れた子供です。,屈折IPAの原形化
23442,tonsil,C1,C1,扁桃,扁桃,/ˌtɑnsəl/,/ˌtɑnsəl/,He had his tonsils removed.,He had his tonsil removed.,彼は扁桃腺を取り除いた。,私は扁桃腺を取り除いた。,例文の原形主語整合化
23447,upstage,C1,C1,出し抜く,出し抜く,/əˈpsteɪdʒz/,/əpstˈeɪdʒ/,The new actor upstages the veteran performer.,The new actor upstage the veteran performer.,その新しい俳優はベテランのパフォーマーを出し抜いた。,その新しい俳優はベテランのパフォーマーを出し抜いた。,屈折IPAの原形化 / 例文の原形主語整合化
23451,zygote,C1,C1,接合子,接合子,/ˈzaɪɡoʊtz/,/zˈaɪɡoʊt/,The zygotes were formed after the fusion of the sperm and egg.,The zygote were formed after the fusion of the sperm and egg.,精子と卵の融合後、接合子が形成されました。,精子と卵の融合後、接合子が形成されました。,屈折IPAの原形化 / 例文の原形主語整合化
23465,comeuppance,C1,C1,当然の報い,当然の報い,/ˌkʌˈmʌpəns/,/kˌʌmˈʌpəns/,He finally got his comeuppance for his bad deeds.,He finally got his comeuppance for his bad deeds.,彼は最終的に自分の悪い行いに対する当然の報いを受けた。,彼は最終的に自分の悪い行いに対する当然の報いを受けた。,屈折IPAの原形化
23473,ersatz,C1,C1,代用品の,代用品の,/ˈɛˌrsɑts/,/ˈersˌɑːts/,This is an ersatz version of the real thing.,This is an ersatz version of the real thing.,これは本物の代用品バージョンです。,これは本物の代用品バージョンです。,屈折IPAの原形化
23476,hosanna,C1,C1,ホサナ,ホサナ,/hosannas/,/hosannas/,The crowd shouted hosannas as the king approached.,The crowd shouted hosanna as the king approached.,王が近づくと、群衆はホサナを叫びました。,王が近づくと、群衆はホサナを叫びました。,例文の原形主語整合化
23494,ocelot,C1,C1,オセロット,オセロット,/ˈɑsəˌlɑts/,/ˈɑːsəlˌɑːt/,Ocelots are nocturnal wild cats.,ocelot are nocturnal wild cats.,オセロットは夜行性の野生の猫である。,オセロットは夜行性の野生の猫である。,屈折IPAの原形化 / 例文の原形主語整合化
23516,teahouse,C1,C1,茶屋,茶屋,/teahouses/,/teahouses/,The teahouses along the river are popular.,The teahouse along the river are popular.,川沿いの茶屋は人気がある。,川沿いの茶屋は人気がある。,例文の原形主語整合化
23517,teleconference,C1,C1,電話会議,電話会議,/tɛləˈkɑnfrəns/,/teləkˈɑːnfrəns/,We will have a teleconference to discuss the results.,We will have a teleconference to discuss the results.,結果について話し合うために電話会議を開きます。,結果について話し合うために電話会議を開きます。,屈折IPAの原形化
23530,antic,C1,C1,滑稽な行動,滑稽な行動,/ˈæntɪks/,/ˈæntɪk/,The children were full of antics.,The children were full of antic.,子供たちは滑稽な行動でいっぱいだった。,子供たちは滑稽な行動でいっぱいだった。,屈折IPAの原形化 / 例文の原形主語整合化
23531,arthropod,C1,C1,節足動物,節足動物,/ˈɑrθrəˌpɑd/,/ˈɑrθrəˌpɑd/,Insects are a diverse group of arthropods.,Insects are a diverse group of arthropod.,昆虫は、多様な節足動物のグループである。,昆虫は、多様な節足動物のグループである。,例文の原形主語整合化
23535,cheekbone,C1,C1,頬骨,頬骨,/ˈtʃiːˌkboʊnz/,/tʃˈiːkbˌoʊn/,She has very high cheekbones.,She has very high cheekbone.,彼女はとても高い頬骨をしている。,私はとても高い頬骨をしている。,屈折IPAの原形化 / 例文の原形主語整合化
23538,crum,C1,C1,パンくず,パンくず,/ˈkrʌm/,/ˈkrʌm/,The bird was eating the crums on the table.,The bird was eating the crum on the table.,鳥はテーブルの上のパンくずを食べていました。,鳥はテーブルの上のパンくずを食べていました。,例文の原形主語整合化
23548,glucocorticoid,C1,C1,グルココルチコイド,グルココルチコイド,/glucocorticoids/,/glucocorticoids/,Glucocorticoids are hormones that have antiinflammatory effects.,glucocorticoid are hormones that have antiinflammatory effects.,グルココルチコイドは、抗炎症効果を持つホルモンである。,グルココルチコイドは、抗炎症効果を持つホルモンである。,例文の原形主語整合化
23569,neurotoxin,C1,C1,神経毒,神経毒,/neurotoxin/,/neurotoxin/,Neurotoxins can damage the nervous system.,neurotoxin can damage the nervous system.,神経毒は神経系を損傷する可能性があります。,神経毒は神経系を損傷する可能性があります。,例文の原形主語整合化
23596,voxel,C1,C1,ボクセル,ボクセル,/voxel/,/voxel/,The 3D scan is made up of many voxels.,The 3D scan is made up of many voxel.,3Dスキャンは多数のボクセルで構成されている。,3Dスキャンは多数のボクセルで構成されている。,例文の原形主語整合化
23608,caspase,C1,C1,カスパーゼ,カスパーゼ,/caspases/,/caspases/,Caspases are enzymes involved in apoptosis.,caspase are enzymes involved in apoptosis.,カスパーゼはアポトーシスに関与する酵素である。,カスパーゼはアポトーシスに関与する酵素である。,例文の原形主語整合化
23612,dignitary,C1,C1,要人,要人,/ˈdɪɡnəˌtɛriz/,/dˈɪɡnətˌeriː/,The dignitaries attended the ceremony.,The dignitaries attended the ceremony.,要人たちは式典に出席した。,要人たちは式典に出席した。,屈折IPAの原形化
23615,doublet,C1,C1,対になったもの,対になったもの,/doublets/,/doublets/,The twins were wearing matching doublets.,The twins were wearing matching doublet.,双子は対になった服を着ていた。,双子は対になった服を着ていた。,例文の原形主語整合化
23616,egret,C1,C1,シラサギ,シラサギ,/ɛɡrəts/,/eɡrət/,Egrets can often be seen near the water.,egret can often be seen near the water.,シラサギはしばしば水辺で見られます。,シラサギはしばしば水辺で見られます。,屈折IPAの原形化 / 例文の原形主語整合化
23629,incoherence,C1,C1,支離滅裂,支離滅裂,/ɪnkoʊˈhɪrəns/,/ɪnkoʊhˈɪrəns/,His speech was marked by incoherence.,His speech was marked by incoherence.,彼のスピーチは支離滅裂であった。,彼のスピーチは支離滅裂であった。,屈折IPAの原形化
23631,internist,C1,C1,内科医,内科医,/ɪˈntɜːrnɪsts/,/ɪntˈɜːrnɪst/,Internists specialize in the diagnosis and treatment of internal diseases.,internist specialize in the diagnosis and treatment of internal diseases.,内科医は内科疾患の診断と治療を専門とする。,内科医は内科疾患の診断と治療を専門とする。,屈折IPAの原形化 / 例文の原形主語整合化
23639,microtubule,C1,C1,微小管,微小管,/ˈmaɪˌkroʊˈtuːbjul/,/ˈmaɪˌkroʊˈtuːbjul/,Microtubules are important in cell division.,microtubule are important in cell division.,微小管は細胞分裂において重要である。,微小管は細胞分裂において重要である。,例文の原形主語整合化
23644,overabundance,C1,C1,過剰,過剰,/ˈoʊvərəˈbʌndəns/,/ˈoʊvɚəbˈʌndəns/,There was an overabundance of food at the party.,There was an overabundance of food at the party.,パーティーには過剰なほどの食料があった。,パーティーには過剰なほどの食料があった。,屈折IPAの原形化
23650,scamp,C1,C1,いたずらっ子,いたずらっ子,/scamp/,/scamp/,The children were being scamps.,The children were being scamp.,子供たちはいたずらっ子だった。,子供たちはいたずらっ子だった。,例文の原形主語整合化
23652,shipbuilder,C1,C1,造船業者,造船業者,/ˈʃɪˌpbɪldərz/,/ʃˈɪpbˌɪldɚ/,Shipbuilders construct and repair ships.,shipbuilder construct and repair ships.,造船業者は船を建造および修理します。,造船業者は船を建造および修理します。,屈折IPAの原形化 / 例文の原形主語整合化
23684,chloroplast,C1,C1,葉緑体,葉緑体,/ˈklɔrəˌplæst/,/ˈklɔrəˌplæst/,Chloroplasts are the site of photosynthesis in plants.,chloroplast are the site of photosynthesis in plants.,葉緑体は植物における光合成の場である。,葉緑体は植物における光合成の場である。,例文の原形主語整合化
23689,dextrose,C1,C1,デキストロース,デキストロース,/ˈdɛkstroʊs/,/dˈekstroʊs/,Dextrose is a simple sugar used in intravenous solutions.,Dextrose is a simple sugar used in intravenous solutions.,デキストロースは静脈内溶液に使用される単糖である。,デキストロースは静脈内溶液に使用される単糖である。,屈折IPAの原形化
23696,frill,C1,C1,飾り,飾り,/ˈfrɪlz/,/frˈɪl/,The dress was plain without any frills.,The dress was plain without any frill.,そのドレスは飾り気のないシンプルなものだった。,そのドレスは飾り気のないシンプルなものだった。,屈折IPAの原形化 / 例文の原形主語整合化
23697,galvanize,C1,C1,活気づける,活気づける,/ˈɡælvəˌnaɪz/,/ɡˈælvənˌaɪz/,The speech galvanized the audience into action.,The speech galvanized the audience into action.,そのスピーチは聴衆を活気づけて行動を起こさせた。,そのスピーチは聴衆を活気づけて行動を起こさせた。,屈折IPAの原形化
23701,highrise,C1,C1,高層ビル,高層ビル,/ˈhaɪˌraɪz/,/hˈaɪrˌaɪz/,The city has many highrise buildings.,The city has many highrise buildings.,その都市には多くの高層ビルがある。,その都市には多くの高層ビルがある。,屈折IPAの原形化
23708,itemize,C1,C1,箇条書きにする,箇条書きにする,/ˈaɪtəˌmaɪz/,/ˈaɪtəmˌaɪz/,Please itemize the expenses for the trip.,Please itemize the expenses for the trip.,旅行の費用を箇条書きにしてください。,旅行の費用を箇条書きにしてください。,屈折IPAの原形化
23712,lozenge,C1,C1,ドロップ,ドロップ,/ˈlɔzəndʒəz/,/lˈɔːzəndʒ/,He used throat lozenges to soothe his cough.,He used throat lozenge to soothe his cough.,彼は咳を和らげるためにのど飴を使った。,私は咳を和らげるためにのど飴を使った。,屈折IPAの原形化 / 例文の原形主語整合化
23714,mealtime,C1,C1,食事の時間,食事の時間,/ˈmiːˌltaɪmz/,/mˈiːltˌaɪm/,They always eat dinner together at fixed mealtimes.,They always eat dinner together at fixed mealtime.,彼らはいつも決まった食事時間に一緒に夕食をとります。,彼らはいつも決まった食事時間に一緒に夕食をとります。,屈折IPAの原形化 / 例文の原形主語整合化
23717,nodule,C1,C1,結節,結節,/ˈnɑdʒulz/,/nˈɑːdʒuːl/,The doctor found some small nodules on his thyroid.,The doctor found some small nodule on his thyroid.,医者は彼の甲状腺にいくつかの小さな結節を発見した。,医者は彼の甲状腺にいくつかの小さな結節を発見した。,屈折IPAの原形化 / 例文の原形主語整合化
23720,onlooker,C1,C1,見物人,見物人,/ˈɔˌnlʊkərz/,/ˈɔːnlˌʊkɚ/,The onlookers watched the parade pass by.,The onlooker watched the parade pass by.,見物人たちはパレードが通り過ぎるのを見ていた。,見物人たちはパレードが通り過ぎるのを見ていた。,屈折IPAの原形化 / 例文の原形主語整合化
23722,pediment,C1,C1,ペディメント、破風,ペディメント、破風,/pediments/,/pediments/,The building has beautiful pediments above the doors.,The building has beautiful pediment above the doors.,その建物にはドアの上に美しいペディメントがある。,その建物にはドアの上に美しいペディメントがある。,例文の原形主語整合化
23728,prostaglandin,C1,C1,プロスタグランジン,プロスタグランジン,/proʊstæˈɡlændɪnz/,/proʊstæɡlˈændɪn/,Prostaglandins are involved in inflammation.,prostaglandin are involved in inflammation.,プロスタグランジンは炎症に関与しています。,プロスタグランジンは炎症に関与しています。,屈折IPAの原形化 / 例文の原形主語整合化
23740,tormentor,C1,C1,苦しめる者,苦しめる者,/ˈtɔˌrmɛntərz/,/tˈɔːrmˌentɚ/,The bullies were the tormentors of the young boy.,The bullies were the tormentor of the young boy.,いじめっ子たちはその少年を苦しめる者だった。,いじめっ子たちはその少年を苦しめる者だった。,屈折IPAの原形化 / 例文の原形主語整合化
23744,afferent,C1,C1,求心性神経,求心性神経,/ˈæfərənts/,/ˈæfɚənt/,Afferents carry sensory information to the central nervous system.,afferent carry sensory information to the central nervous system.,求心性神経は感覚情報を中枢神経系に伝える。,求心性神経は感覚情報を中枢神経系に伝える。,屈折IPAの原形化 / 例文の原形主語整合化
23761,dramatize,C1,C1,劇的にする、誇張する,劇的にする、誇張する,/ˈdræməˌtaɪzɪz/,/drˈɑːmətˌaɪz/,The movie dramatizes the events of the war.,The movie dramatize the events of the war.,その映画は戦争の出来事を劇的にしている。,その映画は戦争の出来事を劇的にしている。,屈折IPAの原形化 / 例文の原形主語整合化
23762,dyad,C1,C1,二つ組,二つ組,/ˈdaɪˌædz/,/dˈaɪˌæd/,The researchers studied dyads to understand relationships.,The researchers studied dyad to understand relationships.,研究者たちは関係を理解するために二つ組を研究した。,研究者たちは関係を理解するために二つ組を研究した。,屈折IPAの原形化 / 例文の原形主語整合化
23766,extol,C1,C1,称賛する,称賛する,/ɪˈkstoʊlz/,/ɪkstˈoʊl/,The article extols the virtues of organic farming.,The article extol the virtues of organic farming.,その記事は有機農業の利点を称賛している。,その記事は有機農業の利点を称賛している。,屈折IPAの原形化 / 例文の原形主語整合化
23769,fiefdom,C1,C1,封土,封土,/ˈfiːfdəmz/,/fˈiːfdəm/,The region was divided into several fiefdoms.,The region was divided into several fiefdom.,その地域はいくつかの封土に分割されました。,その地域はいくつかの封土に分割されました。,屈折IPAの原形化 / 例文の原形主語整合化
23772,granule,C1,C1,顆粒,顆粒,/ˈɡrænjəlz/,/ɡrˈænjəl/,The medication came in granules.,The medication came in granule.,その薬は顆粒状だった。,その薬は顆粒状だった。,屈折IPAの原形化 / 例文の原形主語整合化
23782,noblesse,C1,C1,高貴さ、貴族,高貴さ、貴族,/noʊˈblɛs/,/noʊblˈes/,Noblesse oblige is the concept that the aristocracy has a responsibility to society.,Noblesse oblige is the concept that the aristocracy has a responsibility to society.,ノブレス・オブリージュは、貴族が社会に対する責任を持つという概念である。,ノブレス・オブリージュは、貴族が社会に対する責任を持つという概念である。,屈折IPAの原形化
23783,oligopoly,C1,C1,寡占,寡占,/oligopolies/,/ˌɑːlɪɡˈɑːpəliː/,The market is dominated by a few oligopolies.,The market is dominated by a few oligopolies.,市場はいくつかの寡占によって支配されている。,市場はいくつかの寡占によって支配されている。,屈折IPAの原形化
23784,opine,C1,C1,意見を述べる,意見を述べる,/oʊˈpaɪn/,/oʊˈpaɪn/,He opines that the project is unlikely to succeed.,I opine that the project is unlikely to succeed.,彼はそのプロジェクトが成功する見込みはないと意見を述べる。,私はそのプロジェクトが成功する見込みはないと意見を述べる。,例文の原形主語整合化
23797,romanticize,C1,C1,美化する、理想化する,美化する、理想化する,/roʊˈmæntəˌsaɪz/,/roʊmˈæntəsˌaɪz/,It's easy to romanticize the past.,It's easy to romanticize the past.,過去を美化するのは簡単です。,過去を美化するのは簡単です。,屈折IPAの原形化
23811,altarpiece,C1,C1,祭壇画,祭壇画,/ˈɔltərˌpiːs/,/ˈɔːltɚpˌiːs/,The altarpiece was a stunning piece of Renaissance art.,The altarpiece was a stunning piece of Renaissance art.,その祭壇画は、ルネサンス美術の素晴らしい作品でした。,その祭壇画は、ルネサンス美術の素晴らしい作品でした。,屈折IPAの原形化
23813,bemoan,C1,C1,嘆き悲しむ、嘆く,嘆き悲しむ、嘆く,/bɪˈmoʊnz/,/bɪmˈoʊn/,He bemoans the loss of traditional values.,I bemoan the loss of traditional values.,彼は伝統的価値観の喪失を嘆く。,私は伝統的価値観の喪失を嘆く。,屈折IPAの原形化 / 例文の原形主語整合化
23846,leukocyte,C1,C1,白血球,白血球,/ˈluːkəˌsaɪtz/,/lˈuːkəsˌaɪt/,Leukocytes are an important part of the immune system.,leukocyte are an important part of the immune system.,白血球は免疫系の重要な部分である。,白血球は免疫系の重要な部分である。,屈折IPAの原形化 / 例文の原形主語整合化
23847,mestizo,C1,C1,メスティーソ,メスティーソ,/mɛˈstiːzoʊs/,/mestˈiːzoʊ/,Mestizos are people of mixed European and indigenous American ancestry.,mestizo are people of mixed European and indigenous American ancestry.,メスティーソは、ヨーロッパとアメリカ先住民の混血の人々です。,メスティーソは、ヨーロッパとアメリカ先住民の混血の人々です。,屈折IPAの原形化 / 例文の原形主語整合化
23861,preceptor,C1,C1,指導者、教育係,指導者、教育係,/preceptors/,/preceptors/,The preceptors provided valuable guidance to the students.,The preceptor provided valuable guidance to the students.,指導者たちは生徒たちに貴重な指導を与えた。,指導者たちは生徒たちに貴重な指導を与えた。,例文の原形主語整合化
23875,swathe,C1,C1,広い帯、一続きの領域,広い帯、一続きの領域,/ˈswɑðz/,/swˈɑːð/,Swathes of forest were destroyed by the fire.,swathe of forest were destroyed by the fire.,広い帯状の森林が火災によって破壊された。,広い帯状の森林が火災によって破壊された。,屈折IPAの原形化 / 例文の原形主語整合化
23887,bellicose,C1,C1,好戦的な,好戦的な,/ˈbɛləˌkoʊs/,/bˈeləkˌoʊs/,His bellicose attitude made it difficult to negotiate a peace treaty.,His bellicose attitude made it difficult to negotiate a peace treaty.,彼の好戦的な態度は、和平条約の交渉を困難にしました。,彼の好戦的な態度は、和平条約の交渉を困難にしました。,屈折IPAの原形化
23891,clothier,C1,C1,服飾業者,服飾業者,/ˈkloʊðjərz/,/klˈoʊðjɚ/,The city has many famous clothiers.,The city has many famous clothier.,その都市には多くの有名な服飾業者がいる。,その都市には多くの有名な服飾業者がいる。,屈折IPAの原形化 / 例文の原形主語整合化
23931,overpayment,C1,C1,過払い,過払い,/ˈoʊvərˌpeɪmənts/,/ˈoʊvɚpˌeɪmənt/,The company discovered overpayments in the payroll.,The company discovered overpayment in the payroll.,会社は給与での過払いを発見した。,会社は給与での過払いを発見した。,屈折IPAの原形化 / 例文の原形主語整合化
23933,overtone,C1,C1,含み,含み,/ˈoʊvərˌtoʊnz/,/ˈoʊvɚtˌoʊn/,Her voice had overtones of sadness.,Her voice had overtone of sadness.,彼女の声には悲しみの含みがあった。,彼女の声には悲しみの含みがあった。,屈折IPAの原形化 / 例文の原形主語整合化
23938,predispose,C1,C1,～しやすい傾向にさせる,～しやすい傾向にさせる,/ˌpriːdɪˈspoʊzz/,/prˌiːdɪspˈoʊz/,Genetics predisposes some people to certain diseases.,Genetics predispose some people to certain diseases.,遺伝学は、一部の人々を特定の病気にかかりやすくする。,遺伝学は、一部の人々を特定の病気にかかりやすくする。,屈折IPAの原形化 / 例文の原形主語整合化
23961,boggle,C1,C1,驚かせる,驚かせる,/ˈbɑɡəlz/,/bˈɑːɡəl/,His explanation boggles the mind.,His explanation boggle the mind.,彼の説明は理解を超えて驚かされる。,彼の説明は理解を超えて驚かされる。,屈折IPAの原形化 / 例文の原形主語整合化
23982,irreverence,C1,C1,不敬,不敬,/ɪˈrɛvərəns/,/ɪrˈevɚəns/,His irreverence towards authority was shocking.,His irreverence towards authority was shocking.,彼の権威に対する不敬は衝撃的だった。,彼の権威に対する不敬は衝撃的だった。,屈折IPAの原形化
23989,neutrophil,C1,C1,好中球,好中球,/neutrophil/,/neutrophil/,Neutrophils are a type of white blood cell that helps fight infection.,neutrophil are a type of white blood cell that helps fight infection.,好中球は感染と戦うのを助ける白血球の一種である。,好中球は感染と戦うのを助ける白血球の一種である。,例文の原形主語整合化
23995,polysaccharide,C1,C1,多糖類,多糖類,/ˌpɑlɪˈsækərˌaɪdz/,/pˌɑːlɪsˈækɚˌaɪd/,Polysaccharides are important carbohydrates.,polysaccharide are important carbohydrates.,多糖類は重要な炭水化物である。,多糖類は重要な炭水化物である。,屈折IPAの原形化 / 例文の原形主語整合化
24007,subservience,C1,C1,従属,従属,/səˈbsɜːrviəns/,/səbsˈɜːrviːəns/,His subservience to his boss was obvious.,His subservience to his boss was obvious.,彼のボスへの従属は明らかだった。,彼のボスへの従属は明らかだった。,屈折IPAの原形化
24010,threonine,C1,C1,トレオニン,トレオニン,/threonines/,/threonines/,Threonines are essential amino acids.,threonine are essential amino acids.,トレオニンは必須アミノ酸です。,トレオニンは必須アミノ酸です。,例文の原形主語整合化
24020,ail,C1,C1,病気にさせる,病気にさせる,/ˈeɪlz/,/ˈeɪl/,The problem that ails the city is poverty.,The problem that ail the city is poverty.,都市を悩ませる問題は貧困である。,都市を悩ませる問題は貧困である。,屈折IPAの原形化 / 例文の原形主語整合化
24042,footstep,C1,C1,足音,足音,/ˈfʊˌtstɛps/,/fˈʊtstˌep/,I heard footsteps coming up the stairs.,I heard footstep coming up the stairs.,階段を上ってくる足音が聞こえた。,階段を上ってくる足音が聞こえた。,屈折IPAの原形化 / 例文の原形主語整合化
24043,galactose,C1,C1,ガラクトース,ガラクトース,/ɡəˈlæktoʊs/,/ɡəlˈæktoʊs/,Galactose is a monosaccharide sugar that is less sweet than glucose.,Galactose is a monosaccharide sugar that is less sweet than glucose.,ガラクトースは、グルコースよりも甘くない単糖です。,ガラクトースは、グルコースよりも甘くない単糖です。,屈折IPAの原形化
24052,litigant,C1,C1,訴訟当事者,訴訟当事者,/ˈlɪtɪɡənts/,/lˈɪtɪɡənt/,The judge heard arguments from both litigants.,The judge heard arguments from both litigant.,裁判官は両方の訴訟当事者からの主張を聞いた。,裁判官は両方の訴訟当事者からの主張を聞いた。,屈折IPAの原形化 / 例文の原形主語整合化
24057,oxidizer,C1,C1,酸化剤,酸化剤,/ˈɑksɪˌdaɪzərz/,/ˈɑːksɪdˌaɪzɚ/,Oxidizers can cause materials to combust.,oxidizer can cause materials to combust.,酸化剤は物質を燃焼させる可能性がある。,酸化剤は物質を燃焼させる可能性がある。,屈折IPAの原形化 / 例文の原形主語整合化
24064,reactant,C1,C1,反応物,反応物,/reactants/,/reactants/,The reactants were mixed in a flask.,The reactant were mixed in a flask.,反応物はフラスコ内で混合されました。,反応物はフラスコ内で混合されました。,例文の原形主語整合化
24074,substructure,C1,C1,部分構造,部分構造,/substructures/,/substructures/,The molecule is made up of several substructures.,The molecule is made up of several substructure.,その分子はいくつかの部分構造で構成されている。,その分子はいくつかの部分構造で構成されている。,例文の原形主語整合化
24088,attractor,C1,C1,アトラクター,アトラクター,/attractors/,/attractors/,The system settles into one of its attractors.,The system settles into one of its attractor.,システムはそのアトラクターの一つに落ち着く。,システムはそのアトラクターの一つに落ち着く。,例文の原形主語整合化
24092,boldface,C1,C1,太字,太字,/ˈboʊˌldfeɪs/,/bˈoʊldfˌeɪs/,The key words were printed in boldface for emphasis.,The key words were printed in boldface for emphasis.,重要な単語は強調するために太字で印刷された。,重要な単語は強調するために太字で印刷された。,屈折IPAの原形化
24103,endorphin,C1,C1,エンドルフィン,エンドルフィン,/ɛˈndɔrfɪn/,/ɛˈndɔrfɪn/,Exercise releases endorphins.,Exercise releases endorphin.,運動はエンドルフィンを放出する。,運動はエンドルフィンを放出する。,例文の原形主語整合化
24123,neoplasm,C1,C1,新生物,新生物,/ˈniːəˌplæzəmz/,/nˈiːəplˌæzəm/,Neoplasms can be benign or malignant.,neoplasm can be benign or malignant.,新生物は良性または悪性である可能性があります。,新生物は良性または悪性である可能性があります。,屈折IPAの原形化 / 例文の原形主語整合化
24126,oocyte,C1,C1,卵母細胞,卵母細胞,/oocytes/,/oocytes/,The study focused on the development of oocytes in female mammals.,The study focused on the development of oocyte in female mammals.,その研究は、雌哺乳動物における卵母細胞の発達に焦点を当てた。,その研究は、雌哺乳動物における卵母細胞の発達に焦点を当てた。,例文の原形主語整合化
24132,repercussion,C1,C1,影響,影響,/ˌriːpərˈkʌʃənz/,/rˌiːpɚkˈʌʃən/,The decision had serious repercussions for the entire organization.,The decision had serious repercussion for the entire organization.,その決定は、組織全体に深刻な影響を与えました。,その決定は、組織全体に深刻な影響を与えました。,屈折IPAの原形化 / 例文の原形主語整合化
24145,antisense,C1,C1,アンチセンス,アンチセンス,/ˈæntiˌsɛns/,/ˈæntiːsˌens/,Antisense RNA can regulate gene expression.,Antisense RNA can regulate gene expression.,アンチセンスRNAは遺伝子発現を調節できる。,アンチセンスRNAは遺伝子発現を調節できる。,屈折IPAの原形化
24153,dalliance,C1,C1,戯れ,戯れ,/ˈdæliəns/,/dˈæliːəns/,Their dalliance led to a romantic relationship.,Their dalliance led to a romantic relationship.,彼らの戯れは恋愛関係につながった。,彼らの戯れは恋愛関係につながった。,屈折IPAの原形化
24172,judgeship,C1,C1,裁判官の職,裁判官の職,/ˈdʒʌˌdʒʃɪps/,/dʒˈʌdʒʃˌɪp/,He has held several prestigious judgeships in his career.,He has held several prestigious judgeship in his career.,彼はキャリアの中でいくつかの著名な裁判官の職を務めてきた。,私はキャリアの中でいくつかの著名な裁判官の職を務めてきた。,屈折IPAの原形化 / 例文の原形主語整合化
24197,underling,C1,C1,部下,部下,/ˈʌndərlɪŋz/,/ˈʌndɚlɪŋ/,He delegated the task to his underlings.,He delegated the task to his underling.,彼は部下にそのタスクを委任した。,私は部下にそのタスクを委任した。,屈折IPAの原形化 / 例文の原形主語整合化
24205,byway,C1,C1,わき道,わき道,/ˈbaɪˌweɪz/,/bˈaɪwˌeɪ/,They explored the byways of the town.,They explored the byway of the town.,彼らは町のわき道を探検した。,彼らは町のわき道を探検した。,屈折IPAの原形化 / 例文の原形主語整合化
24218,exhort,C1,C1,強く勧める,強く勧める,/ɪˈɡzɔrts/,/ɪɡzˈɔːrt/,The coach exhorts the team to play with more enthusiasm.,The coach exhort the team to play with more enthusiasm.,コーチはチームに、より熱意を持ってプレーするように強く勧めている。,コーチはチームに、より熱意を持ってプレーするように強く勧めている。,屈折IPAの原形化 / 例文の原形主語整合化
24229,megabyte,C1,C1,メガバイト,メガバイト,/ˈmɛɡəˌbaɪts/,/mˈeɡəbˌaɪt/,The file size was several megabytes.,The file size was several megabyte.,ファイルのサイズは数メガバイトだった。,ファイルのサイズは数メガバイトだった。,屈折IPAの原形化 / 例文の原形主語整合化
24241,polluter,C1,C1,汚染者,汚染者,/pəˈluːtərz/,/pəlˈuːtɚ/,The factory is one of the biggest polluters in the area.,The factory is one of the biggest polluter in the area.,その工場は、この地域で最大の汚染者の一つだ。,その工場は、この地域で最大の汚染者の一つだ。,屈折IPAの原形化 / 例文の原形主語整合化
24255,speckle,C1,C1,斑点,斑点,/ˈspɛkəlz/,/spˈekəl/,The bird had speckles on its wings.,The bird had speckle on its wings.,その鳥は翼に斑点があった。,その鳥は翼に斑点があった。,屈折IPAの原形化 / 例文の原形主語整合化
24264,vehemence,C1,C1,激しさ,激しさ,/ˈviːəməns/,/vˈiːəməns/,He expressed his disagreement with vehemence.,He expressed his disagreement with vehemence.,彼は激しい口調で反対を表明した。,彼は激しい口調で反対を表明した。,屈折IPAの原形化
24276,chopstick,C1,C1,箸,箸,/ˈtʃɑˌpstɪks/,/tʃˈɑːpstˌɪk/,They are eating sushi with chopsticks.,They are eating sushi with chopstick.,彼らは箸で寿司を食べている。,彼らは箸で寿司を食べている。,屈折IPAの原形化 / 例文の原形主語整合化
24278,cofactor,C1,C1,補因子,補因子,/cofactors/,/cofactors/,Enzymes often require cofactors to function.,Enzymes often require cofactor to function.,酵素は機能するためにしばしば補因子を必要とする。,酵素は機能するためにしばしば補因子を必要とする。,例文の原形主語整合化
24302,megahertz,C1,C1,メガヘルツ,メガヘルツ,/ˈmɛɡəhərts/,/mˈeɡəhɚts/,The processor speed is measured in megahertz.,The processor speed is measured in megahertz.,プロセッサの速度はメガヘルツで測定されます。,プロセッサの速度はメガヘルツで測定されます。,屈折IPAの原形化
24307,nonchalance,C1,C1,無関心,無関心,/ˈnɑnʃəˈlɑns/,/nˈɑːnʃəlˈɑːns/,"He tried to act with nonchalance, despite his inner anxiety.","He tried to act with nonchalance, despite his inner anxiety.",彼は内心の不安にもかかわらず、無関心なふりをしようとした。,彼は内心の不安にもかかわらず、無関心なふりをしようとした。,屈折IPAの原形化
24317,snakebite,C1,C1,ヘビ咬傷,ヘビ咬傷,/ˈsneɪˌkbaɪts/,/snˈeɪkbˌaɪt/,Snakebites can be dangerous and require immediate medical attention.,snakebite can be dangerous and require immediate medical attention.,ヘビ咬傷は危険であり、直ちに医療処置が必要です。,ヘビ咬傷は危険であり、直ちに医療処置が必要です。,屈折IPAの原形化 / 例文の原形主語整合化
24320,stigmatize,C1,C1,汚名を着せる、非難する,汚名を着せる、非難する,/ˈstɪɡməˌtaɪz/,/stˈɪɡmətˌaɪz/,Society often stigmatizes people with mental health issues.,Society often stigmatize people with mental health issues.,社会はしばしば精神衛生上の問題を抱える人に汚名を着せる。,社会はしばしば精神衛生上の問題を抱える人に汚名を着せる。,屈折IPAの原形化 / 例文の原形主語整合化
24323,televise,C1,C1,テレビ放映する,テレビ放映する,/ˈtɛləˌvaɪz/,/tˈeləvˌaɪz/,The game will be televised live.,The game will be televised live.,その試合は生中継される。,その試合は生中継される。,屈折IPAの原形化
24343,depolarization,C1,C1,脱分極,脱分極,/depolarizations/,/depolarizations/,Depolarizations can trigger action potentials.,depolarization can trigger action potentials.,脱分極は活動電位を誘発する可能性がある。,脱分極は活動電位を誘発する可能性がある。,例文の原形主語整合化
24350,escapement,C1,C1,エスケープメント,エスケープメント,/ɪˈskeɪpmənts/,/ɪskˈeɪpmənt/,The escapement is a mechanism in a clock that releases gears.,The escapement is a mechanism in a clock that releases gears.,エスケープメントは時計の中で歯車を解放するメカニズムである。,エスケープメントは時計の中で歯車を解放するメカニズムである。,屈折IPAの原形化
24361,intimation,C1,C1,ほのめかし、暗示,ほのめかし、暗示,/ˌɪntəˈmeɪʃənz/,/ˌɪntəmˈeɪʃən/,There were intimations of trouble ahead.,There were intimation of trouble ahead.,先に問題があるという暗示があった。,先に問題があるという暗示があった。,屈折IPAの原形化 / 例文の原形主語整合化
24365,legging,C1,C1,レギンス,レギンス,/ˈlɛɡɪŋz/,/lˈeɡɪŋ/,She wore black leggings for her workout.,She wore black legging for her workout.,彼女はワークアウトのために黒いレギンスを履きました。,私はワークアウトのために黒いレギンスを履きました。,屈折IPAの原形化 / 例文の原形主語整合化
24380,telomerase,C1,C1,テロメラーゼ,テロメラーゼ,/təˈloʊmərˌeɪz/,/təlˈoʊmɚˌeɪz/,Telomerase is an enzyme that extends telomeres.,Telomerase is an enzyme that extends telomeres.,テロメラーゼはテロメアを伸長する酵素です。,テロメラーゼはテロメアを伸長する酵素です。,屈折IPAの原形化
24381,tocopherol,C1,C1,トコフェロール,トコフェロール,/tocopherols/,/tocopherols/,Tocopherols are a class of compounds with antioxidant properties.,tocopherol are a class of compounds with antioxidant properties.,トコフェロールは抗酸化特性を持つ化合物群である。,トコフェロールは抗酸化特性を持つ化合物群である。,例文の原形主語整合化
24386,aver,C1,C1,断言する,断言する,/ˈeɪvərz/,/ˈeɪvɚ/,She avers that she has never been to that place.,I aver that she has never been to that place.,彼女はその場所に一度も行ったことがないと断言する。,私はその場所に一度も行ったことがないと断言する。,屈折IPAの原形化 / 例文の原形主語整合化
24394,efferent,C1,C1,遠心性の,遠心性の,/ˈɛfərənts/,/ˈefɚənt/,Efferent neurons carry signals away from the central nervous system.,Efferent neurons carry signals away from the central nervous system.,遠心性ニューロンは、中枢神経系から信号を運びます。,遠心性ニューロンは、中枢神経系から信号を運びます。,屈折IPAの原形化
24404,inhouse,C1,C1,社内,社内,/ˈɪˌnhaʊs/,/ˈɪnhˌaʊs/,The company has an in-house design team.,The company has an in-house design team.,その会社には社内デザインチームがある。,その会社には社内デザインチームがある。,屈折IPAの原形化
24408,loggia,C1,C1,ロッジア,ロッジア,/ˈlɑɡiəs/,/lˈɑːɡiːə/,The building has beautiful loggias on the second floor.,The building has beautiful loggia on the second floor.,その建物には2階に美しいロッジアがある。,その建物には2階に美しいロッジアがある。,屈折IPAの原形化 / 例文の原形主語整合化
24415,photoreceptor,C1,C1,光受容体,光受容体,/photoreceptor/,/photoreceptor/,Photoreceptors in the retina detect light.,photoreceptor in the retina detect light.,網膜の光受容体は光を検出する。,網膜の光受容体は光を検出する。,例文の原形主語整合化
24421,puzzler,C1,C1,パズルをする人、難問,パズルをする人、難問,/ˈpʌzlərz/,/pˈʌzlɚ/,The puzzlers enjoy solving difficult challenges.,The puzzler enjoy solving difficult challenges.,パズルをする人は難しい課題を解くのを楽しむ。,パズルをする人は難しい課題を解くのを楽しむ。,屈折IPAの原形化 / 例文の原形主語整合化
24422,quintile,C1,C1,五分位数,五分位数,/ˈkwɪntɪl/,/ˈkwɪntɪl/,The population was divided into quintiles based on income.,The population was divided into quintile based on income.,人口は所得に基づいて五分位数に分けられた。,人口は所得に基づいて五分位数に分けられた。,例文の原形主語整合化
24425,recrimination,C1,C1,非難の応酬,非難の応酬,/rɪˌkrɪmɪˈneɪʃənz/,/rɪkrˌɪmɪnˈeɪʃən/,The argument devolved into a series of recriminations.,The argument devolved into a series of recrimination.,議論は非難の応酬に発展しました。,議論は非難の応酬に発展しました。,屈折IPAの原形化 / 例文の原形主語整合化
24439,folktale,C1,C1,民話,民話,/ˈfoʊˌkteɪlz/,/fˈoʊktˌeɪl/,The book contained many traditional folktales.,The book contained many traditional folktale.,その本には多くの伝統的な民話が含まれていた。,その本には多くの伝統的な民話が含まれていた。,屈折IPAの原形化 / 例文の原形主語整合化
24441,agonize,C1,C1,苦悩する,苦悩する,/ˈæɡəˌnaɪz/,/ˈæɡənˌaɪz/,She agonized over the decision.,She agonized over the decision.,彼女はその決断について苦悩しました。,彼女はその決断について苦悩しました。,屈折IPAの原形化
24444,immortalize,C1,C1,不朽にする,不朽にする,/ɪˈmɔrtəlaɪz/,/ɪmˈɔːrtəlaɪz/,The artist tried to immortalize her beauty in a portrait.,The artist tried to immortalize her beauty in a portrait.,その芸術家は彼女の美しさを肖像画で不朽にしようとしました。,その芸術家は彼女の美しさを肖像画で不朽にしようとしました。,屈折IPAの原形化
24447,adjoin,C1,C1,隣接する,隣接する,/əˈdʒɔɪnz/,/ədʒˈɔɪn/,The garden adjoins the house.,The garden adjoin the house.,その庭は家に隣接している。,その庭は家に隣接している。,屈折IPAの原形化 / 例文の原形主語整合化
24455,bout,C2,C2,発作,発作,/ˈbaʊts/,/bˈaʊt/,He suffered from bouts of severe coughing.,He suffered from bout of severe coughing.,彼はひどい咳の発作に苦しんでいた。,私はひどい咳の発作に苦しんでいた。,屈折IPAの原形化 / 例文の原形主語整合化
24456,herald,C2,C2,告げる、先触れとなる,告げる、先触れとなる,/ˈhɛrəldz/,/hˈerəld/,The robin heralds the arrival of spring.,The robin herald the arrival of spring.,コマドリは春の到来を告げます。,コマドリは春の到来を告げます。,屈折IPAの原形化 / 例文の原形主語整合化
24458,legion,C2,C2,軍団、多数,軍団、多数,/ˈliːdʒənz/,/lˈiːdʒən/,Legions of fans attended the concert.,legion of fans attended the concert.,多数のファンがコンサートに参加した。,多数のファンがコンサートに参加した。,屈折IPAの原形化 / 例文の原形主語整合化
24464,corpse,C2,C2,死体,死体,/ˈkɔrps/,/kˈɔːrps/,The corpse was found by the river.,The corpse was found by the river.,その死体は川のそばで見つかった。,その死体は川のそばで見つかった。,屈折IPAの原形化
24483,transmitter,C2,C2,伝達物質,伝達物質,/træˈnsmɪtərz/,/trænsmˈɪtɚ/,Neurotransmitters play a crucial role in the nervous system.,Neurotransmitters play a crucial role in the nervous system.,神経伝達物質は神経系において重要な役割を果たしている。,神経伝達物質は神経系において重要な役割を果たしている。,屈折IPAの原形化
24484,blitz,C2,C2,電撃戦,電撃戦,/ˈblɪts/,/blˈɪts/,The team launched a blitz attack.,The team launched a blitz attack.,チームは電撃戦を仕掛けました。,チームは電撃戦を仕掛けました。,屈折IPAの原形化
24488,curator,C2,C2,学芸員、館長,学芸員、館長,/ˈkjʊrətərz/,/kjʊrˈeɪtɚ/,The museum curators are responsible for the collection.,The museum curator are responsible for the collection.,博物館の学芸員はコレクションの責任を負っている。,博物館の学芸員はコレクションの責任を負っている。,屈折IPAの原形化 / 例文の原形主語整合化
24489,menace,C2,C2,脅威,脅威,/ˈmɛnəs/,/mˈenəs/,The abandoned building is a menace to public safety.,The abandoned building is a menace to public safety.,その廃墟となった建物は公共の安全に対する脅威である。,その廃墟となった建物は公共の安全に対する脅威である。,屈折IPAの原形化
24493,residual,C2,C2,残余物,残余物,/rɪˈzɪdʒuəlz/,/rɪzˈɪdʒuːəl/,The company's residuals were higher than expected.,The company's residual were higher than expected.,会社の残余物は予想よりも高かった。,会社の残余物は予想よりも高かった。,屈折IPAの原形化 / 例文の原形主語整合化
24509,retrospective,C2,C2,回顧展,回顧展,/ˌrɛtrəˈspɛktɪvz/,/rˌetrəspˈektɪv/,The museum is hosting a retrospective of her work.,The museum is hosting a retrospective of her work.,美術館は彼女の作品の回顧展を開催している。,美術館は彼女の作品の回顧展を開催している。,屈折IPAの原形化
24522,turret,C2,C2,小塔,小塔,/ˈtɜːrəts/,/tˈɜːrət/,The castle has many turrets.,The castle has many turret.,その城には多くの小塔がある。,その城には多くの小塔がある。,屈折IPAの原形化 / 例文の原形主語整合化
24524,artifact,C2,C2,工芸品、遺物,工芸品、遺物,/ˈɑrtəˌfækts/,/ˈɑːrtəfˌækt/,The museum displayed ancient artifacts.,The museum displayed ancient artifact.,博物館は古代の遺物を展示した。,博物館は古代の遺物を展示した。,屈折IPAの原形化 / 例文の原形主語整合化
24530,hinder,C2,C2,妨げる,妨げる,/ˈhɪndərz/,/hˈɪndɚ/,The storm hindered their progress.,The storm hindered their progress.,嵐が彼らの進歩を妨げた。,嵐が彼らの進歩を妨げた。,屈折IPAの原形化
24535,electrode,C2,C2,電極,電極,/ɪˈlɛktroʊdz/,/ɪlˈektroʊd/,The device uses electrodes to measure brain activity.,The device uses electrode to measure brain activity.,その装置は脳活動を測定するために電極を使用している。,その装置は脳活動を測定するために電極を使用している。,屈折IPAの原形化 / 例文の原形主語整合化
24544,palate,C2,C2,味覚,味覚,/ˈpæləts/,/pˈælət/,Their palates were refined after years of tasting fine food.,Their palate were refined after years of tasting fine food.,彼らの味覚は、長年高級な食べ物を味わった後、洗練されていた。,彼らの味覚は、長年高級な食べ物を味わった後、洗練されていた。,屈折IPAの原形化 / 例文の原形主語整合化
24547,malice,C2,C2,悪意、敵意,悪意、敵意,/ˈmæləs/,/mˈæləs/,"There was no malice in his words, only honesty.","There was no malice in his words, only honesty.",彼の言葉には悪意はなく、ただ誠実さだけがあった。,彼の言葉には悪意はなく、ただ誠実さだけがあった。,屈折IPAの原形化
24548,additive,C2,C2,添加物,添加物,/ˈædətɪv/,/ˈædətɪv/,This food product contains no artificial additives.,This food product contains no artificial additive.,この食品には人工の添加物は含まれていません。,この食品には人工の添加物は含まれていません。,例文の原形主語整合化
24559,redundancy,C2,C2,余剰、過剰,余剰、過剰,/rɪˈdʌndənsiz/,/rɪdˈʌndənsiː/,The company announced redundancies to cut costs.,The company announced redundancies to cut costs.,会社はコスト削減のため、人員削減を発表した。,会社はコスト削減のため、人員削減を発表した。,屈折IPAの原形化
24563,disperse,C2,C2,分散する,分散する,/dɪˈspɜːrs/,/dɪspˈɜːrs/,The crowd began to disperse after the concert.,The crowd began to disperse after the concert.,コンサートの後、群衆は分散し始めました。,コンサートの後、群衆は分散し始めました。,屈折IPAの原形化
24566,denote,C2,C2,示す、意味する,示す、意味する,/dɪˈnoʊts/,/dɪnˈoʊt/,The red flag denotes danger.,The red flag denote danger.,赤旗は危険を示す。,赤旗は危険を示す。,屈折IPAの原形化 / 例文の原形主語整合化
24568,recourse,C2,C2,頼る,頼る,/ˈriːkɔrs/,/rˈiːkɔːrs/,He had no recourse but to resign.,He had no recourse but to resign.,彼は辞任するしかなかった。,彼は辞任するしかなかった。,屈折IPAの原形化
24571,diffuse,C2,C2,拡散する,拡散する,/dɪˈfjuːzəz/,/dɪfjˈuːs/,The perfume diffuses through the room.,The perfume diffuse through the room.,香水が部屋中に拡散する。,香水が部屋中に拡散する。,屈折IPAの原形化 / 例文の原形主語整合化
24593,calamity,C2,C2,災難,災難,/kəˈlæmətiz/,/kəlˈæmətiː/,The town was hit by a series of natural calamities.,The town was hit by a series of natural calamities.,その町は、一連の自然災害に見舞われた。,その町は、一連の自然災害に見舞われた。,屈折IPAの原形化
24596,eminence,C2,C2,卓越,卓越,/ˈɛmənəns/,/ˈemənəns/,His eminence in the field was widely recognized.,His eminence in the field was widely recognized.,その分野における彼の卓越性は広く認識されていた。,その分野における彼の卓越性は広く認識されていた。,屈折IPAの原形化
24597,fallacy,C2,C2,誤謬,誤謬,/ˈfæləsiz/,/fˈæləsiː/,The argument is full of fallacies.,The argument is full of fallacies.,その議論は誤謬でいっぱいだ。,その議論は誤謬でいっぱいだ。,屈折IPAの原形化
24601,prolong,C2,C2,長引かせる,長引かせる,/prəˈlɔŋz/,/prəlˈɔːŋ/,Stress can prolong the healing process.,Stress can prolong the healing process.,ストレスは治癒過程を長引かせる可能性がある。,ストレスは治癒過程を長引かせる可能性がある。,屈折IPAの原形化
24606,indulgence,C2,C2,甘やかし、道楽,甘やかし、道楽,/ɪˈndʌldʒəns/,/ɪndˈʌldʒəns/,He allowed himself a moment of indulgence with a piece of chocolate.,He allowed himself a moment of indulgence with a piece of chocolate.,彼はチョコレートを一口食べて、つかの間の甘やかしを許した。,彼はチョコレートを一口食べて、つかの間の甘やかしを許した。,屈折IPAの原形化
24609,perverse,C2,C2,ひねくれた,ひねくれた,/pərˈvɜːrs/,/pɚvˈɜːrs/,He has a perverse sense of humor.,He has a perverse sense of humor.,彼はひねくれたユーモアのセンスを持っています。,彼はひねくれたユーモアのセンスを持っています。,屈折IPAの原形化
24610,plume,C2,C2,羽毛,羽毛,/ˈpluːmz/,/plˈuːm/,The peacock showed off its beautiful plumes.,The peacock showed off its beautiful plume.,孔雀は美しい羽毛を誇示した。,孔雀は美しい羽毛を誇示した。,屈折IPAの原形化 / 例文の原形主語整合化
24611,provocation,C2,C2,挑発、刺激,挑発、刺激,/ˌprɑvəˈkeɪʃənz/,/prˌɑːvəkˈeɪʃən/,The incident was a result of constant provocations.,The incident was a result of constant provocation.,その事件は絶え間ない挑発の結果だった。,その事件は絶え間ない挑発の結果だった。,屈折IPAの原形化 / 例文の原形主語整合化
24615,intermediary,C2,C2,仲介者,仲介者,/ˌɪntərˈmiːdiˌɛriz/,/ˌɪnɚmˈiːdiːeriː/,The broker acted as an intermediary between the buyer and the seller.,The broker acted as an intermediary between the buyer and the seller.,そのブローカーは買い手と売り手の仲介者として行動した。,そのブローカーは買い手と売り手の仲介者として行動した。,屈折IPAの原形化
24622,autopilot,C2,C2,自動操縦装置,自動操縦装置,/ˈɔtoʊˌpaɪləts/,/ˈɔːtoʊpˌaɪlət/,The plane switched to autopilots during the flight.,The plane switched to autopilot during the flight.,飛行中、飛行機は自動操縦装置に切り替わった。,飛行中、飛行機は自動操縦装置に切り替わった。,屈折IPAの原形化 / 例文の原形主語整合化
24624,grievance,C2,C2,不満,不満,/ˈɡriːvəns/,/ɡrˈiːvəns/,He filed a grievance with the company.,He filed a grievance with the company.,彼は会社に不満を申し立てた。,彼は会社に不満を申し立てた。,屈折IPAの原形化
24627,adhesion,C2,C2,癒着,癒着,/æˈdhiːʒənz/,/ædhˈiːʒən/,The surgery caused adhesions in the abdomen.,The surgery caused adhesion in the abdomen.,手術によって腹部に癒着が起こった。,手術によって腹部に癒着が起こった。,屈折IPAの原形化 / 例文の原形主語整合化
24642,philanthropist,C2,C2,慈善家,慈善家,/fɪˈlænθrəpɪsts/,/fəlˈænθrəpəst/,Many philanthropists donate large sums of money to charity.,Many philanthropist donate large sums of money to charity.,多くの慈善家が多額のお金を慈善団体に寄付している。,多くの慈善家が多額のお金を慈善団体に寄付している。,屈折IPAの原形化 / 例文の原形主語整合化
24646,spire,C2,C2,尖塔,尖塔,/ˈspaɪrz/,/spˈaɪr/,The church has beautiful spires.,The church has beautiful spire.,その教会には美しい尖塔がある。,その教会には美しい尖塔がある。,屈折IPAの原形化 / 例文の原形主語整合化
24647,subsistence,C2,C2,"生存, 生計","生存, 生計",/səˈbsɪstəns/,/səbsˈɪstəns/,They live a subsistence lifestyle.,They live a subsistence lifestyle.,彼らは自給自足の生活をしている。,彼らは自給自足の生活をしている。,屈折IPAの原形化
24669,averse,C2,C2,嫌う,嫌う,/əˈvɜːrs/,/əvˈɜːrs/,He is averse to taking risks.,He is averse to taking risks.,彼はリスクを冒すのを嫌う。,彼はリスクを冒すのを嫌う。,屈折IPAの原形化
24680,assimilate,C2,C2,同化する,同化する,/əˈsɪməˌleɪt/,/əˈsɪməˌleɪt/,The body assimilates nutrients from food.,The body assimilate nutrients from food.,体は食物から栄養素を同化する。,体は食物から栄養素を同化する。,例文の原形主語整合化
24698,mariner,C2,C2,船乗り,船乗り,/ˈmɛrənərz/,/mˈerənɚ/,The mariners sailed across the ocean.,The mariner sailed across the ocean.,船乗りたちは海を渡って航海した。,船乗りたちは海を渡って航海した。,屈折IPAの原形化 / 例文の原形主語整合化
24703,axiom,C2,C2,公理、自明の理,公理、自明の理,/ˈæksiəmz/,/ˈæksiːəm/,The proofs are based on a set of fundamental axioms.,The proofs are based on a set of fundamental axiom.,証明は、一連の基本的な公理に基づいている。,証明は、一連の基本的な公理に基づいている。,屈折IPAの原形化 / 例文の原形主語整合化
24706,hindrance,C2,C2,妨害、邪魔,妨害、邪魔,/ˈhɪndrəns/,/hˈɪndrəns/,The broken equipment was a hindrance to our work.,The broken equipment was a hindrance to our work.,その故障した機器は、私たちの仕事の妨げになった。,その故障した機器は、私たちの仕事の妨げになった。,屈折IPAの原形化
24719,fluctuate,C2,C2,変動する,変動する,/ˈflʌktʃuˌeɪts/,/flˈʌktʃəwˌeɪt/,The stock market fluctuates daily.,The stock market fluctuate daily.,株式市場は日々変動します。,株式市場は日々変動します。,屈折IPAの原形化 / 例文の原形主語整合化
24738,connotation,C2,C2,含意,含意,/ˌkɑnəˈteɪʃənz/,/kˌɑːnətˈeɪʃən/,The word has negative connotations.,The word has negative connotation.,その言葉は否定的な含意を持っています。,その言葉は否定的な含意を持っています。,屈折IPAの原形化 / 例文の原形主語整合化
24747,edifice,C2,C2,建造物,建造物,/ˈɛdəfəsz/,/ˈedəfəs/,The city is filled with magnificent edifices.,The city is filled with magnificent edifice.,その都市は壮大な建造物でいっぱいだ。,その都市は壮大な建造物でいっぱいだ。,屈折IPAの原形化 / 例文の原形主語整合化
24752,shoal,C2,C2,浅瀬、群れ,浅瀬、群れ,/ˈʃoʊlz/,/ˈʃoʊlz/,The boat ran aground on the shoals.,The boat ran aground on the shoal.,そのボートは浅瀬に乗り上げた。,そのボートは浅瀬に乗り上げた。,例文の原形主語整合化
24753,subsidize,C2,C2,助成する、補助金を出す,助成する、補助金を出す,/ˈsʌbsɪˌdaɪz/,/sˈʌbsɪdˌaɪz/,The government is subsidizing the agricultural industry.,The government is subsidizing the agricultural industry.,政府は農業産業を助成している。,政府は農業産業を助成している。,屈折IPAの原形化
24758,recluse,C2,C2,隠遁者,隠遁者,/rɪˈkluːs/,/rɪklˈuːs/,The old man lived as a recluse in the mountains.,The old man lived as a recluse in the mountains.,その老人は山の中で隠遁者として暮らしていました。,その老人は山の中で隠遁者として暮らしていました。,屈折IPAの原形化
24760,accrue,C2,C2,（利益などが）発生する,（利益などが）発生する,/əˈkruːz/,/əkrˈuː/,Interest accrues on the savings account.,Interest accrue on the savings account.,その預金口座には利息が発生する。,その預金口座には利息が発生する。,屈折IPAの原形化 / 例文の原形主語整合化
24787,preoccupation,C2,C2,"没頭していること, 心配事","没頭していること, 心配事",/priˌɑkjəˈpeɪʃənz/,/priːˌɑːkjəpˈeɪʃən/,His main preoccupations are his work and his family.,His main preoccupation are his work and his family.,彼の主な没頭していることは仕事と家族である。,彼の主な没頭していることは仕事と家族である。,屈折IPAの原形化 / 例文の原形主語整合化
24827,vandal,C2,C2,破壊者,破壊者,/ˈvændəlz/,/vˈændəl/,The vandals defaced the monument.,The vandal defaced the monument.,破壊者たちが記念碑を汚した。,破壊者たちが記念碑を汚した。,屈折IPAの原形化 / 例文の原形主語整合化
24828,maggot,C2,C2,ウジ,ウジ,/ˈmæɡəts/,/mˈæɡət/,The decaying food was crawling with maggots.,The decaying food was crawling with maggot.,腐敗した食べ物はウジがわいていた。,腐敗した食べ物はウジがわいていた。,屈折IPAの原形化 / 例文の原形主語整合化
24835,stipulate,C2,C2,規定する,規定する,/ˈstɪpjəˌleɪt/,/ˈstɪpjəˌleɪt/,The contract stipulates the conditions of employment.,The contract stipulate the conditions of employment.,契約は雇用条件を規定する。,契約は雇用条件を規定する。,例文の原形主語整合化
24838,posit,C2,C2,仮定する,仮定する,/ˈpɑzəts/,/pˈɑːzət/,The theory posits that the universe is constantly expanding.,The theory posit that the universe is constantly expanding.,その理論は宇宙が常に拡大していると仮定している。,その理論は宇宙が常に拡大していると仮定している。,屈折IPAの原形化 / 例文の原形主語整合化
24842,repose,C2,C2,休息,休息,/riˈpoʊz/,/riːpˈoʊz/,He found repose in the quiet of the forest.,He found repose in the quiet of the forest.,彼は森の静寂の中に休息を見出した。,彼は森の静寂の中に休息を見出した。,屈折IPAの原形化
24858,opulence,C2,C2,富裕,富裕,/ˈɑpjələns/,/ˈɑːpjələns/,The mansion was decorated with opulence and extravagance.,The mansion was decorated with opulence and extravagance.,その大邸宅は富裕さと贅沢さで飾られていました。,その大邸宅は富裕さと贅沢さで飾られていました。,屈折IPAの原形化
24861,thicket,C2,C2,茂み、やぶ,茂み、やぶ,/ˈθɪkəts/,/θˈɪkɪt/,They were walking through thickets of bushes.,They were walking through thicket of bushes.,彼らは茂みの藪の中を歩いていた。,彼らは茂みの藪の中を歩いていた。,屈折IPAの原形化 / 例文の原形主語整合化
24868,glitz,C2,C2,きらびやかさ,きらびやかさ,/ˈɡlɪts/,/ɡlˈɪts/,The event was full of glitz and glamour.,The event was full of glitz and glamour.,そのイベントはきらびやかさと魅力に満ちていた。,そのイベントはきらびやかさと魅力に満ちていた。,屈折IPAの原形化
24872,abhor,C2,C2,ひどく嫌う、忌み嫌う,ひどく嫌う、忌み嫌う,/æˈbhɔr/,/æˈbhɔr/,He abhors violence of any kind.,I abhor violence of any kind.,彼はあらゆる種類の暴力をひどく嫌う。,私はあらゆる種類の暴力をひどく嫌う。,例文の原形主語整合化
24888,artifice,C2,C2,策略、ごまかし,策略、ごまかし,/ˈɑrtəfɪs/,/ˈɑːrtəfɪs/,"His smile was an artifice, hiding his true feelings.","His smile was an artifice, hiding his true feelings.",彼の笑顔は、彼の本当の感情を隠すための策略だった。,彼の笑顔は、彼の本当の感情を隠すための策略だった。,屈折IPAの原形化
24896,concurrence,C2,C2,一致,一致,/kəˈnkɜːrəns/,/kənkˈɜːrəns/,The plan needs the concurrence of all the board members.,The plan needs the concurrence of all the board members.,その計画にはすべての取締役の同意が必要だ。,その計画にはすべての取締役の同意が必要だ。,屈折IPAの原形化
24911,inducement,C2,C2,誘因、奨励金,誘因、奨励金,/ɪˈnduːsmənts/,/ɪndˈuːsmənt/,The company offered inducements to encourage early retirement.,The company offered inducement to encourage early retirement.,その会社は早期退職を促すために奨励金を提供した。,その会社は早期退職を促すために奨励金を提供した。,屈折IPAの原形化 / 例文の原形主語整合化
24914,exude,C2,C2,にじみ出る、発する,にじみ出る、発する,/ɪˈɡzuːdz/,/ɪɡzˈuːd/,She exudes confidence.,I exude confidence.,彼女は自信をにじみ出させている。,私は自信をにじみ出させている。,屈折IPAの原形化 / 例文の原形主語整合化
24916,hypothesize,C2,C2,仮説を立てる,仮説を立てる,/haɪˈpɑθəˌsaɪz/,/haɪpˈɑːθəsˌaɪz/,Researchers hypothesize that the new species evolved from an older one.,Researchers hypothesize that the new species evolved from an older one.,研究者たちは、その新種がより古い種から進化したと仮説を立てている。,研究者たちは、その新種がより古い種から進化したと仮説を立てている。,屈折IPAの原形化
24924,adornment,C2,C2,装飾品、飾り,装飾品、飾り,/əˈdɔrnmənts/,/ədˈɔːrnmənt/,The room was filled with beautiful adornments.,The room was filled with beautiful adornment.,部屋は美しい装飾品で満たされていた。,部屋は美しい装飾品で満たされていた。,屈折IPAの原形化 / 例文の原形主語整合化
24925,distill,C2,C2,蒸留する、抽出する、要約する,蒸留する、抽出する、要約する,/dɪˈstɪlz/,/dɪstˈɪl/,The essence of the argument distills down to a single point.,The essence of the argument distill down to a single point.,議論の本質は一つの点に要約される。,議論の本質は一つの点に要約される。,屈折IPAの原形化 / 例文の原形主語整合化
24932,happenstance,C2,C2,偶然,偶然,/ˈhæpəˌnstæns/,/hˈæpənstˌæns/,It was just a happenstance that they met there.,It was just a happenstance that they met there.,彼らがそこで出会ったのは、ただの偶然だった。,彼らがそこで出会ったのは、ただの偶然だった。,屈折IPAの原形化
24938,truism,C2,C2,自明の理,自明の理,/ˈtruːɪzəmz/,/trˈuːɪzəm/,It is a truism that everyone needs water.,It is a truism that everyone needs water.,誰もが水を必要とするというのは自明の理だ。,誰もが水を必要とするというのは自明の理だ。,屈折IPAの原形化
24939,wheeze,C2,C2,ゼーゼーする,ゼーゼーする,/ˈwiːz/,/wˈiːz/,He started to wheeze after running.,He started to wheeze after running.,彼は走った後ゼーゼーし始めた。,彼は走った後ゼーゼーし始めた。,屈折IPAの原形化
24951,bauble,C2,C2,装飾品,装飾品,/ˈbɔbəlz/,/bˈɔːbəl/,She bought some baubles at the market.,She bought some bauble at the market.,彼女は市場でいくつかの装飾品を買った。,私は市場でいくつかの装飾品を買った。,屈折IPAの原形化 / 例文の原形主語整合化
24955,rumination,C2,C2,熟考,熟考,/ˌruːmɪˈneɪʃənz/,/rˌuːmɪnˈeɪʃən/,He spent hours in ruminations.,He spent hours in rumination.,彼は何時間も熟考していた。,私は何時間も熟考していた。,屈折IPAの原形化 / 例文の原形主語整合化
24973,colloid,C2,C2,コロイド,コロイド,/ˈkɑlɔɪdz/,/kˈɑːlɔɪd/,Colloids are mixtures in which small particles are suspended.,colloid are mixtures in which small particles are suspended.,コロイドは小さな粒子が懸濁している混合物です。,コロイドは小さな粒子が懸濁している混合物です。,屈折IPAの原形化 / 例文の原形主語整合化
24981,electrocardiogram,C2,C2,心電図,心電図,/ɪˌlɛktroʊˈkɑrdiəˌɡræmz/,/ɪlˌektroʊkˈɑːrdiːəɡrˌæm/,Electrocardiograms are used to monitor heart activity.,electrocardiogram are used to monitor heart activity.,心電図は心臓の活動を監視するために使用される。,心電図は心臓の活動を監視するために使用される。,屈折IPAの原形化 / 例文の原形主語整合化
25003,phospholipid,C2,C2,リン脂質,リン脂質,/phospholipids/,/phospholipids/,Phospholipids are major components of cell membranes.,phospholipid are major components of cell membranes.,リン脂質は細胞膜の主要な構成要素である。,リン脂質は細胞膜の主要な構成要素である。,例文の原形主語整合化
25004,pleat,C2,C2,プリーツ,プリーツ,/ˈpliːts/,/plˈiːt/,Her skirt had several pleats.,Her skirt had several pleat.,彼女のスカートにはいくつかのプリーツがあった。,彼女のスカートにはいくつかのプリーツがあった。,屈折IPAの原形化 / 例文の原形主語整合化
25011,repressor,C2,C2,抑制因子,抑制因子,/repressors/,/repressors/,Repressors play a crucial role in gene regulation.,repressor play a crucial role in gene regulation.,抑制因子は、遺伝子調節において重要な役割を果たす。,抑制因子は、遺伝子調節において重要な役割を果たす。,例文の原形主語整合化
25037,bacteriophage,C2,C2,バクテリオファージ,バクテリオファージ,/bacteriophage/,/bacteriophage/,Bacteriophages can infect bacteria.,bacteriophage can infect bacteria.,バクテリオファージは細菌に感染することができる。,バクテリオファージは細菌に感染することができる。,例文の原形主語整合化
25042,chide,C2,C2,叱る,叱る,/ˈtʃaɪdz/,/tʃˈaɪd/,She gently chides him for being late.,She gently chide him for being late.,彼女は彼が遅れたことを優しく叱る。,私は彼が遅れたことを優しく叱る。,屈折IPAの原形化 / 例文の原形主語整合化
25043,coffer,C2,C2,金庫,金庫,/ˈkɑfərz/,/kˈɔːfɚ/,The company's coffers were depleted by the financial crisis.,The company's coffer were depleted by the financial crisis.,会社の金庫は金融危機によって枯渇した。,会社の金庫は金融危機によって枯渇した。,屈折IPAの原形化 / 例文の原形主語整合化
25056,intron,C2,C2,イントロン,イントロン,/ˈɪntrənz/,/ˈɪntrən/,Introns are non-coding regions of DNA.,intron are non-coding regions of DNA.,イントロンはDNAの非コード領域である。,イントロンはDNAの非コード領域である。,屈折IPAの原形化 / 例文の原形主語整合化
25067,moralist,C2,C2,道徳家,道徳家,/ˈmɔrəlɪsts/,/mˈɔːrəlɪst/,The moralists criticized the movie for its violence.,The moralist criticized the movie for its violence.,道徳家たちはその映画の暴力的な内容を批判した。,道徳家たちはその映画の暴力的な内容を批判した。,屈折IPAの原形化 / 例文の原形主語整合化
25095,worshiper,C2,C2,礼拝者,礼拝者,/ˈwɜːrʃɪpərz/,/wˈɜːrʃəpɚ/,Worshipers gathered at the temple for the ceremony.,worshiper gathered at the temple for the ceremony.,礼拝者たちは式典のために寺院に集まった。,礼拝者たちは式典のために寺院に集まった。,屈折IPAの原形化 / 例文の原形主語整合化
25114,disburse,C2,C2,支出する,支出する,/dɪˈsbɜːrs/,/dɪsbˈɜːrs/,The funds will be disbursed to the charities at the end of the year.,The funds will be disbursed to the charities at the end of the year.,その資金は年末に慈善団体に支出されます。,その資金は年末に慈善団体に支出されます。,屈折IPAの原形化
25117,environ,C2,C2,周辺,周辺,/ɪˈnvaɪrənz/,/ɪˈnvaɪrənz/,The hotel is located in pleasant environs.,The hotel is located in pleasant environ.,ホテルは快適な周辺に位置しています。,ホテルは快適な周辺に位置しています。,例文の原形主語整合化
25118,epigram,C2,C2,警句、短い風刺,警句、短い風刺,/ˈɛpəˌɡræm/,/ˈɛpəˌɡræm/,His writing was known for its clever epigrams.,His writing was known for its clever epigram.,彼の文章は巧妙な警句で知られていた。,彼の文章は巧妙な警句で知られていた。,例文の原形主語整合化
25128,imitator,C2,C2,模倣者,模倣者,/ˈɪmɪˌteɪtərz/,/ˈɪmətˌeɪtɚ/,Many imitators followed the famous artist's style.,Many imitator followed the famous artist's style.,多くの模倣者がその有名な芸術家のスタイルに続いた。,多くの模倣者がその有名な芸術家のスタイルに続いた。,屈折IPAの原形化 / 例文の原形主語整合化
25137,pervade,C2,C2,浸透する,浸透する,/pərˈveɪdz/,/pɚvˈeɪd/,The smell of coffee pervades the kitchen.,The smell of coffee pervade the kitchen.,コーヒーの香りがキッチンに浸透する。,コーヒーの香りがキッチンに浸透する。,屈折IPAの原形化 / 例文の原形主語整合化
25140,platitude,C2,C2,決まり文句、陳腐な言葉,決まり文句、陳腐な言葉,/ˈplætɪˌtuːdz/,/plˈætɪtˌuːd/,The politician's speech was full of empty platitudes.,The politician's speech was full of empty platitude.,その政治家の演説は空虚な決まり文句でいっぱいだった。,その政治家の演説は空虚な決まり文句でいっぱいだった。,屈折IPAの原形化 / 例文の原形主語整合化
25153,suspender,C2,C2,サスペンダー,サスペンダー,/səˈspɛndərz/,/səspˈendɚ/,He wore suspenders to hold up his pants.,He wore suspender to hold up his pants.,彼はズボンを支えるためにサスペンダーを着用していた。,私はズボンを支えるためにサスペンダーを着用していた。,屈折IPAの原形化 / 例文の原形主語整合化
25164,ascendance,C2,C2,優勢,優勢,/əˈsɛndəns/,/əsˈendəns/,The ascendance of social media has changed how people communicate.,The ascendance of social media has changed how people communicate.,ソーシャルメディアの優勢は、人々のコミュニケーション方法を変えました。,ソーシャルメディアの優勢は、人々のコミュニケーション方法を変えました。,屈折IPAの原形化
25166,baseboard,C2,C2,幅木,幅木,/ˈbeɪˌsbɔrdz/,/bˈeɪsbˌɔːrd/,The baseboards need to be painted.,The baseboard need to be painted.,幅木を塗装する必要があります。,幅木を塗装する必要があります。,屈折IPAの原形化 / 例文の原形主語整合化
25191,parolee,C2,C2,仮釈放者,仮釈放者,/pərˌoʊˈliːz/,/pɚˌoʊlˈiː/,The parolees were required to report to their parole officer.,The parolee were required to report to their parole officer.,仮釈放者は仮釈放担当官に報告することが義務付けられていた。,仮釈放者は仮釈放担当官に報告することが義務付けられていた。,屈折IPAの原形化 / 例文の原形主語整合化
25213,colonizer,C2,C2,植民地支配者,植民地支配者,/ˈkɑləˌnaɪzərz/,/kˈɑːlənˌaɪzɚ/,The colonizers imposed their own laws and customs on the indigenous population.,The colonizer imposed their own laws and customs on the indigenous population.,植民地支配者たちは、先住民に自分たちの法律と習慣を押し付けた。,植民地支配者たちは、先住民に自分たちの法律と習慣を押し付けた。,屈折IPAの原形化 / 例文の原形主語整合化
25214,compositor,C2,C2,組版工,組版工,/compositors/,/compositors/,Compositors arranged the type for printing presses.,compositor arranged the type for printing presses.,組版工は印刷機の活字を配置しました。,組版工は印刷機の活字を配置しました。,例文の原形主語整合化
25219,denizen,C2,C2,住人,住人,/ˈdɛnəzənz/,/dˈenəzən/,The forest was inhabited by various denizens of the animal kingdom.,The forest was inhabited by various denizen of the animal kingdom.,その森には、さまざまな動物界の住人が生息していました。,その森には、さまざまな動物界の住人が生息していました。,屈折IPAの原形化 / 例文の原形主語整合化
25221,drafter,C2,C2,起草者,起草者,/ˈdræftərz/,/drˈæftɚ/,The drafters worked hard to prepare the document.,The drafter worked hard to prepare the document.,起草者たちは文書を作成するために懸命に働いた。,起草者たちは文書を作成するために懸命に働いた。,屈折IPAの原形化 / 例文の原形主語整合化
25225,factoid,C2,C2,つまらない事実、断片的な情報,つまらない事実、断片的な情報,/factoids/,/factoids/,The article was full of factoids rather than real data.,The article was full of factoid rather than real data.,その記事は実際のデータよりも、つまらない事実で溢れていた。,その記事は実際のデータよりも、つまらない事実で溢れていた。,例文の原形主語整合化
25228,gonadotropin,C2,C2,性腺刺激ホルモン,性腺刺激ホルモン,/gonadotropins/,/gonadotropins/,Gonadotropins play a crucial role in reproductive health.,gonadotropin play a crucial role in reproductive health.,性腺刺激ホルモンは生殖の健康において重要な役割を果たす。,性腺刺激ホルモンは生殖の健康において重要な役割を果たす。,例文の原形主語整合化
25231,iconoclast,C2,C2,偶像破壊者,偶像破壊者,/ˌaɪˈkɑnəˌklæsts/,/ˌaɪkˈɑːnəklˌæst/,The iconoclasts challenged traditional views.,The iconoclast challenged traditional views.,偶像破壊者は伝統的な見解に異議を唱えた。,偶像破壊者は伝統的な見解に異議を唱えた。,屈折IPAの原形化 / 例文の原形主語整合化
25233,lactase,C2,C2,ラクターゼ,ラクターゼ,/ˈlæˌkteɪs/,/lˈæktˌeɪs/,Lactase helps break down lactose in the body.,Lactase helps break down lactose in the body.,ラクターゼは体内の乳糖を分解するのを助ける。,ラクターゼは体内の乳糖を分解するのを助ける。,屈折IPAの原形化
25236,milliliter,C2,C2,ミリリットル,ミリリットル,/ˈmɪləˌliːtər/,/ˈmɪləˌliːtər/,The recipe calls for 100 milliliters of milk.,The recipe calls for 100 milliliter of milk.,レシピは100ミリリットルの牛乳を必要としている。,レシピは100ミリリットルの牛乳を必要としている。,例文の原形主語整合化
25237,miscreant,C2,C2,悪党,悪党,/ˈmɪskriənts/,/mˈɪskriːənt/,The police apprehended the miscreants.,The police apprehended the miscreant.,警察は悪党を逮捕した。,警察は悪党を逮捕した。,屈折IPAの原形化 / 例文の原形主語整合化
25241,percolate,C2,C2,浸透する,浸透する,/ˈpɜːrkəˌleɪtz/,/pˈɜːrkəlˌeɪt/,The coffee percolates through the filter to produce a rich brew.,The coffee percolate through the filter to produce a rich brew.,コーヒーはフィルターを通して浸透し、濃厚な醸造を生み出します。,コーヒーはフィルターを通して浸透し、濃厚な醸造を生み出します。,屈折IPAの原形化 / 例文の原形主語整合化
25267,convulsion,C2,C2,痙攣,痙攣,/kəˈnvʌlʃənz/,/kənvˈʌlʃən/,The patient experienced severe convulsions.,The patient experienced severe convulsion.,患者は重度の痙攣を経験した。,患者は重度の痙攣を経験した。,屈折IPAの原形化 / 例文の原形主語整合化
25282,institutionalize,C2,C2,制度化する,制度化する,/ˌɪnstɪˈtuːʃənəlaɪz/,/ˌɪnstɪtˈuːʃənəlaɪz/,The new policy was institutionalized to ensure consistent implementation.,The new policy was institutionalized to ensure consistent implementation.,新しいポリシーは、一貫した実装を確保するために制度化された。,新しいポリシーは、一貫した実装を確保するために制度化された。,屈折IPAの原形化
25301,portend,C2,C2,前兆となる,前兆となる,/pɔˈrtɛndz/,/pɔːrtˈend/,The dark clouds portend a storm.,The dark clouds portend a storm.,暗い雲は嵐の前兆となる。,暗い雲は嵐の前兆となる。,屈折IPAの原形化
25304,proofreader,C2,C2,校正者,校正者,/proofreaders/,/proofreaders/,The proofreaders corrected all the spelling and grammatical errors.,The proofreader corrected all the spelling and grammatical errors.,校正者はすべてのスペルと文法の間違いを修正した。,校正者はすべてのスペルと文法の間違いを修正した。,例文の原形主語整合化
25322,abstruse,C2,C2,難解な,難解な,/əˈbstruːs/,/əbstrˈuːs/,The philosopher's ideas were abstruse and difficult to understand.,The philosopher's ideas were abstruse and difficult to understand.,哲学者たちの考えは難解で理解するのが難しかった。,哲学者たちの考えは難解で理解するのが難しかった。,屈折IPAの原形化
25333,democratize,C2,C2,民主化する,民主化する,/dɪˈmɑkrəˌtaɪz/,/dɪmˈɑːkrətˌaɪz/,The internet has helped to democratize information.,The internet has helped to democratize information.,インターネットは情報の民主化を助けた。,インターネットは情報の民主化を助けた。,屈折IPAの原形化
25334,depositor,C2,C2,預金者,預金者,/dəˈpɑzɪtərz/,/dəpˈɑːzɪtɚ/,The bank serves many depositors.,The bank serves many depositor.,その銀行は多くの預金者にサービスを提供している。,その銀行は多くの預金者にサービスを提供している。,屈折IPAの原形化 / 例文の原形主語整合化
25343,lout,C2,C2,粗野な人,粗野な人,/ˈlaʊts/,/lˈaʊt/,The louts were being disruptive in the public park.,The lout were being disruptive in the public park.,その粗野な人々は公共の公園で騒ぎ立てていた。,その粗野な人々は公共の公園で騒ぎ立てていた。,屈折IPAの原形化 / 例文の原形主語整合化
25367,antimalarial,C2,C2,抗マラリア剤,抗マラリア剤,/antimalarials/,/antimalarials/,Antimalarials are used to treat and prevent malaria.,antimalarial are used to treat and prevent malaria.,抗マラリア剤はマラリアの治療と予防に使用される。,抗マラリア剤はマラリアの治療と予防に使用される。,例文の原形主語整合化
25371,belligerence,C2,C2,"好戦性, 敵意","好戦性, 敵意",/bəˈlɪdʒərəns/,/bəlˈɪdʒɚəns/,His belligerence was clearly evident.,His belligerence was clearly evident.,彼の好戦性は明らかに明白だった。,彼の好戦性は明らかに明白だった。,屈折IPAの原形化
25375,boule,C2,C2,ブール,ブール,/ˈbuːlz/,/bˈuːl/,They played boules in the park.,They played boule in the park.,彼らは公園でブールを遊んだ。,彼らは公園でブールを遊んだ。,屈折IPAの原形化 / 例文の原形主語整合化
25385,floodlight,C2,C2,投光照明,投光照明,/ˈflʌˌdlaɪts/,/flˈʌdlˌaɪt/,The stadium was lit by floodlights.,The stadium was lit by floodlight.,スタジアムは投光照明で照らされていた。,スタジアムは投光照明で照らされていた。,屈折IPAの原形化 / 例文の原形主語整合化
25389,framer,C2,C2,立案者,立案者,/ˈfreɪmərz/,/frˈeɪmɚ/,The framers of the Constitution sought to create a strong government.,The framer of the Constitution sought to create a strong government.,憲法の立案者は強力な政府を創造しようとした。,憲法の立案者は強力な政府を創造しようとした。,屈折IPAの原形化 / 例文の原形主語整合化
25397,inducer,C2,C2,誘導物質,誘導物質,/inducers/,/inducers/,Some chemicals are inducers of specific enzymes.,Some chemicals are inducer of specific enzymes.,特定の化学物質は特定の酵素の誘導物質である。,特定の化学物質は特定の酵素の誘導物質である。,例文の原形主語整合化
25399,jotting,C2,C2,走り書き,走り書き,/jottings/,/jottings/,She had many jottings in her notebook from the meeting.,She had many jotting in her notebook from the meeting.,彼女は会議での多くの走り書きをノートに書き留めていた。,私は会議での多くの走り書きをノートに書き留めていた。,例文の原形主語整合化
25408,poinsettia,C2,C2,ポインセチア,ポインセチア,/pɔɪˈnsɛtiəz/,/pɔɪnsˈetiːə/,Poinsettias are popular Christmas decorations.,poinsettia are popular Christmas decorations.,ポインセチアは人気のクリスマスデコレーションである。,ポインセチアは人気のクリスマスデコレーションである。,屈折IPAの原形化 / 例文の原形主語整合化
25409,preeminence,C2,C2,卓越,卓越,/priˈɛmənəns/,/priːˈemənəns/,His preeminence in the field was widely acknowledged.,His preeminence in the field was widely acknowledged.,彼の分野における卓越性は広く認められていた。,彼の分野における卓越性は広く認められていた。,屈折IPAの原形化
25416,tapa,C2,C2,タパス,タパス,/ˈtʌpəs/,/ˈtʌpəs/,We enjoyed a variety of tapas at the Spanish restaurant.,We enjoyed a variety of tapa at the Spanish restaurant.,私たちはスペイン料理店で様々なタパスを楽しんだ。,私たちはスペイン料理店で様々なタパスを楽しんだ。,例文の原形主語整合化
25421,ablution,C2,C2,沐浴,沐浴,/ablutions/,/ablutions/,He performed his ablutions before entering the temple.,He performed his ablution before entering the temple.,彼は寺院に入る前に沐浴を行いました。,私は寺院に入る前に沐浴を行いました。,例文の原形主語整合化
25424,assail,C2,C2,襲いかかる,襲いかかる,/əˈseɪlz/,/əsˈeɪl/,The storm assails the coastline.,The storm assail the coastline.,嵐が海岸線に襲いかかる。,嵐が海岸線に襲いかかる。,屈折IPAの原形化 / 例文の原形主語整合化
25426,businessperson,C2,C2,ビジネスパーソン、実業家,ビジネスパーソン、実業家,/ˈbɪznəˈspɜːrsənz/,/bˈɪznəspˈɜːrsən/,The conference is mainly for businesspersons from different industries.,The conference is mainly for businessperson from different industries.,会議は主にさまざまな業界の実業家を対象としている。,会議は主にさまざまな業界の実業家を対象としている。,屈折IPAの原形化 / 例文の原形主語整合化
25433,discotheque,C2,C2,ディスコ,ディスコ,/ˈdɪskoʊˌtɛkz/,/dˈɪskoʊtˌek/,They went to discotheques every weekend.,They went to discotheque every weekend.,彼らは毎週末ディスコに行った。,彼らは毎週末ディスコに行った。,屈折IPAの原形化 / 例文の原形主語整合化
25435,dyne,C2,C2,ダイン,ダイン,/ˈdaɪnz/,/ˈdaɪnz/,The force was measured in dynes per square centimeter.,The force was measured in dyne per square centimeter.,力は平方センチメートルあたりのダインで測定されました。,力は平方センチメートルあたりのダインで測定されました。,例文の原形主語整合化
25446,indexer,C2,C2,索引作成者,索引作成者,/ˈɪˌndɛksərz/,/ˈɪndˌeksɚ/,The indexers carefully organized the book's content.,The indexer carefully organized the book's content.,索引作成者は本のコンテンツを注意深く整理した。,索引作成者は本のコンテンツを注意深く整理した。,屈折IPAの原形化 / 例文の原形主語整合化
25449,longhouse,C2,C2,長屋,長屋,/ˈlɔŋˌhaʊs/,/lˈɔːŋhˌaʊs/,The longhouse was a traditional communal dwelling.,The longhouse was a traditional communal dwelling.,長屋は伝統的な共同住宅だった。,長屋は伝統的な共同住宅だった。,屈折IPAの原形化
25460,plasmon,C2,C2,プラズモン,プラズモン,/plasmon/,/plasmon/,Plasmons are collective oscillations of electrons in a metal.,plasmon are collective oscillations of electrons in a metal.,プラズモンは金属中の電子の集団振動である。,プラズモンは金属中の電子の集団振動である。,例文の原形主語整合化
25462,preconception,C2,C2,先入観,先入観,/prikəˈnsɛpʃənz/,/priːkənsˈepʃən/,We need to approach the problem without any preconceptions.,We need to approach the problem without any preconception.,先入観なしに問題に取り組む必要がある。,先入観なしに問題に取り組む必要がある。,屈折IPAの原形化 / 例文の原形主語整合化
25478,anticonvulsant,C2,C2,抗けいれん薬,抗けいれん薬,/anticonvulsants/,/anticonvulsants/,Anticonvulsants are used to prevent or control seizures.,anticonvulsant are used to prevent or control seizures.,抗けいれん薬は、発作を予防または制御するために使用されます。,抗けいれん薬は、発作を予防または制御するために使用されます。,例文の原形主語整合化
25484,diatom,C2,C2,珪藻,珪藻,/diatom/,/diatom/,Diatoms are a type of algae.,diatom are a type of algae.,珪藻は藻類の一種です。,珪藻は藻類の一種です。,例文の原形主語整合化
25489,erythrocyte,C2,C2,赤血球,赤血球,/erythrocyte/,/erythrocyte/,Erythrocytes carry oxygen throughout the body.,erythrocyte carry oxygen throughout the body.,赤血球は全身に酸素を運びます。,赤血球は全身に酸素を運びます。,例文の原形主語整合化
25506,operon,C2,C2,オペロン,オペロン,/operons/,/operons/,Operons are a common feature of bacterial genomes.,operon are a common feature of bacterial genomes.,オペロンは細菌ゲノムの一般的な特徴です。,オペロンは細菌ゲノムの一般的な特徴です。,例文の原形主語整合化
25510,plagiarize,C2,C2,盗用する,盗用する,/ˈpleɪdʒərˌaɪz/,/plˈeɪdʒɚˌaɪz/,He was accused of plagiarizing another author's work.,He was accused of plagiarizing another author's work.,彼は別の著者の作品を盗用したと非難された。,彼は別の著者の作品を盗用したと非難された。,屈折IPAの原形化
25511,prescience,C2,C2,予知能力,予知能力,/ˈpriːʃiəns/,/prˈiːʃiːəns/,His prescience about future events was remarkable.,His prescience about future events was remarkable.,彼の将来の出来事に関する予知能力は驚くべきものだった。,彼の将来の出来事に関する予知能力は驚くべきものだった。,屈折IPAの原形化
25521,terabyte,C2,C2,テラバイト,テラバイト,/ˌtɛrəˈbaɪts/,/ˌtɛrəˈbaɪts/,The server has terabytes of storage space.,The server has terabyte of storage space.,そのサーバーにはテラバイトのストレージ容量がある。,そのサーバーにはテラバイトのストレージ容量がある。,例文の原形主語整合化
25523,trivialize,C2,C2,軽視する、矮小化する,軽視する、矮小化する,/ˈtrɪviəˌlaɪz/,/trˈɪviːəlˌaɪz/,Don't trivialize the problem; it's serious.,Don't trivialize the problem; it's serious.,その問題を軽視しないでください。それは深刻です。,その問題を軽視しないでください。それは深刻です。,屈折IPAの原形化
25531,behoove,C2,C2,～するべきである,～するべきである,/bɪˈhuːvz/,/bɪhˈuːv/,It behooves us to consider all possible consequences.,It behoove us to consider all possible consequences.,我々は、起こりうるすべての結果を考慮するべきである。,我々は、起こりうるすべての結果を考慮するべきである。,屈折IPAの原形化 / 例文の原形主語整合化
25532,boater,C2,C2,ボートに乗る人,ボートに乗る人,/ˈboʊtərz/,/ˈboʊtərz/,The lake was full of boaters on the weekend.,The lake was full of boater on the weekend.,週末には湖はボートに乗る人でいっぱいだった。,週末には湖はボートに乗る人でいっぱいだった。,例文の原形主語整合化
25555,scad,C2,C2,大量,大量,/ˈskædz/,/skˈæd/,He has scads of books in his library.,He has scad of books in his library.,彼は図書館に大量の本を持っています。,私は図書館に大量の本を持っています。,屈折IPAの原形化 / 例文の原形主語整合化
25570,chemokine,C2,C2,ケモカイン,ケモカイン,/chemokine/,/chemokine/,Chemokines are involved in immune cell migration.,chemokine are involved in immune cell migration.,ケモカインは免疫細胞の移動に関与する。,ケモカインは免疫細胞の移動に関与する。,例文の原形主語整合化
25603,rioter,C2,C2,暴徒,暴徒,/ˈraɪətərz/,/rˈaɪətɚ/,The rioters clashed with police.,The rioter clashed with police.,暴徒は警察と衝突した。,暴徒は警察と衝突した。,屈折IPAの原形化 / 例文の原形主語整合化
25609,subdomain,C2,C2,サブドメイン,サブドメイン,/subdomain/,/subdomain/,The protein is composed of several distinct subdomains.,The protein is composed of several distinct subdomain.,そのタンパク質はいくつかの異なるサブドメインで構成されている。,そのタンパク質はいくつかの異なるサブドメインで構成されている。,例文の原形主語整合化
25614,warplane,C2,C2,軍用機,軍用機,/ˈwɔˌrpleɪnz/,/wˈɔːrplˌeɪn/,The warplanes flew over the city.,The warplane flew over the city.,軍用機が街の上空を飛びました。,軍用機が街の上空を飛びました。,屈折IPAの原形化 / 例文の原形主語整合化
25618,befit,C2,C2,ふさわしい,ふさわしい,/bɪˈfɪts/,/bɪfˈɪt/,"Such behavior befits a child, not an adult.","Such behavior befit a child, not an adult.",そのような行動は大人ではなく子供にふさわしい。,そのような行動は大人ではなく子供にふさわしい。,屈折IPAの原形化 / 例文の原形主語整合化
25627,decarboxylase,C2,C2,脱炭酸酵素,脱炭酸酵素,/decarboxylase/,/decarboxylase/,Decarboxylases catalyze the removal of carboxyl groups.,decarboxylase catalyze the removal of carboxyl groups.,脱炭酸酵素はカルボキシル基の除去を触媒します。,脱炭酸酵素はカルボキシル基の除去を触媒します。,例文の原形主語整合化
25632,doubter,C2,C2,疑う人,疑う人,/ˈdaʊtərz/,/dˈaʊtɚ/,The doubters were proven wrong.,The doubter were proven wrong.,疑う人たちは間違っていると証明された。,疑う人たちは間違っていると証明された。,屈折IPAの原形化 / 例文の原形主語整合化
25641,monocyte,C2,C2,単球,単球,/monocyte/,/monocyte/,Monocytes are a type of white blood cell that plays a role in immunity.,monocyte are a type of white blood cell that plays a role in immunity.,単球は、免疫において役割を果たす白血球の一種である。,単球は、免疫において役割を果たす白血球の一種である。,例文の原形主語整合化
25651,seafarer,C2,C2,船乗り,船乗り,/ˈsiːˌfɛrərz/,/sˈiːfˌerɚ/,Seafarers often face dangerous conditions.,seafarer often face dangerous conditions.,船乗りはしばしば危険な状況に直面する。,船乗りはしばしば危険な状況に直面する。,屈折IPAの原形化 / 例文の原形主語整合化
25652,sensitize,C2,C2,敏感にする,敏感にする,/ˈsɛnsəˌtaɪz/,/sˈensətˌaɪz/,The documentary sensitized the public to the issue.,The documentary sensitized the public to the issue.,そのドキュメンタリーは、大衆をその問題に対して敏感にした。,そのドキュメンタリーは、大衆をその問題に対して敏感にした。,屈折IPAの原形化
25656,sterol,C2,C2,ステロール,ステロール,/sterols/,/sterols/,Sterols are important components of cell membranes.,sterol are important components of cell membranes.,ステロールは細胞膜の重要な構成要素です。,ステロールは細胞膜の重要な構成要素です。,例文の原形主語整合化
25659,teem,C2,C2,たくさんいる、豊富である,たくさんいる、豊富である,/ˈtiːm/,/ˈtiːm/,The river teems with fish.,The river teem with fish.,その川には魚がたくさんいる。,その川には魚がたくさんいる。,例文の原形主語整合化
25662,tubule,C2,C2,細管,細管,/ˈtuːbjul/,/ˈtuːbjul/,The kidney is full of tiny tubules.,The kidney is full of tiny tubule.,腎臓は小さな細管でいっぱいだ。,腎臓は小さな細管でいっぱいだ。,例文の原形主語整合化
25694,hysteric,C2,C2,ヒステリー、大騒ぎ,ヒステリー、大騒ぎ,/ˌhɪˈstɛrɪks/,/hˌɪstˈerɪk/,Her reaction bordered on hysterics when she heard the news.,Her reaction bordered on hysteric when she heard the news.,彼女の反応は、その知らせを聞いたとき、ヒステリーに近いものだった。,彼女の反応は、その知らせを聞いたとき、ヒステリーに近いものだった。,屈折IPAの原形化 / 例文の原形主語整合化
25695,immunize,C2,C2,免疫をつける,免疫をつける,/ˈɪmjuˌnaɪz/,/ˈɪmjuːnˌaɪz/,They are working on ways to immunize people against the disease.,They are working on ways to immunize people against the disease.,彼らは、人々をその病気から免疫化する方法を研究している。,彼らは、人々をその病気から免疫化する方法を研究している。,屈折IPAの原形化
25706,pushup,C2,C2,腕立て伏せ,腕立て伏せ,/ˈpʊˌʃʌps/,/pˈʊʃˌʌp/,He does pushups every morning.,He does pushup every morning.,彼は毎朝腕立て伏せをします。,私は毎朝腕立て伏せをします。,屈折IPAの原形化 / 例文の原形主語整合化
25715,trekker,C2,C2,トレッカー,トレッカー,/trekkers/,/trekkers/,The trekkers climbed up the mountain path.,The trekker climbed up the mountain path.,トレッカーたちは山道を登った。,トレッカーたちは山道を登った。,例文の原形主語整合化
25739,karyotype,C2,C2,核型,核型,/karyotypes/,/karyotypes/,The karyotypes showed an abnormality in the chromosomes.,The karyotype showed an abnormality in the chromosomes.,核型は染色体の異常を示した。,核型は染色体の異常を示した。,例文の原形主語整合化
25741,maltose,C2,C2,マルトース,マルトース,/ˈmɔltoʊs/,/mˈɔːltoʊs/,Maltose is a disaccharide formed from two glucose molecules.,Maltose is a disaccharide formed from two glucose molecules.,マルトースは、2つのグルコース分子から形成される二糖である。,マルトースは、2つのグルコース分子から形成される二糖である。,屈折IPAの原形化
25748,outsize,C2,C2,巨大な,巨大な,/ˈaʊˌtsaɪz/,/ˈaʊtsˌaɪz/,The building had an outsize entrance.,The building had an outsize entrance.,その建物には巨大な入り口があった。,その建物には巨大な入り口があった。,屈折IPAの原形化
25752,proteome,C2,C2,プロテオーム,プロテオーム,/proteomes/,/proteomes/,The study analyzed the proteomes of different cell types.,The study analyzed the proteome of different cell types.,その研究では、異なる細胞型のプロテオームを分析した。,その研究では、異なる細胞型のプロテオームを分析した。,例文の原形主語整合化
25753,reemergence,C2,C2,再出現,再出現,/riɪˈmɜːrdʒəns/,/riːɪmˈɜːrdʒəns/,The reemergence of the disease caused concern among health officials.,The reemergence of the disease caused concern among health officials.,その病気の再出現は、保健当局者の間で懸念を引き起こしました。,その病気の再出現は、保健当局者の間で懸念を引き起こしました。,屈折IPAの原形化
25755,serotype,C2,C2,血清型,血清型,/serotype/,/serotype/,The vaccine protects against multiple serotypes.,The vaccine protects against multiple serotype.,そのワクチンは複数の血清型に対して保護する。,そのワクチンは複数の血清型に対して保護する。,例文の原形主語整合化
25778,epitomize,C2,C2,典型を示す,典型を示す,/ɪˈpɪtəˌmaɪz/,/ɪpˈɪtəmˌaɪz/,The painting epitomizes the style of the era.,The painting epitomize the style of the era.,その絵画は、その時代のスタイルを典型的に示している。,その絵画は、その時代のスタイルを典型的に示している。,屈折IPAの原形化 / 例文の原形主語整合化
25784,hepatocyte,C2,C2,肝細胞,肝細胞,/hepatocyte/,/hepatocyte/,Hepatocytes are the main functional cells of the liver.,hepatocyte are the main functional cells of the liver.,肝細胞は肝臓の主要な機能細胞である。,肝細胞は肝臓の主要な機能細胞である。,例文の原形主語整合化
25786,interrelationship,C2,C2,相互関係,相互関係,/ˈɪntərriˈleɪʃənʃɪps/,/ˈɪntɚriːlˈeɪʃənʃɪp/,The study of interrelationships between organisms is central to ecology.,The study of interrelationship between organisms is central to ecology.,生物間の相互関係の研究は生態学の中心です。,生物間の相互関係の研究は生態学の中心です。,屈折IPAの原形化 / 例文の原形主語整合化
25787,lactam,C2,C2,ラクタム,ラクタム,/lactam/,/lactam/,Lactams are cyclic amides.,lactam are cyclic amides.,ラクタムは環状アミドです。,ラクタムは環状アミドです。,例文の原形主語整合化
25799,perforce,C2,C2,必然的に,必然的に,/pərˈfɔrs/,/pɚfˈɔːrs/,They had to leave the area perforce due to the storm.,They had to leave the area perforce due to the storm.,彼らは嵐のために必然的にその地域を離れなければならなかった。,彼らは嵐のために必然的にその地域を離れなければならなかった。,屈折IPAの原形化
25808,scalper,C2,C2,ダフ屋,ダフ屋,/ˈskælpərz/,/skˈælpɚ/,The scalpers were selling tickets at inflated prices.,The scalper were selling tickets at inflated prices.,ダフ屋はチケットを高値で売っていた。,ダフ屋はチケットを高値で売っていた。,屈折IPAの原形化 / 例文の原形主語整合化
25818,umlaut,C2,C2,ウムラウト,ウムラウト,/umlauts/,/umlauts/,The German language uses umlauts in some words.,The German language uses umlaut in some words.,ドイツ語では、一部の単語にウムラウトが使用される。,ドイツ語では、一部の単語にウムラウトが使用される。,例文の原形主語整合化
25819,undergarment,C2,C2,下着,下着,/ˈʌndərˌɡɑrmənts/,/ˈʌndɚɡˌɑːrmənt/,She was picking out some new undergarments.,She was picking out some new undergarment.,彼女は新しい下着をいくつか選んでいました。,私は新しい下着をいくつか選んでいました。,屈折IPAの原形化 / 例文の原形主語整合化
25836,diskette,C2,C2,フロッピーディスク,フロッピーディスク,/dɪˈskɛts/,/dɪskˈet/,He still has some old diskettes with his data on them.,He still has some old diskette with his data on them.,彼はまだ自分のデータが入った古いフロッピーディスクをいくつか持っている。,私はまだ自分のデータが入った古いフロッピーディスクをいくつか持っている。,屈折IPAの原形化 / 例文の原形主語整合化
25853,looter,C2,C2,略奪者、盗賊,略奪者、盗賊,/ˈluːtərz/,/lˈuːtɚ/,The looters were arrested after the riot.,The looter were arrested after the riot.,暴動後、略奪者たちは逮捕された。,暴動後、略奪者たちは逮捕された。,屈折IPAの原形化 / 例文の原形主語整合化
25865,primula,C2,C2,プリムラ,プリムラ,/primula/,/primula/,Primulas are beautiful flowering plants.,primula are beautiful flowering plants.,プリムラは美しい開花植物である。,プリムラは美しい開花植物である。,例文の原形主語整合化
25867,proselytize,C2,C2,改宗を勧める,改宗を勧める,/ˈprɑsələˌtaɪz/,/prˈɑːsələtˌaɪz/,He tried to proselytize his colleagues into his political beliefs.,He tried to proselytize his colleagues into his political beliefs.,彼は同僚に自分の政治的信念を改宗させようとした。,彼は同僚に自分の政治的信念を改宗させようとした。,屈折IPAの原形化
25876,toxicologist,C2,C2,毒物学者,毒物学者,/ˌtɑksɪˈkɑlədʒɪsts/,/tˌɑːksɪkˈɑːlədʒɪst/,The toxicologists analyzed the samples.,The toxicologist analyzed the samples.,毒物学者たちはサンプルを分析した。,毒物学者たちはサンプルを分析した。,屈折IPAの原形化 / 例文の原形主語整合化
25888,adduct,C2,C2,付加体,付加体,/ˈædəkts/,/ˈædəkt/,DNA adducts can lead to mutations.,DNA adduct can lead to mutations.,DNA付加体は突然変異を引き起こす可能性がある。,DNA付加体は突然変異を引き起こす可能性がある。,屈折IPAの原形化 / 例文の原形主語整合化
25908,flavonoid,C2,C2,フラボノイド,フラボノイド,/flavonoids/,/flavonoids/,Flavonoids are found in many fruits and vegetables.,flavonoid are found in many fruits and vegetables.,フラボノイドは多くの果物や野菜に含まれています。,フラボノイドは多くの果物や野菜に含まれています。,例文の原形主語整合化
25934,pornographer,C2,C2,ポルノ制作者,ポルノ制作者,/ˌpɔˈrnɑɡrəfərz/,/pˌɔːrnˈɑːɡrəfɚ/,Pornographers exploit people for profit.,pornographer exploit people for profit.,ポルノ制作者は利益のために人々を利用する。,ポルノ制作者は利益のために人々を利用する。,屈折IPAの原形化 / 例文の原形主語整合化
25942,stricture,C2,C2,狭窄,狭窄,/ˈstrɪktʃərz/,/strˈɪktʃɚ/,Strictures in the esophagus can cause difficulty swallowing.,stricture in the esophagus can cause difficulty swallowing.,食道の狭窄は、嚥下困難を引き起こす可能性があります。,食道の狭窄は、嚥下困難を引き起こす可能性があります。,屈折IPAの原形化 / 例文の原形主語整合化
25950,trounce,C2,C2,打ち負かす,打ち負かす,/ˈtraʊns/,/trˈaʊns/,Our team trounced the opposition in the final game.,Our team trounced the opposition in the final game.,私たちのチームは決勝戦で相手を打ち負かした。,私たちのチームは決勝戦で相手を打ち負かした。,屈折IPAの原形化
25954,apolipoprotein,C2,C2,アポリポタンパク質,アポリポタンパク質,/apolipoprotein/,/apolipoprotein/,Apolipoproteins are involved in lipid transport.,apolipoprotein are involved in lipid transport.,アポリポタンパク質は脂質の輸送に関与しています。,アポリポタンパク質は脂質の輸送に関与しています。,例文の原形主語整合化
25961,contortion,C2,C2,ねじれ、ゆがみ,ねじれ、ゆがみ,/kəˈntɔrʃənz/,/kəntˈɔːrʃən/,His face was in contortions of pain.,His face was in contortion of pain.,彼の顔は苦痛でゆがんでいた。,彼の顔は苦痛でゆがんでいた。,屈折IPAの原形化 / 例文の原形主語整合化
25963,dendrite,C2,C2,樹状突起,樹状突起,/dendrite/,/dendrite/,Dendrites are branching extensions of a nerve cell.,dendrite are branching extensions of a nerve cell.,樹状突起は神経細胞の分枝した突起である。,樹状突起は神経細胞の分枝した突起である。,例文の原形主語整合化
25967,forefather,C2,C2,先祖,先祖,/ˈfɔˌrfɑðərz/,/fˈɔːrfˌɑːðɚ/,We must learn from our forefathers' mistakes.,We must learn from our forefather' mistakes.,私たちは先祖の過ちから学ばなければならない。,私たちは先祖の過ちから学ばなければならない。,屈折IPAの原形化 / 例文の原形主語整合化
25969,granuloma,C2,C2,肉芽腫,肉芽腫,/granulomas/,/granulomas/,Granulomas are collections of immune cells forming in response to infection or inflammation.,granuloma are collections of immune cells forming in response to infection or inflammation.,肉芽腫は、感染や炎症に反応して形成される免疫細胞の集合体である。,肉芽腫は、感染や炎症に反応して形成される免疫細胞の集合体である。,例文の原形主語整合化
25970,guffaw,C2,C2,げらげら笑う,げらげら笑う,/ɡəˈfɔz/,/ɡəfˈɔː/,They greeted him with guffaws of laughter.,They greeted him with guffaw of laughter.,彼らはげらげら笑って彼を迎えた。,彼らはげらげら笑って彼を迎えた。,屈折IPAの原形化 / 例文の原形主語整合化
25971,guzzler,C2,C2,大食漢,大食漢,/ˈɡʌzələrz/,/ɡˈʌzlɚ/,He is a guzzler of beer.,He is a guzzler of beer.,彼はビールの大食漢だ。,彼はビールの大食漢だ。,屈折IPAの原形化
25973,immunoassay,C2,C2,免疫アッセイ,免疫アッセイ,/immunoassays/,/immunoassays/,Immunoassays are used to detect specific proteins.,immunoassay are used to detect specific proteins.,免疫アッセイは特定のタンパク質を検出するために使用される。,免疫アッセイは特定のタンパク質を検出するために使用される。,例文の原形主語整合化
25984,retinoid,C2,C2,レチノイド,レチノイド,/ˈrɛtɪnɔɪd/,/ˈrɛtɪnɔɪd/,Retinoids are important for cell growth and differentiation.,retinoid are important for cell growth and differentiation.,レチノイドは細胞の成長と分化に重要である。,レチノイドは細胞の成長と分化に重要である。,例文の原形主語整合化
25992,sulfonate,C2,C2,スルホン酸塩,スルホン酸塩,/sulfonates/,/sulfonates/,Sulfonates are used in detergents.,sulfonate are used in detergents.,スルホン酸塩は洗剤に使用される。,スルホン酸塩は洗剤に使用される。,例文の原形主語整合化
25999,bather,C2,C2,入浴者,入浴者,/ˈbeɪðərz/,/bˈeɪðɚ/,The bathers enjoyed the warm water.,The bather enjoyed the warm water.,入浴者たちは温かい水を楽しみました。,入浴者たちは温かい水を楽しみました。,屈折IPAの原形化 / 例文の原形主語整合化
26002,comicbook,C2,C2,漫画本,漫画本,/comicbook/,/comicbook/,I love reading comicbooks.,I love reading comicbook.,私は漫画本を読むのが大好きです。,私は漫画本を読むのが大好きです。,例文の原形主語整合化
26007,decrement,C2,C2,減少、減退,減少、減退,/decrements/,/decrements/,There were decrements in sales this quarter.,There were decrement in sales this quarter.,今四半期は売上が減少した。,今四半期は売上が減少した。,例文の原形主語整合化
26012,economize,C2,C2,節約する,節約する,/ɪˈkɑnəˌmaɪz/,/ɪkˈɑːnəmˌaɪz/,We need to economize on our household expenses.,We need to economize on our household expenses.,私たちは家計の支出を節約する必要がある。,私たちは家計の支出を節約する必要がある。,屈折IPAの原形化
26014,floodgate,C2,C2,水門,水門,/ˈflʌˌdɡeɪts/,/flˈʌdɡˌeɪt/,The news report opened the floodgates of criticism.,The news report opened the floodgate of criticism.,そのニュース報道は批判の口火を切った。,そのニュース報道は批判の口火を切った。,屈折IPAの原形化 / 例文の原形主語整合化
26017,mitogen,C2,C2,有糸分裂促進因子,有糸分裂促進因子,/mitogens/,/mitogens/,Mitogens stimulate cell division.,mitogen stimulate cell division.,有糸分裂促進因子は細胞分裂を刺激する。,有糸分裂促進因子は細胞分裂を刺激する。,例文の原形主語整合化
26018,nuclease,C2,C2,ヌクレアーゼ,ヌクレアーゼ,/nucleases/,/nucleases/,Nucleases are enzymes that cleave nucleic acids.,nuclease are enzymes that cleave nucleic acids.,ヌクレアーゼは、核酸を切断する酵素です。,ヌクレアーゼは、核酸を切断する酵素です。,例文の原形主語整合化
26055,methyltransferase,C2,C2,メチルトランスフェラーゼ,メチルトランスフェラーゼ,/methyltransferase/,/methyltransferase/,Methyltransferases are enzymes that add methyl groups.,methyltransferase are enzymes that add methyl groups.,メチルトランスフェラーゼはメチル基を付加する酵素である。,メチルトランスフェラーゼはメチル基を付加する酵素である。,例文の原形主語整合化
26073,demographer,C2,C2,人口統計学者,人口統計学者,/dɪˈmɑɡrəfərz/,/dɪmˈɑːɡrəfɚ/,Demographers study population trends and characteristics.,demographer study population trends and characteristics.,人口統計学者は、人口の動向と特徴を研究します。,人口統計学者は、人口の動向と特徴を研究します。,屈折IPAの原形化 / 例文の原形主語整合化
26074,dismutase,C2,C2,ジスムターゼ,ジスムターゼ,/ˌdɪsmjuˈteɪz/,/dˌɪsmjuːtˈeɪz/,Superoxide dismutase is an enzyme that protects cells from oxidative damage.,Superoxide dismutase is an enzyme that protects cells from oxidative damage.,スーパーオキシドジスムターゼは、細胞を酸化損傷から保護する酵素です。,スーパーオキシドジスムターゼは、細胞を酸化損傷から保護する酵素です。,屈折IPAの原形化
26075,dugong,C2,C2,ジュゴン,ジュゴン,/dugong/,/dugong/,Dugongs are marine mammals that live in coastal waters.,dugong are marine mammals that live in coastal waters.,ジュゴンは沿岸海域に生息する海洋哺乳類である。,ジュゴンは沿岸海域に生息する海洋哺乳類である。,例文の原形主語整合化
26076,endonuclease,C2,C2,エンドヌクレアーゼ,エンドヌクレアーゼ,/endonucleases/,/endonucleases/,Endonucleases can cut DNA within the strand.,endonuclease can cut DNA within the strand.,エンドヌクレアーゼは鎖内のDNAを切断することができる。,エンドヌクレアーゼは鎖内のDNAを切断することができる。,例文の原形主語整合化
26077,evince,C2,C2,示す,示す,/ɪˈvɪnsz/,/ɪvˈɪns/,His reaction evinces a lack of interest.,His reaction evince a lack of interest.,彼の反応は関心の欠如を示している。,彼の反応は関心の欠如を示している。,屈折IPAの原形化 / 例文の原形主語整合化
26079,farmworker,C2,C2,農業労働者,農業労働者,/ˈfɑˌrmwɜːrkər/,/ˈfɑˌrmwɜːrkər/,Farmworkers work very hard.,farmworker work very hard.,農業労働者はとてもよく働きます。,農業労働者はとてもよく働きます。,例文の原形主語整合化
26081,gamete,C2,C2,配偶子,配偶子,/ˈɡæmitz/,/ɡˈæmiːt/,Gametes are reproductive cells involved in sexual reproduction.,gamete are reproductive cells involved in sexual reproduction.,配偶子は、有性生殖に関与する生殖細胞である。,配偶子は、有性生殖に関与する生殖細胞である。,屈折IPAの原形化 / 例文の原形主語整合化
26084,hieroglyph,C2,C2,象形文字,象形文字,/ˌhaɪroʊˈɡlɪfs/,/hˌaɪroʊɡlˈɪf/,The ancient Egyptians used hieroglyphs for writing.,The ancient Egyptians used hieroglyph for writing.,古代エジプト人は文字を書くために象形文字を使用した。,古代エジプト人は文字を書くために象形文字を使用した。,屈折IPAの原形化 / 例文の原形主語整合化
26085,hydrolase,C2,C2,加水分解酵素,加水分解酵素,/hydrolase/,/hydrolase/,Hydrolases catalyze the hydrolysis of chemical bonds.,hydrolase catalyze the hydrolysis of chemical bonds.,加水分解酵素は化学結合の加水分解を触媒する。,加水分解酵素は化学結合の加水分解を触媒する。,例文の原形主語整合化
26108,connote,C2,C2,含意する、暗示する,含意する、暗示する,/kəˈnoʊts/,/kənˈoʊt/,The word 'home' connotes feelings of warmth and security.,The word 'home' connote feelings of warmth and security.,「家」という言葉は温かさと安心感の感情を暗示する。,「家」という言葉は温かさと安心感の感情を暗示する。,屈折IPAの原形化 / 例文の原形主語整合化
26129,neonate,C2,C2,新生児,新生児,/neonates/,/neonates/,Neonates require special medical care.,neonate require special medical care.,新生児は特別な医療を必要とする。,新生児は特別な医療を必要とする。,例文の原形主語整合化
26133,proteinase,C2,C2,プロテアーゼ,プロテアーゼ,/proteinases/,/proteinases/,Proteinases are enzymes that degrade proteins.,proteinase are enzymes that degrade proteins.,プロテアーゼは、タンパク質を分解する酵素である。,プロテアーゼは、タンパク質を分解する酵素である。,例文の原形主語整合化
26173,schmooze,C2,C2,おしゃべりする,おしゃべりする,/ˈʃmuːz/,/ʃmˈuːz/,He was schmoozing with clients at the conference.,He was schmoozing with clients at the conference.,彼は会議でクライアントとおしゃべりしていた。,彼は会議でクライアントとおしゃべりしていた。,屈折IPAの原形化
26206,marcher,C2,C2,行進者,行進者,/ˈmɑrtʃərz/,/mˈɑːrtʃɚ/,The marchers were carrying flags.,The marcher were carrying flags.,行進者たちは旗を掲げていた。,行進者たちは旗を掲げていた。,屈折IPAの原形化 / 例文の原形主語整合化
26222,steelworker,C2,C2,製鉄労働者,製鉄労働者,/ˈstiːˌlwɜːrkərz/,/stˈiːlwˌɜːrkɚ/,The steelworkers went on strike for better wages.,The steelworker went on strike for better wages.,製鉄労働者はより良い賃金を求めてストライキを行った。,製鉄労働者はより良い賃金を求めてストライキを行った。,屈折IPAの原形化 / 例文の原形主語整合化
26243,clime,C2,C2,気候,気候,/ˈklaɪmz/,/ˈklaɪmz/,They moved to warmer climes for their health.,They moved to warmer clime for their health.,彼らは健康のために暖かい気候に移住した。,彼らは健康のために暖かい気候に移住した。,例文の原形主語整合化
26247,evolutionist,C2,C2,進化論者,進化論者,/evolutionists/,/evolutionists/,Evolutionists study the process of evolution.,evolutionist study the process of evolution.,進化論者は進化の過程を研究する。,進化論者は進化の過程を研究する。,例文の原形主語整合化
26265,ramification,C2,C2,影響、結果,影響、結果,/ˌræməfəˈkeɪʃənz/,/rˌæməfəkˈeɪʃən/,The decision had significant ramifications for the company's future.,The decision had significant ramification for the company's future.,その決定は会社の将来に重大な影響を及ぼした。,その決定は会社の将来に重大な影響を及ぼした。,屈折IPAの原形化 / 例文の原形主語整合化
26271,sharecropper,C2,C2,小作人,小作人,/ˈʃɛˌrkrɑpərz/,/ʃˈerkrˌɑːpɚ/,Many sharecroppers struggled to make a living.,Many sharecropper struggled to make a living.,多くの小作人は生活に苦労しました。,多くの小作人は生活に苦労しました。,屈折IPAの原形化 / 例文の原形主語整合化
26275,transaminase,C2,C2,トランスアミナーゼ,トランスアミナーゼ,/transaminases/,/transaminases/,Elevated levels of transaminases in the blood may indicate liver damage.,Elevated levels of transaminase in the blood may indicate liver damage.,血液中のトランスアミナーゼのレベルの上昇は、肝臓の損傷を示す可能性があります。,血液中のトランスアミナーゼのレベルの上昇は、肝臓の損傷を示す可能性があります。,例文の原形主語整合化
26295,dissimilarity,C2,C2,"異質,相違点","異質,相違点",/dissimilarities/,/dˌɪsˌɪməlˈærətiː/,We should consider the dissimilarities among the people.,We should consider the dissimilarities among the people.,私たちは、人々の中の異質性を考慮すべきです。,私たちは、人々の中の異質性を考慮すべきです。,屈折IPAの原形化
26309,traipse,C2,C2,のろのろ歩く,のろのろ歩く,/ˈtreɪps/,/trˈeɪps/,They traipsed through the woods for hours.,They traipsed through the woods for hours.,彼らは何時間も森の中をのろのろ歩いた。,彼らは何時間も森の中をのろのろ歩いた。,屈折IPAの原形化
26317,castigate,C2,C2,厳しく非難する,厳しく非難する,/ˈkæstəˌɡeɪts/,/kˈæstəɡˌeɪt/,The newspaper castigates the government's economic policies.,The newspaper castigate the government's economic policies.,その新聞は政府の経済政策を厳しく非難する。,その新聞は政府の経済政策を厳しく非難する。,屈折IPAの原形化 / 例文の原形主語整合化
26329,impute,C2,C2,帰する、なすりつける,帰する、なすりつける,/ɪˈmpjuːtz/,/ɪmpjˈuːt/,He imputes the blame to others.,I impute the blame to others.,彼は他人に責任をなすりつける。,私は他人に責任をなすりつける。,屈折IPAの原形化 / 例文の原形主語整合化
26372,lysosome,C2,C2,リソソーム,リソソーム,/lysosome/,/lysosome/,Lysosomes are organelles that break down cellular waste.,lysosome are organelles that break down cellular waste.,リソソームは細胞の老廃物を分解する細胞小器官です。,リソソームは細胞の老廃物を分解する細胞小器官です。,例文の原形主語整合化
26409,flowerbed,C2,C2,花壇,花壇,/flowerbeds/,/flowerbeds/,The garden has beautiful flowerbeds.,The garden has beautiful flowerbed.,庭には美しい花壇がある。,庭には美しい花壇がある。,例文の原形主語整合化
26416,keloid,C2,C2,ケロイド,ケロイド,/keloids/,/keloids/,Keloids are scars that are raised and tend to grow over time.,keloid are scars that are raised and tend to grow over time.,ケロイドは盛り上がった傷跡で、時間が経つにつれて成長する傾向がある。,ケロイドは盛り上がった傷跡で、時間が経つにつれて成長する傾向がある。,例文の原形主語整合化
26429,quinone,C2,C2,キノン類,キノン類,/kwɪˈnoʊnz/,/kwɪˈnoʊnz/,Quinones are important in many biological processes.,quinone are important in many biological processes.,キノン類は多くの生物学的プロセスにおいて重要である。,キノン類は多くの生物学的プロセスにおいて重要である。,例文の原形主語整合化
26450,digraph,C2,C2,二重音字,二重音字,/digraphs/,/digraphs/,"Digraphs are pairs of letters that represent one sound, like 'sh'.","digraph are pairs of letters that represent one sound, like 'sh'.",二重音字は、「sh」のように、1つの音を表す文字のペアである。,二重音字は、「sh」のように、1つの音を表す文字のペアである。,例文の原形主語整合化
26459,offeror,C2,C2,提案者,提案者,/offerors/,/offerors/,The company reviewed the offerors' proposals.,The company reviewed the offeror' proposals.,その会社は提案者の提案を検討した。,その会社は提案者の提案を検討した。,例文の原形主語整合化
26461,qualm,C2,C2,良心の呵責、不安,良心の呵責、不安,/ˈkwɑmz/,/ˈkwɑmz/,He had no qualms about lying to her.,He had no qualm about lying to her.,彼は彼女に嘘をつくことについて何の良心の呵責もなかった。,私は彼女に嘘をつくことについて何の良心の呵責もなかった。,例文の原形主語整合化
26465,scruple,C2,C2,良心の呵責、ためらい,良心の呵責、ためらい,/ˈskruːpəlz/,/skrˈuːpəl/,He had no scruples about lying to get ahead.,He had no scruple about lying to get ahead.,彼は出世のために嘘をつくことに対して何の良心の呵責もなかった。,私は出世のために嘘をつくことに対して何の良心の呵責もなかった。,屈折IPAの原形化 / 例文の原形主語整合化
26487,hardliner,C2,C2,強硬派,強硬派,/ˈhɑˌrdlaɪnərz/,/hˈɑːrdlˌaɪnɚ/,The hardliners within the party opposed the peace agreement.,The hardliner within the party opposed the peace agreement.,党内の強硬派は和平協定に反対した。,党内の強硬派は和平協定に反対した。,屈折IPAの原形化 / 例文の原形主語整合化
26488,hybridize,C2,C2,交雑する,交雑する,/ˈhaɪbrəˌdaɪzz/,/hˈaɪbrədˌaɪz/,These two species readily hybridizes in the wild.,These two species readily hybridize in the wild.,これらの2つの種は野生で容易に交雑する。,これらの2つの種は野生で容易に交雑する。,屈折IPAの原形化 / 例文の原形主語整合化
26491,metaphase,C2,C2,中期,中期,/metaphases/,/metaphases/,The chromosomes are aligned during metaphases.,The chromosomes are aligned during metaphase.,染色体は中期に整列する。,染色体は中期に整列する。,例文の原形主語整合化
26499,potentiate,C2,C2,増強する,増強する,/potentiates/,/potentiates/,This drug potentiates the effects of other medications.,This drug potentiate the effects of other medications.,この薬は、他の薬の効果を増強します。,この薬は、他の薬の効果を増強します。,例文の原形主語整合化
26515,detractor,C2,C2,中傷者,中傷者,/dɪˈtræktərz/,/diːtrˈæktɚ/,The politician has many detractors.,The politician has many detractor.,その政治家には多くの中傷者がいる。,その政治家には多くの中傷者がいる。,屈折IPAの原形化 / 例文の原形主語整合化
26523,enrollee,C2,C2,登録者,登録者,/ɛˈnroʊˈliːz/,/enrˈoʊlˈiː/,The number of enrollees in the course is limited.,The number of enrollee in the course is limited.,そのコースの登録者数は限られている。,そのコースの登録者数は限られている。,屈折IPAの原形化 / 例文の原形主語整合化
26524,entreaty,C2,C2,嘆願,嘆願,/ɛˈntriːtiz/,/entrˈiːtiː/,He ignored their entreaties to stop.,He ignored their entreaties to stop.,彼はやめるようにという彼らの嘆願を無視した。,彼はやめるようにという彼らの嘆願を無視した。,屈折IPAの原形化
26526,forebear,C2,C2,先祖,先祖,/ˈfɔˌrbɛrz/,/fˈɔːrbˌer/,Our forebears came to this country seeking freedom.,Our forebear came to this country seeking freedom.,私たちの先祖は自由を求めてこの国に来た。,私たちの先祖は自由を求めてこの国に来た。,屈折IPAの原形化 / 例文の原形主語整合化
26530,homophone,C2,C2,同音異義語,同音異義語,/ˈhɔməˌfoʊnz/,/hˈɔːməfˌoʊn/,'There' and 'their' are examples of homophones.,'There' and 'their' are examples of homophone.,「there」と「their」は同音異義語の例である。,「there」と「their」は同音異義語の例である。,屈折IPAの原形化 / 例文の原形主語整合化
26531,hydrolyze,C2,C2,加水分解する,加水分解する,/ˈhaɪdrəˌlaɪzz/,/hˈaɪdrəlˌaɪz/,Enzymes hydrolyzes the molecules.,Enzymes hydrolyze the molecules.,酵素は分子を加水分解する。,酵素は分子を加水分解する。,屈折IPAの原形化 / 例文の原形主語整合化
26534,leukotriene,C2,C2,ロイコトリエン,ロイコトリエン,/leukotriene/,/leukotriene/,Leukotrienes are involved in inflammatory responses.,leukotriene are involved in inflammatory responses.,ロイコトリエンは炎症反応に関与している。,ロイコトリエンは炎症反応に関与している。,例文の原形主語整合化
26539,plagiarist,C2,C2,盗作者,盗作者,/plagiarists/,/plagiarists/,The magazine was criticized for publishing work by known plagiarists.,The magazine was criticized for publishing work by known plagiarist.,その雑誌は、既知の盗作者による作品を掲載したことで批判された。,その雑誌は、既知の盗作者による作品を掲載したことで批判された。,例文の原形主語整合化
26540,plastid,C2,C2,色素体,色素体,/plastid/,/plastid/,Plastids are organelles found in plant cells.,plastid are organelles found in plant cells.,色素体は植物細胞に見られる細胞小器官である。,色素体は植物細胞に見られる細胞小器官である。,例文の原形主語整合化
26541,quantile,C2,C2,分位数,分位数,/quantile/,/quantile/,We divided the data into several quantiles for analysis.,We divided the data into several quantile for analysis.,分析のためにデータをいくつかの分位数に分割した。,分析のためにデータをいくつかの分位数に分割した。,例文の原形主語整合化
26542,sampan,C2,C2,サンパン,サンパン,/ˈsæmpænz/,/sˈæmpæn/,Sampans are common in some Asian countries.,sampan are common in some Asian countries.,サンパンはいくつかのアジアの国で一般的である。,サンパンはいくつかのアジアの国で一般的である。,屈折IPAの原形化 / 例文の原形主語整合化
26546,transposon,C2,C2,トランスポゾン,トランスポゾン,/transposons/,/transposons/,Transposons are mobile genetic elements.,transposon are mobile genetic elements.,トランスポゾンは移動可能な遺伝要素である。,トランスポゾンは移動可能な遺伝要素である。,例文の原形主語整合化
26563,fascicle,C2,C2,束,束,/fascicles/,/fascicles/,The muscles are composed of fascicles.,The muscles are composed of fascicle.,筋肉は束で構成されている。,筋肉は束で構成されている。,例文の原形主語整合化
26576,peroxisome,C2,C2,ペルオキシソーム,ペルオキシソーム,/peroxisome/,/peroxisome/,Peroxisomes are organelles involved in the breakdown of fatty acids.,peroxisome are organelles involved in the breakdown of fatty acids.,ペルオキシソームは、脂肪酸の分解に関与する細胞小器官です。,ペルオキシソームは、脂肪酸の分解に関与する細胞小器官です。,例文の原形主語整合化
26613,polyphenol,C2,C2,ポリフェノール,ポリフェノール,/polyphenol/,/polyphenol/,Polyphenols are found in fruits and vegetables.,polyphenol are found in fruits and vegetables.,ポリフェノールは果物や野菜に含まれています。,ポリフェノールは果物や野菜に含まれています。,例文の原形主語整合化
26617,protestation,C2,C2,抗議、異議,抗議、異議,/ˌproʊˌtɛˈsteɪʃənz/,/prˌoʊtˌestˈeɪʃən/,"Despite his protestations, the decision stood.","Despite his protestation, the decision stood.",彼の抗議にもかかわらず、決定は覆らなかった。,彼の抗議にもかかわらず、決定は覆らなかった。,屈折IPAの原形化 / 例文の原形主語整合化
26618,redcoat,C2,C2,赤い上着,赤い上着,/ˈrɛˌdkoʊts/,/rˈedkˌoʊt/,The redcoats were a symbol of the British army.,The redcoat were a symbol of the British army.,赤い上着はイギリス軍の象徴だった。,赤い上着はイギリス軍の象徴だった。,屈折IPAの原形化 / 例文の原形主語整合化
26624,vestment,C2,C2,祭服,祭服,/ˈvɛstmɛnts/,/ˈvɛstmɛnts/,The priest wore his vestments for the ceremony.,The priest wore his vestment for the ceremony.,司祭は儀式のために祭服を着た。,司祭は儀式のために祭服を着た。,例文の原形主語整合化
26629,bondholder,C2,C2,債券保有者,債券保有者,/ˈbɑˌndhoʊldərz/,/bˈɑːndhˌoʊldɚ/,The bondholders voted against the company's restructuring plan.,The bondholder voted against the company's restructuring plan.,債券保有者は会社のリストラ計画に反対票を投じた。,債券保有者は会社のリストラ計画に反対票を投じた。,屈折IPAの原形化 / 例文の原形主語整合化
26640,fibril,C2,C2,線維,線維,/fibrils/,/fibrils/,The tissue sample contained fine fibrils.,The tissue sample contained fine fibril.,その組織サンプルには細かい線維が含まれていた。,その組織サンプルには細かい線維が含まれていた。,例文の原形主語整合化
26644,granulocyte,C2,C2,顆粒球,顆粒球,/ɡrəˈnuːloʊˌsaɪt/,/ɡrəˈnuːloʊˌsaɪt/,Granulocytes are a type of white blood cell.,granulocyte are a type of white blood cell.,顆粒球は白血球の一種である。,顆粒球は白血球の一種である。,例文の原形主語整合化
26645,helminth,C2,C2,寄生虫,寄生虫,/ˈhɛlmɪnθ/,/ˈhɛlmɪnθ/,Helminths are parasitic worms that can infect humans.,helminth are parasitic worms that can infect humans.,寄生虫は人間に感染する可能性のある寄生虫である。,寄生虫は人間に感染する可能性のある寄生虫である。,例文の原形主語整合化
26648,immunosorbent,C2,C2,免疫吸着剤,免疫吸着剤,/immunosorbent/,/immunosorbent/,Immunosorbents can be used to purify antibodies or other proteins.,immunosorbent can be used to purify antibodies or other proteins.,免疫吸着剤は、抗体やその他のタンパク質を精製するために使用できます。,免疫吸着剤は、抗体やその他のタンパク質を精製するために使用できます。,例文の原形主語整合化
26651,nucleosome,C2,C2,ヌクレオソーム,ヌクレオソーム,/nucleosome/,/nucleosome/,Nucleosomes are the basic units of chromatin.,nucleosome are the basic units of chromatin.,ヌクレオソームはクロマチンの基本単位である。,ヌクレオソームはクロマチンの基本単位である。,例文の原形主語整合化
26676,druse,C2,C2,晶洞,晶洞,/ˈdruːz/,/drˈuːz/,The geode contained a beautiful druse of quartz crystals.,The geode contained a beautiful druse of quartz crystals.,その晶洞には美しい石英結晶の晶洞が含まれていた。,その晶洞には美しい石英結晶の晶洞が含まれていた。,屈折IPAの原形化
26680,exigency,C2,C2,緊急事態、差し迫った必要性,緊急事態、差し迫った必要性,/ˌɛˈksɪdʒənsiz/,/ˌeksˈɪdʒənsiː/,The exigencies of the situation required immediate action.,The exigencies of the situation required immediate action.,状況の緊急事態は即時の行動を必要とした。,状況の緊急事態は即時の行動を必要とした。,屈折IPAの原形化
26712,isomerase,C2,C2,異性化酵素,異性化酵素,/isomerase/,/isomerase/,Isomerases catalyze the conversion of a molecule from one isomer to another.,isomerase catalyze the conversion of a molecule from one isomer to another.,異性化酵素は、分子をある異性体から別の異性体への変換を触媒する。,異性化酵素は、分子をある異性体から別の異性体への変換を触媒する。,例文の原形主語整合化
26723,palpitation,C2,C2,動悸,動悸,/ˌpælpɪˈteɪʃənz/,/pˌælpətˈeɪʃən/,He experienced palpitations after running.,He experienced palpitation after running.,彼は走った後に動悸を経験した。,私は走った後に動悸を経験した。,屈折IPAの原形化 / 例文の原形主語整合化
26735,ciliate,C2,C2,繊毛虫,繊毛虫,/ˈsɪliəts/,/ˈsɪliəts/,Ciliates are a type of protozoa that have cilia.,ciliate are a type of protozoa that have cilia.,繊毛虫は繊毛を持つ原生動物の一種である。,繊毛虫は繊毛を持つ原生動物の一種である。,例文の原形主語整合化
26741,fluorocarbon,C2,C2,フッ化炭素,フッ化炭素,/ˌflʊroʊˈkɑrbənz/,/flˌʊroʊkˈɑːrbən/,Fluorocarbons are harmful to the ozone layer.,fluorocarbon are harmful to the ozone layer.,フッ化炭素はオゾン層に有害である。,フッ化炭素はオゾン層に有害である。,屈折IPAの原形化 / 例文の原形主語整合化
26761,stalactite,C2,C2,鍾乳石,鍾乳石,/stalactites/,/stalactites/,Stalactites hang from the roof of the cave.,stalactite hang from the roof of the cave.,鍾乳石は洞窟の屋根から垂れ下がっている。,鍾乳石は洞窟の屋根から垂れ下がっている。,例文の原形主語整合化
26775,eukaryote,C2,C2,真核生物,真核生物,/eukaryotes/,/eukaryotes/,Eukaryotes have complex cell structures.,eukaryote have complex cell structures.,真核生物は複雑な細胞構造を持っている。,真核生物は複雑な細胞構造を持っている。,例文の原形主語整合化
26790,peptidase,C2,C2,ペプチダーゼ,ペプチダーゼ,/peptidase/,/peptidase/,Peptidases break down proteins into smaller peptides.,peptidase break down proteins into smaller peptides.,ペプチダーゼはタンパク質をより小さなペプチドに分解します。,ペプチダーゼはタンパク質をより小さなペプチドに分解します。,例文の原形主語整合化
26821,moviegoer,C2,C2,映画ファン,映画ファン,/ˈmuːˌviːˌɡoʊərz/,/mˈuːvˌiːɡˌoʊɚ/,Moviegoers are excited about the release of the new film.,moviegoer are excited about the release of the new film.,映画ファンは新作映画の公開に興奮している。,映画ファンは新作映画の公開に興奮している。,屈折IPAの原形化 / 例文の原形主語整合化
26822,nonsmoker,C2,C2,非喫煙者,非喫煙者,/nɑˈnsmoʊkərz/,/nɑːnsmˈoʊkɚ/,This is a nonsmokers' area.,This is a nonsmoker' area.,ここは非喫煙者エリアです。,ここは非喫煙者エリアです。,屈折IPAの原形化 / 例文の原形主語整合化
26825,pedicab,C2,C2,ペディキャブ,ペディキャブ,/pedicabs/,/pedicabs/,They rode through the park in pedicabs.,They rode through the park in pedicab.,彼らはペディキャブに乗って公園を通り抜けました。,彼らはペディキャブに乗って公園を通り抜けました。,例文の原形主語整合化
26827,plutocrat,C2,C2,金権政治家,金権政治家,/ˈpluːtəˌkræts/,/plˈuːtəkrˌæt/,The country was run by a group of plutocrats who controlled the economy.,The country was run by a group of plutocrat who controlled the economy.,その国は、経済を支配する金権政治家たちによって運営されていた。,その国は、経済を支配する金権政治家たちによって運営されていた。,屈折IPAの原形化 / 例文の原形主語整合化
26830,stalagmite,C2,C2,石筍,石筍,/stalagmites/,/stalagmites/,The cave was filled with stalagmites and stalactites.,The cave was filled with stalagmite and stalactites.,洞窟は石筍と鍾乳石でいっぱいだった。,洞窟は石筍と鍾乳石でいっぱいだった。,例文の原形主語整合化
26839,catecholamine,C2,C2,カテコールアミン,カテコールアミン,/catecholamines/,/catecholamines/,Catecholamines are involved in the stress response.,catecholamine are involved in the stress response.,カテコールアミンはストレス応答に関与しています。,カテコールアミンはストレス応答に関与しています。,例文の原形主語整合化
26848,insouciance,C2,C2,無頓着,無頓着,/ɪˈnsuːsiəns/,/ɪnsˈuːsiːəns/,He displayed an air of insouciance.,He displayed an air of insouciance.,彼は無頓着な態度を示した。,彼は無頓着な態度を示した。,屈折IPAの原形化
26852,microgram,C2,C2,マイクログラム,マイクログラム,/ˈmaɪkroʊˌɡræm/,/ˈmaɪkroʊˌɡræm/,The sample contains a few micrograms of the substance.,The sample contains a few microgram of the substance.,サンプルにはその物質が数マイクログラム含まれている。,サンプルにはその物質が数マイクログラム含まれている。,例文の原形主語整合化
26855,nonbeliever,C2,C2,非信者,非信者,/ˌnɑnbəˈliːvərz/,/nˌɑːnbəlˈiːvɚ/,The evangelist tried to convert the nonbelievers.,The evangelist tried to convert the nonbeliever.,その伝道者は、非信者を改宗させようとしました。,その伝道者は、非信者を改宗させようとしました。,屈折IPAの原形化 / 例文の原形主語整合化
26876,battlement,C2,C2,胸壁,胸壁,/ˈbætəlmənts/,/bˈætəlmənt/,The soldiers manned the battlements during the siege.,The soldiers manned the battlement during the siege.,兵士たちは包囲戦の間、胸壁に配置されました。,兵士たちは包囲戦の間、胸壁に配置されました。,屈折IPAの原形化 / 例文の原形主語整合化
26895,officeholder,C2,C2,公職者,公職者,/ˈɔfəˌshoʊldərz/,/ˈɔːfəshˌoʊldɚ/,The officeholders were sworn in today.,The officeholder were sworn in today.,公職者は本日宣誓就任した。,公職者は本日宣誓就任した。,屈折IPAの原形化 / 例文の原形主語整合化
26898,stutterer,C2,C2,どもる人たち,どもる人たち,/stutterers/,/stutterers/,Support groups can help stutterers improve their communication skills.,Support groups can help stutterer improve their communication skills.,支援グループは、どもる人たちがコミュニケーション能力を向上させるのに役立つ。,支援グループは、どもる人たちがコミュニケーション能力を向上させるのに役立つ。,例文の原形主語整合化
26901,trotskyite,C2,C2,トロツキー派,トロツキー派,/trotskyites/,/trotskyites/,The Trotskyites were critical of Stalin's policies.,The trotskyite were critical of Stalin's policies.,トロツキー派はスターリンの政策を批判していた。,トロツキー派はスターリンの政策を批判していた。,例文の原形主語整合化
26910,floret,C2,C2,小花,小花,/florets/,/florets/,The broccoli is made up of many florets.,The broccoli is made up of many floret.,ブロッコリーは多くの小花で構成されている。,ブロッコリーは多くの小花で構成されている。,例文の原形主語整合化
26934,airwave,C2,C2,電波,電波,/ˈɛˌrweɪvz/,/ˈerwˌeɪv/,The program was broadcast over the airwaves.,The program was broadcast over the airwave.,その番組は電波で放送された。,その番組は電波で放送された。,屈折IPAの原形化 / 例文の原形主語整合化
26937,bedfellow,C2,C2,同盟者、相棒,同盟者、相棒,/ˈbɛˌdfɛloʊ/,/ˈbɛˌdfɛloʊ/,Politics makes strange bedfellows.,Politics makes strange bedfellow.,政治は奇妙な同盟者を作り出す。,政治は奇妙な同盟者を作り出す。,例文の原形主語整合化
26938,bespeak,C2,C2,"～を示す,～を物語る","～を示す,～を物語る",/bɪˈspiːks/,/bɪspˈiːk/,His elegant dress bespeaks his sophisticated taste.,His elegant dress bespeak his sophisticated taste.,彼の優雅な服装は、彼の洗練された趣味を示している。,彼の優雅な服装は、彼の洗練された趣味を示している。,屈折IPAの原形化 / 例文の原形主語整合化
26944,eosinophil,C2,C2,好酸球,好酸球,/eosinophils/,/eosinophils/,Eosinophils are a type of white blood cell.,eosinophil are a type of white blood cell.,好酸球は白血球の一種である。,好酸球は白血球の一種である。,例文の原形主語整合化
26950,micelle,C2,C2,ミセル,ミセル,/micelles/,/micelles/,Micelles are formed when amphiphilic molecules are put in water.,micelle are formed when amphiphilic molecules are put in water.,ミセルは、両親媒性の分子が水に入れられたときに形成される。,ミセルは、両親媒性の分子が水に入れられたときに形成される。,例文の原形主語整合化
26967,witticism,C2,C2,機知に富んだ言葉,機知に富んだ言葉,/witticism/,/witticism/,"His speech was full of witticisms, which kept the audience entertained.","His speech was full of witticism, which kept the audience entertained.",彼のスピーチは機知に富んだ言葉で溢れ、聴衆を楽しませた。,彼のスピーチは機知に富んだ言葉で溢れ、聴衆を楽しませた。,例文の原形主語整合化
26989,rankle,C2,C2,イライラさせる,イライラさせる,/ˈræŋkəlz/,/rˈæŋkəl/,His rude comments still rankle me.,His rude comments still rankle me.,彼の失礼なコメントはいまだに私をイライラさせる。,彼の失礼なコメントはいまだに私をイライラさせる。,屈折IPAの原形化
26996,astrocyte,C2,C2,星状膠細胞,星状膠細胞,/astrocyte/,/astrocyte/,Astrocytes are important cells in the brain.,astrocyte are important cells in the brain.,星状膠細胞は脳において重要な細胞である。,星状膠細胞は脳において重要な細胞である。,例文の原形主語整合化
27010,metalloproteinase,C2,C2,メタロプロテアーゼ,メタロプロテアーゼ,/metalloproteinase/,/metalloproteinase/,Metalloproteinases are a family of enzymes that degrade proteins.,metalloproteinase are a family of enzymes that degrade proteins.,メタロプロテアーゼは、タンパク質を分解する酵素のファミリーです。,メタロプロテアーゼは、タンパク質を分解する酵素のファミリーです。,例文の原形主語整合化
27013,nightspot,C2,C2,ナイトスポット,ナイトスポット,/nightspots/,/nightspots/,The city has a lot of nightspots for tourists to enjoy.,The city has a lot of nightspot for tourists to enjoy.,その都市には、観光客が楽しめるナイトスポットがたくさんある。,その都市には、観光客が楽しめるナイトスポットがたくさんある。,例文の原形主語整合化
27056,naysayer,C2,C2,反対者,反対者,/ˌneɪˈseɪərz/,/nˌeɪsˈeɪɚ/,The naysayers doubted the success of the project.,The naysayer doubted the success of the project.,反対者たちはプロジェクトの成功を疑った。,反対者たちはプロジェクトの成功を疑った。,屈折IPAの原形化 / 例文の原形主語整合化
27057,neurite,C2,C2,神経突起,神経突起,/neurite/,/neurite/,Neurites grow from neurons during development.,neurite grow from neurons during development.,神経突起は発達中にニューロンから成長する。,神経突起は発達中にニューロンから成長する。,例文の原形主語整合化
27109,cotyledon,C2,C2,子葉,子葉,/cotyledons/,/cotyledons/,The cotyledons of the seedling provide initial nutrients.,The cotyledon of the seedling provide initial nutrients.,実生の種子葉は初期の栄養を提供します。,実生の種子葉は初期の栄養を提供します。,例文の原形主語整合化
27113,dreadlock,C2,C2,ドレッドヘア,ドレッドヘア,/dreadlocks/,/dreadlocks/,He has long dreadlocks.,He has long dreadlock.,彼は長いドレッドヘアをしている。,私は長いドレッドヘアをしている。,例文の原形主語整合化
27122,macromolecule,C2,C2,高分子,高分子,/macromolecules/,/macromolecules/,Proteins and nucleic acids are examples of macromolecules.,Proteins and nucleic acids are examples of macromolecule.,タンパク質と核酸は高分子の例である。,タンパク質と核酸は高分子の例である。,例文の原形主語整合化
27125,nicety,C2,C2,礼儀作法,礼儀作法,/ˈnaɪsɪtiz/,/nˈaɪsɪtiː/,They exchanged niceties before starting the meeting.,They exchanged niceties before starting the meeting.,彼らは会議を始める前に、礼儀作法を交わした。,彼らは会議を始める前に、礼儀作法を交わした。,屈折IPAの原形化
27137,suburbanite,C2,C2,郊外居住者,郊外居住者,/səˈbɜːrbəˌnaɪts/,/səbˈɜːrbənˌaɪt/,Many suburbanites commute to the city for work.,Many suburbanite commute to the city for work.,多くの郊外居住者は仕事のために都市に通勤する。,多くの郊外居住者は仕事のために都市に通勤する。,屈折IPAの原形化 / 例文の原形主語整合化
27147,cowslip,C2,C2,プリムラ、サクラソウ,プリムラ、サクラソウ,/ˈkaʊslɪp/,/ˈkaʊslɪp/,Cowslips are common wildflowers in the spring.,cowslip are common wildflowers in the spring.,プリムラは春によく見られる野草である。,プリムラは春によく見られる野草である。,例文の原形主語整合化
27157,liposome,C2,C2,リポソーム,リポソーム,/ˈlɪpəˌsoʊmz/,/lˈɪpəsˌoʊm/,Liposomes are vesicles that can be used to deliver drugs or other molecules into cells.,liposome are vesicles that can be used to deliver drugs or other molecules into cells.,リポソームは、薬物やその他の分子を細胞に送達するために使用できる小胞です。,リポソームは、薬物やその他の分子を細胞に送達するために使用できる小胞です。,屈折IPAの原形化 / 例文の原形主語整合化
27168,sulfonylurea,C2,C2,スルホニル尿素薬,スルホニル尿素薬,/sulfonylureas/,/sulfonylureas/,Sulfonylureas are a class of medications used to treat type 2 diabetes.,sulfonylurea are a class of medications used to treat type 2 diabetes.,スルホニル尿素薬は、2型糖尿病の治療に使用される薬のクラスです。,スルホニル尿素薬は、2型糖尿病の治療に使用される薬のクラスです。,例文の原形主語整合化
27186,metazoan,C2,C2,後生動物,後生動物,/metazoans/,/metazoans/,Metazoans are multicellular organisms.,metazoan are multicellular organisms.,後生動物は多細胞生物である。,後生動物は多細胞生物である。,例文の原形主語整合化
27197,vasoconstrictor,C2,C2,血管収縮薬,血管収縮薬,/vasoconstrictors/,/vasoconstrictors/,Vasoconstrictors can increase blood pressure.,vasoconstrictor can increase blood pressure.,血管収縮薬は血圧を上昇させることができる。,血管収縮薬は血圧を上昇させることができる。,例文の原形主語整合化
27198,xenograft,C2,C2,異種移植片,異種移植片,/xenografts/,/xenografts/,Xenografts are used in cancer research.,xenograft are used in cancer research.,異種移植片はがん研究で利用されています。,異種移植片はがん研究で利用されています。,例文の原形主語整合化
27206,congener,C2,C2,同族体,同族体,/congeners/,/congeners/,Chemical congeners are substances that are structurally similar but may have different properties.,Chemical congener are substances that are structurally similar but may have different properties.,化学同族体は、構造的に類似しているが、異なる特性を持つ可能性のある物質です。,化学同族体は、構造的に類似しているが、異なる特性を持つ可能性のある物質です。,例文の原形主語整合化
27211,intone,C2,C2,詠唱する、低い声で言う,詠唱する、低い声で言う,/ɪˈntoʊnz/,/ɪntˈoʊn/,The priest intoned the prayer.,The priest intoned the prayer.,司祭は祈りを詠唱した。,司祭は祈りを詠唱した。,屈折IPAの原形化
27217,osteoblast,C2,C2,骨芽細胞,骨芽細胞,/osteoblast/,/osteoblast/,Osteoblasts are responsible for bone formation.,osteoblast are responsible for bone formation.,骨芽細胞は骨の形成を担っている。,骨芽細胞は骨の形成を担っている。,例文の原形主語整合化
27221,proteoglycan,C2,C2,プロテオグリカン,プロテオグリカン,/proteoglycan/,/proteoglycan/,Proteoglycans are a key component of the extracellular matrix.,proteoglycan are a key component of the extracellular matrix.,プロテオグリカンは、細胞外マトリックスの重要な構成要素です。,プロテオグリカンは、細胞外マトリックスの重要な構成要素です。,例文の原形主語整合化
27232,xenobiotic,C2,C2,異物,異物,/xenobiotic/,/xenobiotic/,The liver helps detoxify xenobiotics.,The liver helps detoxify xenobiotic.,肝臓は異物の解毒を助ける。,肝臓は異物の解毒を助ける。,例文の原形主語整合化
27237,flipflop,C2,C2,ビーチサンダル,ビーチサンダル,/flipflop/,/flipflop/,She was wearing flipflops at the beach.,She was wearing flipflop at the beach.,彼女はビーチでビーチサンダルを履いていました。,私はビーチでビーチサンダルを履いていました。,例文の原形主語整合化
27241,imponderable,C2,C2,推し量れないもの、不可測なもの,推し量れないもの、不可測なもの,/ɪˈmpɑndərəbəlz/,/ɪmpˈɑːndɚəbəl/,The future is full of imponderables.,The future is full of imponderable.,未来は推し量れないものでいっぱいだ。,未来は推し量れないものでいっぱいだ。,屈折IPAの原形化 / 例文の原形主語整合化
27249,phosphoinositide,C2,C2,ホスホイノシチド,ホスホイノシチド,/phosphoinositide/,/phosphoinositide/,Phosphoinositides play a role in cell signaling.,phosphoinositide play a role in cell signaling.,ホスホイノシチドは細胞シグナル伝達において役割を果たす。,ホスホイノシチドは細胞シグナル伝達において役割を果たす。,例文の原形主語整合化
27266,holidaymaker,C2,C2,行楽客,行楽客,/holidaymakers/,/holidaymakers/,The beach was full of holidaymakers.,The beach was full of holidaymaker.,ビーチは行楽客でいっぱいだった。,ビーチは行楽客でいっぱいだった。,例文の原形主語整合化
27275,woodcarver,C2,C2,木彫り職人,木彫り職人,/ˈwʊˌdkɑrvərz/,/wˈʊdkˌɑːrvɚ/,The woodcarvers created beautiful sculptures.,The woodcarver created beautiful sculptures.,木彫り職人は美しい彫刻を作成した。,木彫り職人は美しい彫刻を作成した。,屈折IPAの原形化 / 例文の原形主語整合化
27276,adipocyte,C2,C2,脂肪細胞,脂肪細胞,/adipocyte/,/adipocyte/,Adipocytes store energy in the form of fat.,adipocyte store energy in the form of fat.,脂肪細胞は脂肪の形でエネルギーを貯蔵する。,脂肪細胞は脂肪の形でエネルギーを貯蔵する。,例文の原形主語整合化
27279,excoriate,C2,C2,痛烈に非難する,痛烈に非難する,/ɛˈkskɔriˌeɪtz/,/ekskˈɔːriːˌeɪt/,He excoriates the politician for his actions.,I excoriate the politician for his actions.,彼はその政治家の行動を痛烈に非難する。,私はその政治家の行動を痛烈に非難する。,屈折IPAの原形化 / 例文の原形主語整合化
27289,machination,C2,C2,陰謀,陰謀,/ˌmækəˈneɪʃənz/,/mˌækənˈeɪʃən/,The political machinations were clearly visible.,The political machination were clearly visible.,政治的陰謀は明らかに目に見えた。,政治的陰謀は明らかに目に見えた。,屈折IPAの原形化 / 例文の原形主語整合化
27297,polyphosphate,C2,C2,ポリリン酸塩,ポリリン酸塩,/polyphosphates/,/polyphosphates/,Polyphosphates are used in food processing as additives.,polyphosphate are used in food processing as additives.,ポリリン酸塩は、食品加工において添加物として使用されます。,ポリリン酸塩は、食品加工において添加物として使用されます。,例文の原形主語整合化
27319,inroad,C2,C2,進出、侵入,進出、侵入,/ˈɪˌnroʊdz/,/ˈɪnrˌoʊd/,The company made inroads into the new market.,The company made inroad into the new market.,その会社は新しい市場に進出した。,その会社は新しい市場に進出した。,屈折IPAの原形化 / 例文の原形主語整合化
27321,ionomer,C2,C2,アイオノマー,アイオノマー,/ionomer/,/ionomer/,Ionomers are used in various industrial applications.,ionomer are used in various industrial applications.,アイオノマーはさまざまな産業用途で使用されている。,アイオノマーはさまざまな産業用途で使用されている。,例文の原形主語整合化
27326,osteoclast,C2,C2,破骨細胞,破骨細胞,/osteoclasts/,/osteoclasts/,Osteoclasts are responsible for bone resorption.,osteoclast are responsible for bone resorption.,破骨細胞は、骨吸収を担っています。,破骨細胞は、骨吸収を担っています。,例文の原形主語整合化
27333,annexin,C2,C2,アネキシン,アネキシン,/annexin/,/annexin/,Annexins are involved in calcium-dependent membrane binding.,annexin are involved in calcium-dependent membrane binding.,アネキシンはカルシウム依存性の膜結合に関与している。,アネキシンはカルシウム依存性の膜結合に関与している。,例文の原形主語整合化
27350,loanword,C2,C2,外来語,外来語,/loanwords/,/loanwords/,Many English words are loanwords from French.,Many English words are loanword from French.,多くの英語の単語はフランス語からの外来語である。,多くの英語の単語はフランス語からの外来語である。,例文の原形主語整合化
27360,polyamine,C2,C2,ポリアミン,ポリアミン,/polyamine/,/polyamine/,Polyamines play an important role in cell growth.,polyamine play an important role in cell growth.,ポリアミンは細胞成長において重要な役割を果たす。,ポリアミンは細胞成長において重要な役割を果たす。,例文の原形主語整合化
27363,secretase,C2,C2,セクレターゼ,セクレターゼ,/secretase/,/secretase/,Secretases are enzymes that cleave proteins.,secretase are enzymes that cleave proteins.,セクレターゼはタンパク質を切断する酵素である。,セクレターゼはタンパク質を切断する酵素である。,例文の原形主語整合化
27364,shamble,C2,C2,めちゃくちゃ,めちゃくちゃ,/ˈʃæmbəlz/,/ʃˈæmbəl/,The office was in a complete shambles.,The office was in a complete shamble.,オフィスはめちゃくちゃだった。,オフィスはめちゃくちゃだった。,屈折IPAの原形化 / 例文の原形主語整合化
27366,thiazide,C2,C2,チアジド系利尿薬,チアジド系利尿薬,/thiazides/,/thiazides/,Thiazides are commonly used to treat high blood pressure.,thiazide are commonly used to treat high blood pressure.,チアジド系利尿薬は、高血圧の治療によく使用されます。,チアジド系利尿薬は、高血圧の治療によく使用されます。,例文の原形主語整合化
27389,toxicant,C2,C2,有毒物質,有毒物質,/toxicants/,/toxicants/,The water contained several toxicants that were harmful to humans.,The water contained several toxicant that were harmful to humans.,その水には人体に有害ないくつかの有毒物質が含まれていた。,その水には人体に有害ないくつかの有毒物質が含まれていた。,例文の原形主語整合化
27394,congregant,C2,C2,信者,信者,/ˈkɑŋɡrəɡənts/,/kˈɑːŋɡrəɡənt/,The church was full of congregants.,The church was full of congregant.,教会は信者でいっぱいだった。,教会は信者でいっぱいだった。,屈折IPAの原形化 / 例文の原形主語整合化
27405,isothiocyanate,C2,C2,イソチオシアネート,イソチオシアネート,/isothiocyanate/,/isothiocyanate/,Isothiocyanates are found in cruciferous vegetables.,isothiocyanate are found in cruciferous vegetables.,イソチオシアネートはアブラナ科の野菜に含まれている。,イソチオシアネートはアブラナ科の野菜に含まれている。,例文の原形主語整合化
27406,keratinocyte,C2,C2,角化細胞,角化細胞,/keratinocyte/,/keratinocyte/,Keratinocytes are the primary cells of the epidermis.,keratinocyte are the primary cells of the epidermis.,角化細胞は表皮の主要な細胞です。,角化細胞は表皮の主要な細胞です。,例文の原形主語整合化
27438,exonuclease,C2,C2,エキソヌクレアーゼ,エキソヌクレアーゼ,/exonuclease/,/exonuclease/,Exonucleases remove nucleotides from the ends of nucleic acid chains.,exonuclease remove nucleotides from the ends of nucleic acid chains.,エキソヌクレアーゼは核酸鎖の末端からヌクレオチドを除去する。,エキソヌクレアーゼは核酸鎖の末端からヌクレオチドを除去する。,例文の原形主語整合化
27446,pleasantry,C2,C2,挨拶,挨拶,/ˈplɛzəntriz/,/plˈezəntriː/,They exchanged pleasantries before starting the meeting.,They exchanged pleasantries before starting the meeting.,彼らは会議を始める前に挨拶を交わした。,彼らは会議を始める前に挨拶を交わした。,屈折IPAの原形化
27462,misgiving,C2,C2,不安,不安,/mɪˈsɡɪvɪŋz/,/mɪsɡˈɪvɪŋ/,She had some misgivings about accepting the job offer.,She had some misgiving about accepting the job offer.,彼女はその仕事のオファーを受けることにいくつかの不安を抱いていた。,私はその仕事のオファーを受けることにいくつかの不安を抱いていた。,屈折IPAの原形化 / 例文の原形主語整合化
27468,saponin,C2,C2,サポニン,サポニン,/saponin/,/saponin/,Saponins are plant-derived glycosides with detergent-like properties.,saponin are plant-derived glycosides with detergent-like properties.,サポニンは、洗剤のような特性を持つ植物由来の配糖体です。,サポニンは、洗剤のような特性を持つ植物由来の配糖体です。,例文の原形主語整合化
27471,urokinase,C2,C2,ウロキナーゼ,ウロキナーゼ,/ˌjɜːrəkəˈneɪz/,/jˌɜːrəkənˈeɪz/,Urokinase is an enzyme used to break down blood clots.,Urokinase is an enzyme used to break down blood clots.,ウロキナーゼは血栓を分解するために使用される酵素である。,ウロキナーゼは血栓を分解するために使用される酵素である。,屈折IPAの原形化
27476,eponym,C2,C2,エポニム,エポニム,/eponyms/,/eponyms/,Parkinson's disease is one of the many medical eponyms.,Parkinson's disease is one of the many medical eponym.,パーキンソン病は多くの医学的なエポニムの一つである。,パーキンソン病は多くの医学的なエポニムの一つである。,例文の原形主語整合化
27501,earplug,C2,C2,耳栓,耳栓,/ˈɪˌrplʌɡz/,/ˈɪrplˌʌɡ/,I wear earplugs to block out the noise.,I wear earplug to block out the noise.,私は騒音を遮断するために耳栓をしています。,私は騒音を遮断するために耳栓をしています。,屈折IPAの原形化 / 例文の原形主語整合化
27502,editorialize,C2,C2,論説する、社説化する,論説する、社説化する,/ˌɛdəˈtɔriəˌlaɪzz/,/ˌedətˈɔːriːəlˌaɪz/,"The news reporter often editorializes his reports, offering his own opinions.","The news reporter often editorialize his reports, offering his own opinions.",そのニュースレポーターはしばしば自分の意見を述べて報道を論説化する。,そのニュースレポーターはしばしば自分の意見を述べて報道を論説化する。,屈折IPAの原形化 / 例文の原形主語整合化
27504,foible,C2,C2,弱点、欠点,弱点、欠点,/ˈfɔɪbəlz/,/fˈɔɪbəl/,Everyone has their little foibles.,Everyone has their little foible.,誰でも小さな弱点を持っている。,誰でも小さな弱点を持っている。,屈折IPAの原形化 / 例文の原形主語整合化
27514,oldtimer,C2,C2,古参、ベテラン,古参、ベテラン,/oldtimers/,/oldtimers/,The oldtimers at the club shared stories of the past.,The oldtimer at the club shared stories of the past.,クラブの古参たちは過去の物語を共有した。,クラブの古参たちは過去の物語を共有した。,例文の原形主語整合化
27516,ribonucleoprotein,C2,C2,リボ核タンパク質,リボ核タンパク質,/ribonucleoprotein/,/ribonucleoprotein/,Ribonucleoproteins are complexes of RNA and proteins.,ribonucleoprotein are complexes of RNA and proteins.,リボ核タンパク質は、RNAとタンパク質の複合体です。,リボ核タンパク質は、RNAとタンパク質の複合体です。,例文の原形主語整合化
27546,sightseer,C2,C2,観光客,観光客,/ˈsaɪˈtsiːərz/,/sˈaɪtsˈiːɚ/,Many sightseers visit the city’s historical landmarks.,Many sightseer visit the city’s historical landmarks.,多くの観光客が市内の歴史的建造物を訪れる。,多くの観光客が市内の歴史的建造物を訪れる。,屈折IPAの原形化 / 例文の原形主語整合化
27574,spirochete,C2,C2,スピロヘータ,スピロヘータ,/spirochetes/,/spirochetes/,Spirochetes are a type of bacteria.,spirochete are a type of bacteria.,スピロヘータは細菌の一種です。,スピロヘータは細菌の一種です。,例文の原形主語整合化
27611,nacimiento,C2,C2,誕生,誕生,/nacimientos/,/nacimientos/,The nacimientos at Christmas time are often elaborate.,The nacimiento at Christmas time are often elaborate.,クリスマスの時期の誕生はしばしば精巧である。,クリスマスの時期の誕生はしばしば精巧である。,例文の原形主語整合化
27645,aptamer,C2,C2,アプタマー,アプタマー,/aptamer/,/aptamer/,Aptamers can bind to specific molecules with high affinity.,aptamer can bind to specific molecules with high affinity.,アプタマーは高い親和性で特定の分子に結合することができます。,アプタマーは高い親和性で特定の分子に結合することができます。,例文の原形主語整合化
27655,lionize,C2,C2,英雄視する,英雄視する,/ˈlaɪəˌnaɪzz/,/lˈaɪənˌaɪz/,The media often lionizes athletes and celebrities.,The media often lionize athletes and celebrities.,メディアはしばしばアスリートや有名人を英雄視します。,メディアはしばしばアスリートや有名人を英雄視します。,屈折IPAの原形化 / 例文の原形主語整合化
27656,locution,C2,C2,言い回し、慣用句,言い回し、慣用句,/locutions/,/locutions/,He used several peculiar locutions in his speech.,He used several peculiar locution in his speech.,彼はスピーチでいくつかの特異な言い回しを使った。,私はスピーチでいくつかの特異な言い回しを使った。,例文の原形主語整合化
27660,prognosticator,C2,C2,予言者,予言者,/prognosticators/,/prognosticators/,The prognosticators offered different predictions about the election.,The prognosticator offered different predictions about the election.,予言者たちは選挙について異なる予測をした。,予言者たちは選挙について異なる予測をした。,例文の原形主語整合化
27683,phagocyte,C2,C2,食細胞,食細胞,/ˈfæɡəˌsaɪts/,/fˈæɡəsˌaɪt/,Phagocytes engulf and destroy foreign particles.,phagocyte engulf and destroy foreign particles.,食細胞は、異物を飲み込み破壊します。,食細胞は、異物を飲み込み破壊します。,屈折IPAの原形化 / 例文の原形主語整合化
27690,aspersion,C2,C2,中傷,中傷,/əˈspɜːrʒənz/,/əspˈɜːrʒən/,"She cast aspersions on his character, damaging his reputation.","She cast aspersion on his character, damaging his reputation.",彼女は彼の人格に中傷を浴びせ、彼の評判を傷つけた。,私は彼の人格に中傷を浴びせ、彼の評判を傷つけた。,屈折IPAの原形化 / 例文の原形主語整合化
27697,ecotype,C2,C2,生態型,生態型,/ecotype/,/ecotype/,Different ecotypes of the same species can have different adaptations.,Different ecotype of the same species can have different adaptations.,同じ種の異なる生態型は、異なる適応を持つ可能性がある。,同じ種の異なる生態型は、異なる適応を持つ可能性がある。,例文の原形主語整合化
27710,subhead,C2,C2,小見出し,小見出し,/subhead/,/subhead/,The article used subheads to organize the information.,The article used subhead to organize the information.,記事は情報を整理するために小見出しを使用した。,記事は情報を整理するために小見出しを使用した。,例文の原形主語整合化
27711,sunbather,C2,C2,日光浴をする人,日光浴をする人,/sunbathers/,/sunbathers/,There were many sunbathers on the beach.,There were many sunbather on the beach.,ビーチには日光浴をする人がたくさんいた。,ビーチには日光浴をする人がたくさんいた。,例文の原形主語整合化
27714,basophil,C2,C2,好塩基球,好塩基球,/basophils/,/basophils/,Basophils are a type of white blood cell.,basophil are a type of white blood cell.,好塩基球は白血球の一種である。,好塩基球は白血球の一種である。,例文の原形主語整合化
27715,chondrocyte,C2,C2,軟骨細胞,軟骨細胞,/chondrocyte/,/chondrocyte/,Chondrocytes are cells found in cartilage.,chondrocyte are cells found in cartilage.,軟骨細胞は軟骨に見られる細胞です。,軟骨細胞は軟骨に見られる細胞です。,例文の原形主語整合化
27724,polynucleotide,C2,C2,ポリヌクレオチド,ポリヌクレオチド,/polynucleotide/,/polynucleotide/,Polynucleotides are long chains of nucleotides such as DNA and RNA.,polynucleotide are long chains of nucleotides such as DNA and RNA.,ポリヌクレオチドは、DNAやRNAなどのヌクレオチドの長い鎖です。,ポリヌクレオチドは、DNAやRNAなどのヌクレオチドの長い鎖です。,例文の原形主語整合化
27729,sinusoid,C2,C2,類洞,類洞,/ˈsaɪnəˌsɔɪd/,/ˈsaɪnəˌsɔɪd/,Sinusoids are specialized capillaries in certain tissues.,sinusoid are specialized capillaries in certain tissues.,類洞は特定の組織にある特殊な毛細血管である。,類洞は特定の組織にある特殊な毛細血管である。,例文の原形主語整合化
27743,malaprop,C2,C2,語呂違い,語呂違い,/ˈmæləˌprɑp/,/ˈmæləˌprɑp/,His speech was full of malaprops.,His speech was full of malaprop.,彼のスピーチは語呂違いでいっぱいでした。,彼のスピーチは語呂違いでいっぱいでした。,例文の原形主語整合化
27764,neurotrophin,C2,C2,神経栄養因子,神経栄養因子,/neurotrophin/,/neurotrophin/,Neurotrophins promote the survival and growth of neurons.,neurotrophin promote the survival and growth of neurons.,神経栄養因子は、ニューロンの生存と成長を促進します。,神経栄養因子は、ニューロンの生存と成長を促進します。,例文の原形主語整合化
27772,prokaryote,C2,C2,原核生物,原核生物,/prokaryotes/,/prokaryotes/,Prokaryotes do not have a nucleus.,prokaryote do not have a nucleus.,原核生物は核を持たない。,原核生物は核を持たない。,例文の原形主語整合化
27774,protist,C2,C2,原生生物,原生生物,/protists/,/protists/,Protists are a diverse group of eukaryotic organisms.,protist are a diverse group of eukaryotic organisms.,原生生物は多様な真核生物のグループです。,原生生物は多様な真核生物のグループです。,例文の原形主語整合化
27780,adrenoceptor,C2,C2,アドレナリン受容体,アドレナリン受容体,/adrenoceptor/,/adrenoceptor/,Adrenoceptors are receptors for catecholamine hormones.,adrenoceptor are receptors for catecholamine hormones.,アドレナリン受容体は、カテコールアミンホルモンの受容体です。,アドレナリン受容体は、カテコールアミンホルモンの受容体です。,例文の原形主語整合化
27786,coattail,C2,C2,便乗する,便乗する,/ˈkoʊˌtteɪlz/,/kˈoʊttˌeɪl/,He rode the coattails of his brother's fame.,He rode the coattail of his brother's fame.,彼は兄の名声に便乗しました。,私は兄の名声に便乗しました。,屈折IPAの原形化 / 例文の原形主語整合化
27795,homogenate,C2,C2,ホモジネート,ホモジネート,/homogenates/,/homogenates/,The tissue was processed into homogenates.,The tissue was processed into homogenate.,組織はホモジネートに加工された。,組織はホモジネートに加工された。,例文の原形主語整合化
27801,latke,C2,C2,ラトケ,ラトケ,/latkes/,/latkes/,Latkes are potato pancakes traditionally eaten during Hanukkah.,latke are potato pancakes traditionally eaten during Hanukkah.,ラトケはハヌカの期間中に伝統的に食べられるポテトパンケーキです。,ラトケはハヌカの期間中に伝統的に食べられるポテトパンケーキです。,例文の原形主語整合化
27802,littermate,C2,C2,同腹子,同腹子,/littermate/,/littermate/,The researchers compared the behavior of the mice with their littermates.,The researchers compared the behavior of the mice with their littermate.,研究者たちは、マウスの行動を同腹子と比較した。,研究者たちは、マウスの行動を同腹子と比較した。,例文の原形主語整合化
27814,bleb,C2,C2,水疱、膨疹,水疱、膨疹,/blebs/,/blebs/,Blebs appeared on the surface of the blister.,bleb appeared on the surface of the blister.,水疱の表面に膨疹が現れた。,水疱の表面に膨疹が現れた。,例文の原形主語整合化
27817,dreg,C2,C2,かす,かす,/ˈdrɛɡz/,/ˈdrɛɡz/,The dregs of the coffee were left in the pot.,The dreg of the coffee were left in the pot.,コーヒーのかすがポットに残っていた。,コーヒーのかすがポットに残っていた。,例文の原形主語整合化
27824,nanogram,C2,C2,ナノグラム,ナノグラム,/ˈnænoʊɡræmz/,/nˈɑːnoʊɡræm/,The sample contained only a few nanograms of the substance.,The sample contained only a few nanogram of the substance.,そのサンプルには、その物質がわずか数ナノグラムしか含まれていなかった。,そのサンプルには、その物質がわずか数ナノグラムしか含まれていなかった。,屈折IPAの原形化 / 例文の原形主語整合化
27842,cytokeratin,C2,C2,サイトケラチン,サイトケラチン,/cytokeratin/,/cytokeratin/,Cytokeratins are intermediate filament proteins found in epithelial cells.,cytokeratin are intermediate filament proteins found in epithelial cells.,サイトケラチンは、上皮細胞に見られる中間径フィラメントタンパク質です。,サイトケラチンは、上皮細胞に見られる中間径フィラメントタンパク質です。,例文の原形主語整合化
27852,menhir,C2,C2,メンヒル,メンヒル,/menhirs/,/menhirs/,The menhirs were ancient stone monuments.,The menhir were ancient stone monuments.,メンヒルは古代の石のモニュメントだった。,メンヒルは古代の石のモニュメントだった。,例文の原形主語整合化
27857,phosphoprotein,C2,C2,リンタンパク質,リンタンパク質,/phosphoprotein/,/phosphoprotein/,Phosphoproteins play a crucial role in cell signaling.,phosphoprotein play a crucial role in cell signaling.,リンタンパク質は細胞シグナリングにおいて重要な役割を果たします。,リンタンパク質は細胞シグナリングにおいて重要な役割を果たします。,例文の原形主語整合化
27863,somite,C2,C2,体節,体節,/somite/,/somite/,The somites form the segments of the body.,The somite form the segments of the body.,体節は体の区画を形成する。,体節は体の区画を形成する。,例文の原形主語整合化
27896,microliter,C2,C2,マイクロリットル,マイクロリットル,/ˈmaɪkroʊlitər/,/ˈmaɪkroʊlitər/,The experiment required a precise measurement of 5 microliters of the solution.,The experiment required a precise measurement of 5 microliter of the solution.,その実験では、溶液の正確な5マイクロリットルの測定が必要だった。,その実験では、溶液の正確な5マイクロリットルの測定が必要だった。,例文の原形主語整合化
27904,superinfection,C2,C2,重複感染,重複感染,/superinfections/,/superinfections/,The patient developed superinfections during treatment.,The patient developed superinfection during treatment.,患者は治療中に重複感染を発症した。,患者は治療中に重複感染を発症した。,例文の原形主語整合化
27908,aquaporin,C2,C2,アクアポリン,アクアポリン,/aquaporin/,/aquaporin/,Aquaporins are proteins that facilitate water transport across cell membranes.,aquaporin are proteins that facilitate water transport across cell membranes.,アクアポリンは細胞膜を介した水の輸送を促進するタンパク質です。,アクアポリンは細胞膜を介した水の輸送を促進するタンパク質です。,例文の原形主語整合化
27919,melanocortin,C2,C2,メラノコルチン,メラノコルチン,/melanocortin/,/melanocortin/,Melanocortins are a group of peptide hormones.,melanocortin are a group of peptide hormones.,メラノコルチンはペプチドホルモンの一群である。,メラノコルチンはペプチドホルモンの一群である。,例文の原形主語整合化
27951,glycosaminoglycan,C2,C2,グリコサミノグリカン,グリコサミノグリカン,/glycosaminoglycan/,/glycosaminoglycan/,Glycosaminoglycans are components of the extracellular matrix.,glycosaminoglycan are components of the extracellular matrix.,グリコサミノグリカンは細胞外マトリックスの成分である。,グリコサミノグリカンは細胞外マトリックスの成分である。,例文の原形主語整合化
27964,cardiomyocyte,C2,C2,心筋細胞,心筋細胞,/cardiomyocyte/,/cardiomyocyte/,Cardiomyocytes are responsible for the contractions of the heart.,cardiomyocyte are responsible for the contractions of the heart.,心筋細胞は、心臓の収縮を担っています。,心筋細胞は、心臓の収縮を担っています。,例文の原形主語整合化
27980,siderophore,C2,C2,シデロフォア,シデロフォア,/siderophore/,/siderophore/,"Siderophores are small, high-affinity iron-chelating compounds secreted by microorganisms.","siderophore are small, high-affinity iron-chelating compounds secreted by microorganisms.",シデロフォアは、微生物によって分泌される、小さい高親和性の鉄キレート化合物です。,シデロフォアは、微生物によって分泌される、小さい高親和性の鉄キレート化合物です。,例文の原形主語整合化
28001,ligate,C2,C2,結合する、連結する,結合する、連結する,/ligate/,/ligate/,The enzyme ligates the two fragments of DNA.,The enzyme ligate the two fragments of DNA.,その酵素はDNAの2つの断片を連結する。,その酵素はDNAの2つの断片を連結する。,例文の原形主語整合化
28022,editorialist,C2,C2,社説記者,社説記者,/ˌɛdəˈtɔriəlɪsts/,/ˌedətˈɔːriːəlɪst/,The editorialists often have strong opinions on current affairs.,The editorialist often have strong opinions on current affairs.,社説記者たちはしばしば時事問題について強い意見を持っている。,社説記者たちはしばしば時事問題について強い意見を持っている。,屈折IPAの原形化 / 例文の原形主語整合化
28025,etymologist,C2,C2,語源学者,語源学者,/etymologists/,/etymologists/,Etymologists study the origins of words.,etymologist study the origins of words.,語源学者は単語の起源を研究する。,語源学者は単語の起源を研究する。,例文の原形主語整合化
28030,microstate,C2,C2,微視的状態,微視的状態,/microstate/,/microstate/,The system has multiple microstates.,The system has multiple microstate.,そのシステムは複数の微視的状態を持つ。,そのシステムは複数の微視的状態を持つ。,例文の原形主語整合化
28036,pseudopod,C2,C2,仮足,仮足,/pseudopods/,/pseudopods/,Amoebas use pseudopods to move.,Amoebas use pseudopod to move.,アメーバは移動するために仮足を使用する。,アメーバは移動するために仮足を使用する。,例文の原形主語整合化
28062,striver,C2,C2,努力家、野心家,努力家、野心家,/strivers/,/strivers/,The company values strivers who work hard to succeed.,The company values striver who work hard to succeed.,その会社は成功するために一生懸命働く努力家を評価している。,その会社は成功するために一生懸命働く努力家を評価している。,例文の原形主語整合化
28065,vicissitude,C2,C2,変遷、浮き沈み,変遷、浮き沈み,/vɪˈsɪsɪtudz/,/vˌɪsˈɪsɪtuːd/,The company has faced many vicissitudes throughout its history.,The company has faced many vicissitude throughout its history.,その会社は、その歴史を通じて多くの変遷に直面してきた。,その会社は、その歴史を通じて多くの変遷に直面してきた。,屈折IPAの原形化 / 例文の原形主語整合化
28082,micropayment,C2,C2,マイクロペイメント,マイクロペイメント,/micropayment/,/micropayment/,Many online services use micropayments for small transactions.,Many online services use micropayment for small transactions.,多くのオンラインサービスは、少額の取引にマイクロペイメントを利用しています。,多くのオンラインサービスは、少額の取引にマイクロペイメントを利用しています。,例文の原形主語整合化
28084,phytoestrogen,C2,C2,植物エストロゲン,植物エストロゲン,/phytoestrogen/,/phytoestrogen/,Phytoestrogens can have hormone-like effects.,phytoestrogen can have hormone-like effects.,植物エストロゲンはホルモン様の効果を持つ可能性がある。,植物エストロゲンはホルモン様の効果を持つ可能性がある。,例文の原形主語整合化
28086,reticulocyte,C2,C2,網状赤血球,網状赤血球,/reticulocyte/,/reticulocyte/,Reticulocytes are immature red blood cells.,reticulocyte are immature red blood cells.,網状赤血球は未成熟な赤血球である。,網状赤血球は未成熟な赤血球である。,例文の原形主語整合化
28120,conformer,C2,C2,コンフォーマー,コンフォーマー,/kəˈnfɔrmər/,/kəˈnfɔrmər/,The protein can adopt different conformers.,The protein can adopt different conformer.,そのタンパク質は異なるコンフォーマーをとることができる。,そのタンパク質は異なるコンフォーマーをとることができる。,例文の原形主語整合化
28159,porin,C2,C2,ポリン,ポリン,/porin/,/porin/,Porins allow the passage of small molecules across cell membranes.,porin allow the passage of small molecules across cell membranes.,ポリンは細胞膜を横切る小さな分子の通過を可能にする。,ポリンは細胞膜を横切る小さな分子の通過を可能にする。,例文の原形主語整合化
28199,knickknack,C2,C2,小物,小物,/ˈnɪˌknæks/,/nˈɪknˌæk/,The shelves were filled with knickknacks.,The shelves were filled with knickknack.,棚は小物でいっぱいだった。,棚は小物でいっぱいだった。,屈折IPAの原形化 / 例文の原形主語整合化
28209,sendup,C2,C2,パロディ、風刺,パロディ、風刺,/sendups/,/sendups/,The show was full of sendups of famous people.,The show was full of sendup of famous people.,その番組は有名人のパロディで溢れていた。,その番組は有名人のパロディで溢れていた。,例文の原形主語整合化
28211,antiandrogen,C2,C2,抗アンドロゲン,抗アンドロゲン,/antiandrogen/,/antiandrogen/,Antiandrogens are used to treat certain hormonal disorders.,antiandrogen are used to treat certain hormonal disorders.,抗アンドロゲンは特定のホルモン障害の治療に使用されます。,抗アンドロゲンは特定のホルモン障害の治療に使用されます。,例文の原形主語整合化
28227,rudiment,C2,C2,"基本,初歩","基本,初歩",/ˈruːdɪmənts/,/rˈuːdɪmənt/,You need to learn the rudiments of grammar before writing.,You need to learn the rudiment of grammar before writing.,書く前に、文法の基本を学ぶ必要があります。,書く前に、文法の基本を学ぶ必要があります。,屈折IPAの原形化 / 例文の原形主語整合化
28254,thymocyte,C2,C2,胸腺細胞,胸腺細胞,/thymocyte/,/thymocyte/,Thymocytes develop into mature T cells in the thymus.,thymocyte develop into mature T cells in the thymus.,胸腺細胞は胸腺で成熟したT細胞に発達します。,胸腺細胞は胸腺で成熟したT細胞に発達します。,例文の原形主語整合化
28257,chlorofluorocarbon,C2,C2,クロロフルオロカーボン,クロロフルオロカーボン,/ˈklɔroʊˈflɔroʊˈkɑrbɑnz/,/klɔːroʊflˌɔːroʊkˈɑːrbɑːn/,Chlorofluorocarbons are harmful to the ozone layer.,chlorofluorocarbon are harmful to the ozone layer.,クロロフルオロカーボンはオゾン層に有害である。,クロロフルオロカーボンはオゾン層に有害である。,屈折IPAの原形化 / 例文の原形主語整合化
28266,metalloprotease,C2,C2,メタロプロテアーゼ,メタロプロテアーゼ,/metalloprotease/,/metalloprotease/,Metalloproteases are enzymes that cleave proteins.,metalloprotease are enzymes that cleave proteins.,メタロプロテアーゼはタンパク質を切断する酵素である。,メタロプロテアーゼはタンパク質を切断する酵素である。,例文の原形主語整合化
28298,plaudit,C2,C2,称賛,称賛,/ˈplɔdɪts/,/plˈɔːdɪt/,The performance earned him great plaudits.,The performance earned him great plaudit.,その演技は彼に大きな称賛をもたらした。,その演技は彼に大きな称賛をもたらした。,屈折IPAの原形化 / 例文の原形主語整合化
28303,throe,C2,C2,苦痛、激痛,苦痛、激痛,/ˈθroʊz/,/ˈθroʊz/,He was in the throes of a severe illness.,He was in the throe of a severe illness.,彼は重病の苦痛の中にいた。,私は重病の苦痛の中にいた。,例文の原形主語整合化
28313,fibroadenoma,C2,C2,線維腺腫,線維腺腫,/fibroadenomas/,/fibroadenomas/,Fibroadenomas are common benign breast tumors.,fibroadenoma are common benign breast tumors.,線維腺腫は一般的な良性の乳房腫瘍です。,線維腺腫は一般的な良性の乳房腫瘍です。,例文の原形主語整合化
28326,autosome,C2,C2,常染色体,常染色体,/autosomes/,/autosomes/,Humans have 22 pairs of autosomes.,Humans have 22 pairs of autosome.,人間は22対の常染色体を持っています。,人間は22対の常染色体を持っています。,例文の原形主語整合化
28338,permease,C2,C2,透過酵素,透過酵素,/permease/,/permease/,Permeases are membrane proteins that transport specific molecules across cell membranes.,permease are membrane proteins that transport specific molecules across cell membranes.,透過酵素は、細胞膜を横切って特定の分子を輸送する膜タンパク質です。,透過酵素は、細胞膜を横切って特定の分子を輸送する膜タンパク質です。,例文の原形主語整合化
28350,neuroblast,C2,C2,神経芽細胞,神経芽細胞,/neuroblast/,/neuroblast/,Neuroblasts are precursor cells to neurons.,neuroblast are precursor cells to neurons.,神経芽細胞はニューロンの前駆細胞である。,神経芽細胞はニューロンの前駆細胞である。,例文の原形主語整合化
28363,blastomere,C2,C2,割球,割球,/blastomeres/,/blastomeres/,Blastomeres are the cells produced during cleavage of a fertilized egg.,blastomere are the cells produced during cleavage of a fertilized egg.,割球は、受精卵の卵割中に生成される細胞です。,割球は、受精卵の卵割中に生成される細胞です。,例文の原形主語整合化
28367,endospore,C2,C2,内生胞子,内生胞子,/endospores/,/endospores/,Endospores are resistant to harsh environmental conditions.,endospore are resistant to harsh environmental conditions.,内生胞子は、過酷な環境条件に耐性がある。,内生胞子は、過酷な環境条件に耐性がある。,例文の原形主語整合化
28411,oligopeptide,C2,C2,オリゴペプチド,オリゴペプチド,/oligopeptide/,/oligopeptide/,Oligopeptides are composed of a few amino acids.,oligopeptide are composed of a few amino acids.,オリゴペプチドは少数のアミノ酸から構成されています。,オリゴペプチドは少数のアミノ酸から構成されています。,例文の原形主語整合化
28416,actinomycete,C2,C2,放線菌,放線菌,/actinomycetes/,/actinomycetes/,Actinomycetes are a type of bacteria found in soil.,actinomycete are a type of bacteria found in soil.,放線菌は土壌に見られる細菌の一種である。,放線菌は土壌に見られる細菌の一種である。,例文の原形主語整合化
28435,vagary,C2,C2,気まぐれ,気まぐれ,/ˈveɪɡəriz/,/vˈeɪɡɚiː/,The vagaries of the weather made planning difficult.,The vagaries of the weather made planning difficult.,天候の気まぐれさのせいで計画を立てるのが困難になった。,天候の気まぐれさのせいで計画を立てるのが困難になった。,屈折IPAの原形化
28450,snrna,C2,C2,snRNA,snRNA,/snrna/,/snrna/,snRNAs are small nuclear RNAs that are involved in pre-mRNA splicing.,snrna are small nuclear RNAs that are involved in pre-mRNA splicing.,snRNAは、プレmRNAのスプライシングに関与する低分子核内RNAです。,snRNAは、プレmRNAのスプライシングに関与する低分子核内RNAです。,例文の原形主語整合化
28464,glycopeptide,C2,C2,糖ペプチド,糖ペプチド,/glycopeptide/,/glycopeptide/,Glycopeptides are important components of the cell wall.,glycopeptide are important components of the cell wall.,糖ペプチドは細胞壁の重要な構成要素である。,糖ペプチドは細胞壁の重要な構成要素である。,例文の原形主語整合化
28482,anglicism,C2,C2,英語的表現,英語的表現,/anglicisms/,/anglicisms/,His speech was full of anglicisms.,His speech was full of anglicism.,彼のスピーチは英語的表現でいっぱいだった。,彼のスピーチは英語的表現でいっぱいだった。,例文の原形主語整合化
28484,homograph,C2,C2,同形異義語,同形異義語,/homographs/,/homographs/,'Lead' and 'lead' are examples of homographs.,'Lead' and 'lead' are examples of homograph.,「lead」と「lead」は同形異義語の例です。,「lead」と「lead」は同形異義語の例です。,例文の原形主語整合化
28497,headword,C2,C2,見出し語,見出し語,/headwords/,/headwords/,The dictionary includes many headwords.,The dictionary includes many headword.,その辞書には多くの見出し語が含まれている。,その辞書には多くの見出し語が含まれている。,例文の原形主語整合化
28522,retrotransposon,C2,C2,レトロトランスポゾン,レトロトランスポゾン,/retrotransposon/,/retrotransposon/,Retrotransposons are mobile genetic elements that move through an RNA intermediate.,retrotransposon are mobile genetic elements that move through an RNA intermediate.,レトロトランスポゾンは、RNA中間体を介して移動する移動性遺伝因子です。,レトロトランスポゾンは、RNA中間体を介して移動する移動性遺伝因子です。,例文の原形主語整合化
28528,autoantigen,C2,C2,自己抗原,自己抗原,/autoantigen/,/autoantigen/,Autoantigens can be involved in autoimmune diseases.,autoantigen can be involved in autoimmune diseases.,自己抗原は自己免疫疾患に関与する可能性がある。,自己抗原は自己免疫疾患に関与する可能性がある。,例文の原形主語整合化
28553,polysome,C2,C2,ポリソーム,ポリソーム,/polysome/,/polysome/,Polysomes are clusters of ribosomes that translate mRNA.,polysome are clusters of ribosomes that translate mRNA.,ポリソームはmRNAを翻訳するリボソームのクラスターである。,ポリソームはmRNAを翻訳するリボソームのクラスターである。,例文の原形主語整合化
28628,fulmination,C2,C2,激しい非難、爆発,激しい非難、爆発,/fulminations/,/fulminations/,He launched into fulminations against the government.,He launched into fulmination against the government.,彼は政府に対して激しい非難を始めた。,私は政府に対して激しい非難を始めた。,例文の原形主語整合化
28639,timepoint,C2,C2,時点,時点,/timepoint/,/timepoint/,The data was collected at various timepoints.,The data was collected at various timepoint.,データは様々な時点で収集された。,データは様々な時点で収集された。,例文の原形主語整合化
28648,photomicrograph,C2,C2,顕微鏡写真,顕微鏡写真,/photomicrographs/,/photomicrographs/,Photomicrographs were used to analyze cell morphology.,photomicrograph were used to analyze cell morphology.,顕微鏡写真は細胞の形態を分析するために使用された。,顕微鏡写真は細胞の形態を分析するために使用された。,例文の原形主語整合化
28674,enterocyte,C2,C2,腸細胞,腸細胞,/enterocyte/,/enterocyte/,Enterocytes absorb nutrients in the small intestine.,enterocyte absorb nutrients in the small intestine.,腸細胞は小腸で栄養を吸収する。,腸細胞は小腸で栄養を吸収する。,例文の原形主語整合化
28703,oomycete,C2,C2,卵菌,卵菌,/oomycete/,/oomycete/,Oomycetes are a group of fungal-like eukaryotic microorganisms.,oomycete are a group of fungal-like eukaryotic microorganisms.,卵菌は真菌様の真核微生物のグループです。,卵菌は真菌様の真核微生物のグループです。,例文の原形主語整合化
28709,phytohormone,C2,C2,植物ホルモン,植物ホルモン,/phytohormones/,/phytohormones/,Phytohormones regulate plant growth and development.,phytohormone regulate plant growth and development.,植物ホルモンは植物の成長と発達を調節する。,植物ホルモンは植物の成長と発達を調節する。,例文の原形主語整合化
28711,vasopressor,C2,C2,昇圧薬,昇圧薬,/vasopressors/,/vasopressors/,Vasopressors are used to increase blood pressure.,vasopressor are used to increase blood pressure.,昇圧薬は血圧を上昇させるために使用されます。,昇圧薬は血圧を上昇させるために使用されます。,例文の原形主語整合化
28874,basepair,C2,C2,塩基対,塩基対,/basepair/,/basepair/,The DNA sequence consists of many basepairs.,The DNA sequence consists of many basepair.,DNA配列は多くの塩基対で構成されている。,DNA配列は多くの塩基対で構成されている。,例文の原形主語整合化
28920,blandishment,C2,C2,甘言,甘言,/ˈblændɪʃmənts/,/blˈændɪʃmənt/,They tried to persuade him with blandishments.,They tried to persuade him with blandishment.,彼らは甘言で彼を説得しようとした。,彼らは甘言で彼を説得しようとした。,屈折IPAの原形化 / 例文の原形主語整合化
28942,briticism,C2,C2,イギリス的な言い回し,イギリス的な言い回し,/briticisms/,/briticisms/,The essay was full of briticisms.,The essay was full of briticism.,そのエッセイはイギリス的な言い回しでいっぱいでした。,そのエッセイはイギリス的な言い回しでいっぱいでした。,例文の原形主語整合化
28988,cavedweller,C2,C2,洞窟居住者,洞窟居住者,/cavedweller/,/cavedweller/,Cavedwellers often leave behind valuable archaeological artifacts.,cavedweller often leave behind valuable archaeological artifacts.,洞窟居住者はしばしば貴重な考古学的遺物を残す。,洞窟居住者はしばしば貴重な考古学的遺物を残す。,例文の原形主語整合化
29095,conferee,C2,C2,会議参加者,会議参加者,/ˌkɑnfərˈiːz/,/kˌɑːnfɚˈiː/,The conferees discussed important issues.,The conferee discussed important issues.,会議参加者たちは重要な問題について話し合った。,会議参加者たちは重要な問題について話し合った。,屈折IPAの原形化 / 例文の原形主語整合化
29141,crossbridge,C2,C2,クロスブリッジ,クロスブリッジ,/crossbridge/,/crossbridge/,Crossbridges are important for muscle contraction.,crossbridge are important for muscle contraction.,クロスブリッジは筋肉の収縮に重要です。,クロスブリッジは筋肉の収縮に重要です。,例文の原形主語整合化
29387,exoenzyme,C2,C2,細胞外酵素,細胞外酵素,/exoenzyme/,/exoenzyme/,Exoenzymes are released by cells to break down macromolecules.,exoenzyme are released by cells to break down macromolecules.,細胞外酵素は、高分子を分解するために細胞によって放出される。,細胞外酵素は、高分子を分解するために細胞によって放出される。,例文の原形主語整合化
29528,gonadotrope,C2,C2,ゴナドトロープ,ゴナドトロープ,/gonadotrope/,/gonadotrope/,Gonadotropes secrete hormones involved in reproductive function.,gonadotrope secrete hormones involved in reproductive function.,ゴナドトロープは、生殖機能に関与するホルモンを分泌します。,ゴナドトロープは、生殖機能に関与するホルモンを分泌します。,例文の原形主語整合化
29547,grockle,C2,C2,観光客,観光客,/grockle/,/grockle/,The locals often refer to tourists as grockles.,The locals often refer to tourists as grockle.,地元民は観光客をしばしばグロッケルと呼ぶ。,地元民は観光客をしばしばグロッケルと呼ぶ。,例文の原形主語整合化
29614,heteronym,C2,C2,同綴異音異義語,同綴異音異義語,/heteronyms/,/heteronyms/,The English language has many heteronyms.,The English language has many heteronym.,英語には多くの同綴異音異義語がある。,英語には多くの同綴異音異義語がある。,例文の原形主語整合化
29743,insectotoxin,C2,C2,昆虫毒,昆虫毒,/insectotoxin/,/insectotoxin/,Insectotoxins are used in pest control.,insectotoxin are used in pest control.,昆虫毒は害虫駆除に使用されます。,昆虫毒は害虫駆除に使用されます。,例文の原形主語整合化
29911,lymphoblast,C2,C2,リンパ芽球,リンパ芽球,/ˌlɪmfəˈblæst/,/ˌlɪmfəˈblæst/,Lymphoblasts are immature lymphocytes.,lymphoblast are immature lymphocytes.,リンパ芽球は未熟なリンパ球である。,リンパ芽球は未熟なリンパ球である。,例文の原形主語整合化
29916,macrofiber,C2,C2,マクロファイバー,マクロファイバー,/macrofiber/,/macrofiber/,Macrofibers are used in reinforced concrete.,macrofiber are used in reinforced concrete.,マクロファイバーは鉄筋コンクリートに使用されている。,マクロファイバーは鉄筋コンクリートに使用されている。,例文の原形主語整合化
29951,merozoite,C2,C2,メロゾイト,メロゾイト,/merozoite/,/merozoite/,Merozoites are the mobile asexual stage in the life cycle of some parasites.,merozoite are the mobile asexual stage in the life cycle of some parasites.,メロゾイトは、一部の寄生虫のライフサイクルにおける移動性無性段階です。,メロゾイトは、一部の寄生虫のライフサイクルにおける移動性無性段階です。,例文の原形主語整合化
29979,microsome,C2,C2,ミクロソーム,ミクロソーム,/microsomes/,/microsomes/,Microsomes are used in drug metabolism studies.,microsome are used in drug metabolism studies.,ミクロソームは薬物代謝研究で使用される。,ミクロソームは薬物代謝研究で使用される。,例文の原形主語整合化
30002,minisatellite,C2,C2,ミニサテライト,ミニサテライト,/minisatellite/,/minisatellite/,Minisatellites are repetitive DNA sequences.,minisatellite are repetitive DNA sequences.,ミニサテライトは反復的なDNA配列である。,ミニサテライトは反復的なDNA配列である。,例文の原形主語整合化
30055,myofibroblast,C2,C2,筋線維芽細胞,筋線維芽細胞,/myofibroblast/,/myofibroblast/,Myofibroblasts contribute to wound healing.,myofibroblast contribute to wound healing.,筋線維芽細胞は創傷治癒に貢献します。,筋線維芽細胞は創傷治癒に貢献します。,例文の原形主語整合化
30056,myotube,C2,C2,筋管,筋管,/myotube/,/myotube/,Myotubes are formed during muscle development.,myotube are formed during muscle development.,筋管は筋肉の発達中に形成される。,筋管は筋肉の発達中に形成される。,例文の原形主語整合化
30242,orthologue,C2,C2,オルソログ,オルソログ,/orthologue/,/orthologue/,Orthologues are genes in different species that evolved from a common ancestor.,orthologue are genes in different species that evolved from a common ancestor.,オルソログは共通の祖先から進化した異なる種の遺伝子です。,オルソログは共通の祖先から進化した異なる種の遺伝子です。,例文の原形主語整合化
30256,oxyanion,C2,C2,オキソアニオン,オキソアニオン,/oxyanion/,/oxyanion/,Oxyanions are common in chemistry.,oxyanion are common in chemistry.,オキソアニオンは化学で一般的である。,オキソアニオンは化学で一般的である。,例文の原形主語整合化
30304,phosphosite,C2,C2,リン酸化部位,リン酸化部位,/phosphosite/,/phosphosite/,The protein has multiple phosphosites that regulate its function.,The protein has multiple phosphosite that regulate its function.,そのタンパク質には、機能を調節する複数のリン酸化部位がある。,そのタンパク質には、機能を調節する複数のリン酸化部位がある。,例文の原形主語整合化
30449,protofilament,C2,C2,プロトフィラメント,プロトフィラメント,/protofilament/,/protofilament/,Protofilaments are the building blocks of microtubules.,protofilament are the building blocks of microtubules.,プロトフィラメントは微小管の構成要素である。,プロトフィラメントは微小管の構成要素である。,例文の原形主語整合化
30451,protomer,C2,C2,プロトマー,プロトマー,/protomer/,/protomer/,The protein is composed of two protomers.,The protein is composed of two protomer.,そのタンパク質は2つのプロトマーから構成されている。,そのタンパク質は2つのプロトマーから構成されている。,例文の原形主語整合化
30453,protooncogene,C2,C2,プロトオンコジーン,プロトオンコジーン,/protooncogene/,/protooncogene/,Protooncogenes are normal genes that can become oncogenes when mutated.,protooncogene are normal genes that can become oncogenes when mutated.,プロトオンコジーンは、変異すると癌遺伝子になる可能性のある正常な遺伝子です。,プロトオンコジーンは、変異すると癌遺伝子になる可能性のある正常な遺伝子です。,例文の原形主語整合化
30460,pseudokinase,C2,C2,偽キナーゼ,偽キナーゼ,/pseudokinase/,/pseudokinase/,Pseudokinases share sequence similarity to kinases but lack catalytic activity.,pseudokinase share sequence similarity to kinases but lack catalytic activity.,偽キナーゼはキナーゼと配列の類似性を共有しますが、触媒活性を欠いています。,偽キナーゼはキナーゼと配列の類似性を共有しますが、触媒活性を欠いています。,例文の原形主語整合化
30537,retroelement,C2,C2,レトロエレメント,レトロエレメント,/retroelement/,/retroelement/,Retroelements are mobile genetic elements that move through an RNA intermediate.,retroelement are mobile genetic elements that move through an RNA intermediate.,レトロエレメントはRNA中間体を通して移動する可動性遺伝要素である。,レトロエレメントはRNA中間体を通して移動する可動性遺伝要素である。,例文の原形主語整合化
30544,rexinoid,C2,C2,レチノイドX受容体作動薬,レチノイドX受容体作動薬,/rexinoid/,/rexinoid/,Rexinoids activate retinoid X receptors.,rexinoid activate retinoid X receptors.,レチノイドX受容体作動薬はレチノイドX受容体を活性化する。,レチノイドX受容体作動薬はレチノイドX受容体を活性化する。,例文の原形主語整合化
30733,silique,C2,C2,長角果,長角果,/siliques/,/siliques/,Siliques are dry dehiscent fruits with two carpels.,silique are dry dehiscent fruits with two carpels.,長角果は、2つの心皮を持つ乾燥した裂開性の果実です。,長角果は、2つの心皮を持つ乾燥した裂開性の果実です。,例文の原形主語整合化
30749,sirenian,C2,C2,海牛類,海牛類,/sirenians/,/sirenians/,Manatees and dugongs are sirenians.,Manatees and dugongs are sirenian.,マナティーとジュゴンは海牛類である。,マナティーとジュゴンは海牛類である。,例文の原形主語整合化
30765,smaltz,C2,C2,感傷的なお涙頂戴,感傷的なお涙頂戴,/ˈsmælts/,/smˈælts/,The movie was criticized for its smaltz and predictable plot.,The movie was criticized for its smaltz and predictable plot.,その映画は、感傷的なお涙頂戴と予測可能な筋書きで批判された。,その映画は、感傷的なお涙頂戴と予測可能な筋書きで批判された。,屈折IPAの原形化
30783,spermatid,C2,C2,精細胞,精細胞,/spermatids/,/spermatids/,Spermatids develop into mature sperm cells.,spermatid develop into mature sperm cells.,精細胞は成熟した精子細胞に発達する。,精細胞は成熟した精子細胞に発達する。,例文の原形主語整合化
30784,spermatocyte,C2,C2,精母細胞,精母細胞,/spermatocytes/,/spermatocytes/,Spermatocytes are cells that give rise to sperm.,spermatocyte are cells that give rise to sperm.,精母細胞は、精子を生成する細胞です。,精母細胞は、精子を生成する細胞です。,例文の原形主語整合化
30787,splenocyte,C2,C2,脾細胞,脾細胞,/splenocyte/,/splenocyte/,Splenocytes are white blood cells found in the spleen.,splenocyte are white blood cells found in the spleen.,脾細胞は脾臓で見られる白血球である。,脾細胞は脾臓で見られる白血球である。,例文の原形主語整合化
30824,subclone,C2,C2,サブクローン,サブクローン,/subclone/,/subclone/,The cells were analyzed using subclones of the original cell line.,The cells were analyzed using subclone of the original cell line.,細胞は元の細胞株のサブクローンを使用して分析された。,細胞は元の細胞株のサブクローンを使用して分析された。,例文の原形主語整合化
30840,superantigen,C2,C2,スーパー抗原,スーパー抗原,/superantigen/,/superantigen/,Superantigens can cause a strong immune response.,superantigen can cause a strong immune response.,スーパー抗原は強い免疫反応を引き起こす可能性がある。,スーパー抗原は強い免疫反応を引き起こす可能性がある。,例文の原形主語整合化
30884,tetraspanin,C2,C2,テトラスパニン,テトラスパニン,/tetraspanin/,/tetraspanin/,Tetraspanins are membrane proteins with four transmembrane domains.,tetraspanin are membrane proteins with four transmembrane domains.,テトラスパニンは4つの膜貫通ドメインを持つ膜タンパク質である。,テトラスパニンは4つの膜貫通ドメインを持つ膜タンパク質である。,例文の原形主語整合化
30888,theatergoer,C2,C2,劇場観客,劇場観客,/ˈθiːtərɡoʊərz/,/θˈiːtɚɡoʊɚ/,The theatergoers enjoyed the play.,The theatergoer enjoyed the play.,劇場観客は劇を楽しんだ。,劇場観客は劇を楽しんだ。,屈折IPAの原形化 / 例文の原形主語整合化
30962,tubeworm,C2,C2,チューブワーム,チューブワーム,/tubeworm/,/tubeworm/,Tubeworms are found in the deep sea near hydrothermal vents.,tubeworm are found in the deep sea near hydrothermal vents.,チューブワームは、熱水噴出孔近くの深海で見られる。,チューブワームは、熱水噴出孔近くの深海で見られる。,例文の原形主語整合化
31018,venule,C2,C2,細静脈,細静脈,/venules/,/venules/,Venules carry blood from capillaries to veins.,venule carry blood from capillaries to veins.,細静脈は毛細血管から静脈に血液を運びます。,細静脈は毛細血管から静脈に血液を運びます。,例文の原形主語整合化
